id,quality_grade,url,image_url,species_guess,scientific_name,common_name
8788660,research,https://www.inaturalist.org/observations/8788660,https://inaturalist-open-data.s3.amazonaws.com/photos/11796983/medium.jpg,Mallard,Anas platyrhynchos,Кряква
11446687,research,https://www.inaturalist.org/observations/11446687,https://inaturalist-open-data.s3.amazonaws.com/photos/16329151/medium.jpg,Кряква,Anas platyrhynchos,Кряква
12887544,research,https://www.inaturalist.org/observations/12887544,https://static.inaturalist.org/photos/18712367/medium.jpg,Canard colvert,Anas platyrhynchos,Кряква
13050486,research,https://www.inaturalist.org/observations/13050486,https://inaturalist-open-data.s3.amazonaws.com/photos/18998054/medium.jpg,Mallard,Anas platyrhynchos,Кряква
13647029,research,https://www.inaturalist.org/observations/13647029,https://static.inaturalist.org/photos/20091128/medium.jpeg,Mallard,Anas platyrhynchos,Кряква
14067376,research,https://www.inaturalist.org/observations/14067376,https://inaturalist-open-data.s3.amazonaws.com/photos/20821655/medium.jpeg,Mallard,Anas platyrhynchos,Кряква
18090326,research,https://www.inaturalist.org/observations/18090326,https://static.inaturalist.org/photos/27658172/medium.jpg,Кряква,Anas platyrhynchos,Кряква
18692443,research,https://www.inaturalist.org/observations/18692443,https://inaturalist-open-data.s3.amazonaws.com/photos/28618346/medium.jpg,Germano reale,Anas platyrhynchos,Кряква
19706856,research,https://www.inaturalist.org/observations/19706856,https://inaturalist-open-data.s3.amazonaws.com/photos/30358877/medium.jpg,Кряква,Anas platyrhynchos,Кряква
19707022,research,https://www.inaturalist.org/observations/19707022,https://inaturalist-open-data.s3.amazonaws.com/photos/30359177/medium.jpg,Canard colvert,Anas platyrhynchos,Кряква
19991094,research,https://www.inaturalist.org/observations/19991094,https://inaturalist-open-data.s3.amazonaws.com/photos/30854150/medium.jpg,Кряква,Anas platyrhynchos,Кряква
21000174,research,https://www.inaturalist.org/observations/21000174,https://inaturalist-open-data.s3.amazonaws.com/photos/32433676/medium.jpeg,Кряква,Anas platyrhynchos,Кряква
21453778,research,https://www.inaturalist.org/observations/21453778,https://inaturalist-open-data.s3.amazonaws.com/photos/33192399/medium.jpeg,Germano reale,Anas platyrhynchos,Кряква
21453780,research,https://www.inaturalist.org/observations/21453780,https://inaturalist-open-data.s3.amazonaws.com/photos/33192410/medium.jpeg,Кряква,Anas platyrhynchos,Кряква
21453813,research,https://www.inaturalist.org/observations/21453813,https://inaturalist-open-data.s3.amazonaws.com/photos/33192824/medium.jpeg,Кряква,Anas platyrhynchos,Кряква
22478180,research,https://www.inaturalist.org/observations/22478180,https://inaturalist-open-data.s3.amazonaws.com/photos/34820346/medium.jpg,Canard colvert,Anas platyrhynchos,Кряква
22808021,research,https://www.inaturalist.org/observations/22808021,https://inaturalist-open-data.s3.amazonaws.com/photos/35350035/medium.jpg,Stockente,Anas platyrhynchos,Кряква
24922894,research,https://www.inaturalist.org/observations/24922894,https://inaturalist-open-data.s3.amazonaws.com/photos/38555667/medium.jpeg,Pato-real,Anas platyrhynchos,Кряква
25434295,research,https://www.inaturalist.org/observations/25434295,https://static.inaturalist.org/photos/39392922/medium.jpg,Mallard,Anas platyrhynchos,Кряква
25434312,research,https://www.inaturalist.org/observations/25434312,https://static.inaturalist.org/photos/39392970/medium.jpg,Germano reale,Anas platyrhynchos,Кряква
28347822,research,https://www.inaturalist.org/observations/28347822,https://inaturalist-open-data.s3.amazonaws.com/photos/44184872/medium.jpg,Germano reale,Anas platyrhynchos,Кряква
28724097,research,https://www.inaturalist.org/observations/28724097,https://static.inaturalist.org/photos/44795437/medium.jpeg,Germano reale,Anas platyrhynchos,Кряква
28724098,research,https://www.inaturalist.org/observations/28724098,https://static.inaturalist.org/photos/44795464/medium.jpeg,Germano reale,Anas platyrhynchos,Кряква
28724817,research,https://www.inaturalist.org/observations/28724817,https://static.inaturalist.org/photos/44796665/medium.jpeg,Germano reale,Anas platyrhynchos,Кряква
30092432,research,https://www.inaturalist.org/observations/30092432,https://static.inaturalist.org/photos/46994848/medium.jpeg,Domestic Mallard,Anas platyrhynchos domesticus,Домашняя утка
30924452,research,https://www.inaturalist.org/observations/30924452,https://static.inaturalist.org/photos/48347987/medium.jpg,Stockente,Anas platyrhynchos,Кряква
31387517,research,https://www.inaturalist.org/observations/31387517,https://inaturalist-open-data.s3.amazonaws.com/photos/49120332/medium.jpg,Mallard,Anas platyrhynchos,Кряква
32096614,research,https://www.inaturalist.org/observations/32096614,https://inaturalist-open-data.s3.amazonaws.com/photos/50308513/medium.jpg,Lavanco,Anas platyrhynchos,Кряква
33303353,research,https://www.inaturalist.org/observations/33303353,https://inaturalist-open-data.s3.amazonaws.com/photos/52298409/medium.jpeg,Lavanco,Anas platyrhynchos,Кряква
33792313,research,https://www.inaturalist.org/observations/33792313,https://inaturalist-open-data.s3.amazonaws.com/photos/53111772/medium.jpg,Lavanco,Anas platyrhynchos,Кряква
33792314,research,https://www.inaturalist.org/observations/33792314,https://inaturalist-open-data.s3.amazonaws.com/photos/53111778/medium.jpg,Foulque macroule,Fulica atra,Лысуха
33792315,research,https://www.inaturalist.org/observations/33792315,https://inaturalist-open-data.s3.amazonaws.com/photos/53111783/medium.jpg,Lavanco,Anas platyrhynchos,Кряква
33792316,research,https://www.inaturalist.org/observations/33792316,https://inaturalist-open-data.s3.amazonaws.com/photos/53111788/medium.jpg,Lavanco,Anas platyrhynchos,Кряква
33819636,research,https://www.inaturalist.org/observations/33819636,https://inaturalist-open-data.s3.amazonaws.com/photos/53158408/medium.jpg,Lavanco,Anas platyrhynchos,Кряква
33819638,research,https://www.inaturalist.org/observations/33819638,https://inaturalist-open-data.s3.amazonaws.com/photos/53158420/medium.jpg,Lavanco,Anas platyrhynchos,Кряква
33819639,research,https://www.inaturalist.org/observations/33819639,https://inaturalist-open-data.s3.amazonaws.com/photos/53158434/medium.jpg,Lavanco,Anas platyrhynchos,Кряква
33819641,research,https://www.inaturalist.org/observations/33819641,https://inaturalist-open-data.s3.amazonaws.com/photos/53158445/medium.jpg,Lavanco,Anas platyrhynchos,Кряква
34078923,research,https://www.inaturalist.org/observations/34078923,https://inaturalist-open-data.s3.amazonaws.com/photos/53588872/medium.jpg,canard domestique,Anas platyrhynchos domesticus,Домашняя утка
34628375,research,https://www.inaturalist.org/observations/34628375,https://inaturalist-open-data.s3.amazonaws.com/photos/54518132/medium.jpg,canard domestique,Anas platyrhynchos domesticus,Домашняя утка
35481574,research,https://www.inaturalist.org/observations/35481574,https://inaturalist-open-data.s3.amazonaws.com/photos/55950853/medium.jpeg,Кряква,Anas platyrhynchos,Кряква
37451157,research,https://www.inaturalist.org/observations/37451157,https://inaturalist-open-data.s3.amazonaws.com/photos/59373404/medium.jpeg,Mallard,Anas platyrhynchos,Кряква
37451364,research,https://www.inaturalist.org/observations/37451364,https://inaturalist-open-data.s3.amazonaws.com/photos/59373799/medium.jpeg,Кряква,Anas platyrhynchos,Кряква
37451371,research,https://www.inaturalist.org/observations/37451371,https://inaturalist-open-data.s3.amazonaws.com/photos/59373899/medium.jpeg,Stockente,Anas platyrhynchos,Кряква
37451681,research,https://www.inaturalist.org/observations/37451681,https://inaturalist-open-data.s3.amazonaws.com/photos/59374039/medium.jpeg,Кряква,Anas platyrhynchos,Кряква
37451701,research,https://www.inaturalist.org/observations/37451701,https://inaturalist-open-data.s3.amazonaws.com/photos/59374170/medium.jpeg,Stockente,Anas platyrhynchos,Кряква
37451704,research,https://www.inaturalist.org/observations/37451704,https://inaturalist-open-data.s3.amazonaws.com/photos/59374256/medium.jpeg,Stockente,Anas platyrhynchos,Кряква
37517166,research,https://www.inaturalist.org/observations/37517166,https://inaturalist-open-data.s3.amazonaws.com/photos/59488937/medium.jpeg,Stockente,Anas platyrhynchos,Кряква
37531379,research,https://www.inaturalist.org/observations/37531379,https://inaturalist-open-data.s3.amazonaws.com/photos/59515295/medium.jpeg,Stockente,Anas platyrhynchos,Кряква
38328202,research,https://www.inaturalist.org/observations/38328202,https://inaturalist-open-data.s3.amazonaws.com/photos/60899616/medium.jpeg,Stockente,Anas platyrhynchos,Кряква
39532809,research,https://www.inaturalist.org/observations/39532809,https://inaturalist-open-data.s3.amazonaws.com/photos/62729196/medium.jpg,Кряква,Anas platyrhynchos,Кряква
40135143,research,https://www.inaturalist.org/observations/40135143,https://inaturalist-open-data.s3.amazonaws.com/photos/63749508/medium.jpg,Mallard,Anas platyrhynchos,Кряква
40135149,research,https://www.inaturalist.org/observations/40135149,https://inaturalist-open-data.s3.amazonaws.com/photos/63749541/medium.jpg,Кряква,Anas platyrhynchos,Кряква
40135151,research,https://www.inaturalist.org/observations/40135151,https://inaturalist-open-data.s3.amazonaws.com/photos/63749553/medium.jpg,Кряква,Anas platyrhynchos,Кряква
40135153,research,https://www.inaturalist.org/observations/40135153,https://inaturalist-open-data.s3.amazonaws.com/photos/63749559/medium.jpg,Mallard,Anas platyrhynchos,Кряква
40605731,research,https://www.inaturalist.org/observations/40605731,https://static.inaturalist.org/photos/64358874/medium.jpg,Mallard,Anas platyrhynchos,Кряква
40632331,research,https://www.inaturalist.org/observations/40632331,https://inaturalist-open-data.s3.amazonaws.com/photos/64405519/medium.jpg,Кряква,Anas platyrhynchos,Кряква
40633395,research,https://www.inaturalist.org/observations/40633395,https://inaturalist-open-data.s3.amazonaws.com/photos/64407739/medium.jpg,Кряква,Anas platyrhynchos,Кряква
40633401,research,https://www.inaturalist.org/observations/40633401,https://inaturalist-open-data.s3.amazonaws.com/photos/64407752/medium.jpg,Кряква,Anas platyrhynchos,Кряква
40633402,research,https://www.inaturalist.org/observations/40633402,https://inaturalist-open-data.s3.amazonaws.com/photos/64407762/medium.jpg,Кряква,Anas platyrhynchos,Кряква
40679917,research,https://www.inaturalist.org/observations/40679917,https://inaturalist-open-data.s3.amazonaws.com/photos/64485401/medium.jpg,Кряква,Anas platyrhynchos,Кряква
40696496,research,https://www.inaturalist.org/observations/40696496,https://inaturalist-open-data.s3.amazonaws.com/photos/64513430/medium.jpg,Mallard,Anas platyrhynchos,Кряква
40699216,research,https://www.inaturalist.org/observations/40699216,https://inaturalist-open-data.s3.amazonaws.com/photos/64517691/medium.jpg,Кряква,Anas platyrhynchos,Кряква
40869923,research,https://www.inaturalist.org/observations/40869923,https://inaturalist-open-data.s3.amazonaws.com/photos/64794614/medium.jpg,Germano reale,Anas platyrhynchos,Кряква
40869924,research,https://www.inaturalist.org/observations/40869924,https://inaturalist-open-data.s3.amazonaws.com/photos/64794617/medium.jpg,Germano reale,Anas platyrhynchos,Кряква
40869928,research,https://www.inaturalist.org/observations/40869928,https://inaturalist-open-data.s3.amazonaws.com/photos/64794653/medium.jpg,Germano reale,Anas platyrhynchos,Кряква
40869932,research,https://www.inaturalist.org/observations/40869932,https://inaturalist-open-data.s3.amazonaws.com/photos/64794683/medium.jpg,Germano reale,Anas platyrhynchos,Кряква
40869938,research,https://www.inaturalist.org/observations/40869938,https://inaturalist-open-data.s3.amazonaws.com/photos/64794722/medium.jpg,Germano reale,Anas platyrhynchos,Кряква
40869941,research,https://www.inaturalist.org/observations/40869941,https://inaturalist-open-data.s3.amazonaws.com/photos/64794747/medium.jpg,Germano reale,Anas platyrhynchos,Кряква
40901870,research,https://www.inaturalist.org/observations/40901870,https://inaturalist-open-data.s3.amazonaws.com/photos/64845968/medium.jpg,Mallard,Anas platyrhynchos,Кряква
40901875,research,https://www.inaturalist.org/observations/40901875,https://inaturalist-open-data.s3.amazonaws.com/photos/64846017/medium.jpg,Кряква,Anas platyrhynchos,Кряква
40944645,research,https://www.inaturalist.org/observations/40944645,https://inaturalist-open-data.s3.amazonaws.com/photos/64916953/medium.jpg,Кряква,Anas platyrhynchos,Кряква
40944649,research,https://www.inaturalist.org/observations/40944649,https://inaturalist-open-data.s3.amazonaws.com/photos/64916980/medium.jpg,Кряква,Anas platyrhynchos,Кряква
40944653,research,https://www.inaturalist.org/observations/40944653,https://inaturalist-open-data.s3.amazonaws.com/photos/64916999/medium.jpg,Кряква,Anas platyrhynchos,Кряква
40944654,research,https://www.inaturalist.org/observations/40944654,https://inaturalist-open-data.s3.amazonaws.com/photos/64917004/medium.jpg,Кряква,Anas platyrhynchos,Кряква
40944668,research,https://www.inaturalist.org/observations/40944668,https://inaturalist-open-data.s3.amazonaws.com/photos/64917044/medium.jpg,Кряква,Anas platyrhynchos,Кряква
40944670,research,https://www.inaturalist.org/observations/40944670,https://inaturalist-open-data.s3.amazonaws.com/photos/64917051/medium.jpg,Кряква,Anas platyrhynchos,Кряква
40953008,research,https://www.inaturalist.org/observations/40953008,https://inaturalist-open-data.s3.amazonaws.com/photos/64933188/medium.jpg,Stockente,Anas platyrhynchos,Кряква
40953009,research,https://www.inaturalist.org/observations/40953009,https://inaturalist-open-data.s3.amazonaws.com/photos/64933197/medium.jpg,Кряква,Anas platyrhynchos,Кряква
40973578,research,https://www.inaturalist.org/observations/40973578,https://inaturalist-open-data.s3.amazonaws.com/photos/64968202/medium.jpg,Кряква,Anas platyrhynchos,Кряква
41025353,research,https://www.inaturalist.org/observations/41025353,https://inaturalist-open-data.s3.amazonaws.com/photos/65056924/medium.jpg,Germano reale,Anas platyrhynchos,Кряква
41025358,research,https://www.inaturalist.org/observations/41025358,https://inaturalist-open-data.s3.amazonaws.com/photos/65056938/medium.jpg,Germano reale,Anas platyrhynchos,Кряква
41097096,research,https://www.inaturalist.org/observations/41097096,https://inaturalist-open-data.s3.amazonaws.com/photos/65165213/medium.jpg,Кряква,Anas platyrhynchos,Кряква
41101601,research,https://www.inaturalist.org/observations/41101601,https://inaturalist-open-data.s3.amazonaws.com/photos/65172660/medium.jpg,Mallard,Anas platyrhynchos,Кряква
41101603,research,https://www.inaturalist.org/observations/41101603,https://inaturalist-open-data.s3.amazonaws.com/photos/65172677/medium.jpg,Mallard,Anas platyrhynchos,Кряква
41101605,research,https://www.inaturalist.org/observations/41101605,https://inaturalist-open-data.s3.amazonaws.com/photos/65172689/medium.jpg,Кряква,Anas platyrhynchos,Кряква
41101611,research,https://www.inaturalist.org/observations/41101611,https://inaturalist-open-data.s3.amazonaws.com/photos/65172736/medium.jpg,Mallard,Anas platyrhynchos,Кряква
41217819,research,https://www.inaturalist.org/observations/41217819,https://inaturalist-open-data.s3.amazonaws.com/photos/65367825/medium.jpg,Stockente,Anas platyrhynchos,Кряква
41223833,research,https://www.inaturalist.org/observations/41223833,https://inaturalist-open-data.s3.amazonaws.com/photos/65378105/medium.jpg,Canard colvert,Anas platyrhynchos,Кряква
41223835,research,https://www.inaturalist.org/observations/41223835,https://inaturalist-open-data.s3.amazonaws.com/photos/65378176/medium.jpg,Canard colvert,Anas platyrhynchos,Кряква
41223837,research,https://www.inaturalist.org/observations/41223837,https://inaturalist-open-data.s3.amazonaws.com/photos/65378215/medium.jpg,Canard colvert,Anas platyrhynchos,Кряква
41468750,research,https://www.inaturalist.org/observations/41468750,https://inaturalist-open-data.s3.amazonaws.com/photos/65786878/medium.jpg,Кряква,Anas platyrhynchos,Кряква
41468769,research,https://www.inaturalist.org/observations/41468769,https://inaturalist-open-data.s3.amazonaws.com/photos/65786961/medium.jpg,Кряква,Anas platyrhynchos,Кряква
41526213,research,https://www.inaturalist.org/observations/41526213,https://inaturalist-open-data.s3.amazonaws.com/photos/65884584/medium.jpg,Кряква,Anas platyrhynchos,Кряква
41526214,research,https://www.inaturalist.org/observations/41526214,https://inaturalist-open-data.s3.amazonaws.com/photos/65884625/medium.jpg,Кряква,Anas platyrhynchos,Кряква
41606473,research,https://www.inaturalist.org/observations/41606473,https://inaturalist-open-data.s3.amazonaws.com/photos/66003605/medium.jpg,Кряква,Anas platyrhynchos,Кряква
41606491,research,https://www.inaturalist.org/observations/41606491,https://inaturalist-open-data.s3.amazonaws.com/photos/66003814/medium.jpg,Кряква,Anas platyrhynchos,Кряква
41608608,research,https://www.inaturalist.org/observations/41608608,https://inaturalist-open-data.s3.amazonaws.com/photos/66006873/medium.jpg,Кряква,Anas platyrhynchos,Кряква
41668364,research,https://www.inaturalist.org/observations/41668364,https://inaturalist-open-data.s3.amazonaws.com/photos/66104838/medium.jpg,Кряква,Anas platyrhynchos,Кряква
41824579,research,https://www.inaturalist.org/observations/41824579,https://inaturalist-open-data.s3.amazonaws.com/photos/66365628/medium.jpg,Кряква,Anas platyrhynchos,Кряква
41915990,research,https://www.inaturalist.org/observations/41915990,https://inaturalist-open-data.s3.amazonaws.com/photos/66517019/medium.jpg,綠頭鴨,Anas platyrhynchos,Кряква
41916029,research,https://www.inaturalist.org/observations/41916029,https://inaturalist-open-data.s3.amazonaws.com/photos/66517033/medium.jpg,Кряква,Anas platyrhynchos,Кряква
41991853,research,https://www.inaturalist.org/observations/41991853,https://inaturalist-open-data.s3.amazonaws.com/photos/66644275/medium.jpg,Кряква,Anas platyrhynchos,Кряква
42222701,research,https://www.inaturalist.org/observations/42222701,https://inaturalist-open-data.s3.amazonaws.com/photos/67029604/medium.jpg,Кряква,Anas platyrhynchos,Кряква
42222820,research,https://www.inaturalist.org/observations/42222820,https://inaturalist-open-data.s3.amazonaws.com/photos/67029804/medium.jpg,Mallard,Anas platyrhynchos,Кряква
42223088,research,https://www.inaturalist.org/observations/42223088,https://inaturalist-open-data.s3.amazonaws.com/photos/67030179/medium.jpg,Mallard,Anas platyrhynchos,Кряква
42231277,research,https://www.inaturalist.org/observations/42231277,https://inaturalist-open-data.s3.amazonaws.com/photos/67043395/medium.jpg,Mallard,Anas platyrhynchos,Кряква
42316573,research,https://www.inaturalist.org/observations/42316573,https://inaturalist-open-data.s3.amazonaws.com/photos/67185110/medium.jpg,Кряква,Anas platyrhynchos,Кряква
42316589,research,https://www.inaturalist.org/observations/42316589,https://inaturalist-open-data.s3.amazonaws.com/photos/67185292/medium.jpg,Кряква,Anas platyrhynchos,Кряква
42316597,research,https://www.inaturalist.org/observations/42316597,https://inaturalist-open-data.s3.amazonaws.com/photos/67185319/medium.jpg,Кряква,Anas platyrhynchos,Кряква
42316601,research,https://www.inaturalist.org/observations/42316601,https://inaturalist-open-data.s3.amazonaws.com/photos/67185368/medium.jpg,Кряква,Anas platyrhynchos,Кряква
42316610,research,https://www.inaturalist.org/observations/42316610,https://inaturalist-open-data.s3.amazonaws.com/photos/67185473/medium.jpg,Germano reale,Anas platyrhynchos,Кряква
42545969,research,https://www.inaturalist.org/observations/42545969,https://inaturalist-open-data.s3.amazonaws.com/photos/67559052/medium.jpg,Кряква,Anas platyrhynchos,Кряква
42937907,research,https://www.inaturalist.org/observations/42937907,https://static.inaturalist.org/photos/68181236/medium.jpg,Mallard,Anas platyrhynchos,Кряква
42982943,research,https://www.inaturalist.org/observations/42982943,https://inaturalist-open-data.s3.amazonaws.com/photos/68250865/medium.jpeg,Stockente,Anas platyrhynchos,Кряква
44115387,research,https://www.inaturalist.org/observations/44115387,https://inaturalist-open-data.s3.amazonaws.com/photos/69946693/medium.jpeg,Кряква,Anas platyrhynchos,Кряква
46458123,research,https://www.inaturalist.org/observations/46458123,https://inaturalist-open-data.s3.amazonaws.com/photos/73687552/medium.jpeg,Germano reale,Anas platyrhynchos,Кряква
47018537,research,https://www.inaturalist.org/observations/47018537,https://static.inaturalist.org/photos/74564001/medium.jpeg,Mallard,Anas platyrhynchos,Кряква
47131057,research,https://www.inaturalist.org/observations/47131057,https://inaturalist-open-data.s3.amazonaws.com/photos/74743892/medium.jpeg,Кряква,Anas platyrhynchos,Кряква
47131061,research,https://www.inaturalist.org/observations/47131061,https://inaturalist-open-data.s3.amazonaws.com/photos/74744165/medium.jpeg,Кряква,Anas platyrhynchos,Кряква
50379509,research,https://www.inaturalist.org/observations/50379509,https://static.inaturalist.org/photos/79998791/medium.jpg,Кряква,Anas platyrhynchos,Кряква
50791572,research,https://www.inaturalist.org/observations/50791572,https://inaturalist-open-data.s3.amazonaws.com/photos/80673924/medium.jpg,Mallard,Anas platyrhynchos,Кряква
50791605,research,https://www.inaturalist.org/observations/50791605,https://inaturalist-open-data.s3.amazonaws.com/photos/80674087/medium.jpg,Stockente,Anas platyrhynchos,Кряква
50791615,research,https://www.inaturalist.org/observations/50791615,https://inaturalist-open-data.s3.amazonaws.com/photos/80674184/medium.jpg,Mallard,Anas platyrhynchos,Кряква
55896164,research,https://www.inaturalist.org/observations/55896164,https://static.inaturalist.org/photos/89035021/medium.jpeg,Mallard,Anas platyrhynchos,Кряква
55896320,research,https://www.inaturalist.org/observations/55896320,https://static.inaturalist.org/photos/89035376/medium.jpeg,Mallard,Anas platyrhynchos,Кряква
56607379,research,https://www.inaturalist.org/observations/56607379,https://inaturalist-open-data.s3.amazonaws.com/photos/90222222/medium.jpg,Mallard,Anas platyrhynchos,Кряква
56607382,research,https://www.inaturalist.org/observations/56607382,https://inaturalist-open-data.s3.amazonaws.com/photos/90222230/medium.jpg,Mallard,Anas platyrhynchos,Кряква
56921708,research,https://www.inaturalist.org/observations/56921708,https://static.inaturalist.org/photos/90748543/medium.jpeg,Canard colvert,Anas platyrhynchos,Кряква
56921915,research,https://www.inaturalist.org/observations/56921915,https://static.inaturalist.org/photos/90748931/medium.jpeg,Canard colvert,Anas platyrhynchos,Кряква
59036552,research,https://www.inaturalist.org/observations/59036552,https://inaturalist-open-data.s3.amazonaws.com/photos/94298539/medium.jpg,Кряква,Anas platyrhynchos,Кряква
60707058,research,https://www.inaturalist.org/observations/60707058,https://static.inaturalist.org/photos/97091794/medium.jpeg,Mallard,Anas platyrhynchos,Кряква
60707387,research,https://www.inaturalist.org/observations/60707387,https://static.inaturalist.org/photos/97092222/medium.jpeg,Mallard,Anas platyrhynchos,Кряква
60707845,research,https://www.inaturalist.org/observations/60707845,https://static.inaturalist.org/photos/97092834/medium.jpeg,Mallard,Anas platyrhynchos,Кряква
60708488,research,https://www.inaturalist.org/observations/60708488,https://static.inaturalist.org/photos/97094081/medium.jpeg,Mallard,Anas platyrhynchos,Кряква
60709651,research,https://www.inaturalist.org/observations/60709651,https://static.inaturalist.org/photos/97095768/medium.jpeg,Mallard,Anas platyrhynchos,Кряква
60709720,research,https://www.inaturalist.org/observations/60709720,https://static.inaturalist.org/photos/97095880/medium.jpeg,Mallard,Anas platyrhynchos,Кряква
60709737,research,https://www.inaturalist.org/observations/60709737,https://static.inaturalist.org/photos/97095910/medium.jpeg,Кряква,Anas platyrhynchos,Кряква
60710053,research,https://www.inaturalist.org/observations/60710053,https://static.inaturalist.org/photos/97096116/medium.jpeg,Mallard,Anas platyrhynchos,Кряква
60710657,research,https://www.inaturalist.org/observations/60710657,https://static.inaturalist.org/photos/97096883/medium.jpeg,Mallard,Anas platyrhynchos,Кряква
60710704,research,https://www.inaturalist.org/observations/60710704,https://static.inaturalist.org/photos/97096976/medium.jpeg,Кряква,Anas platyrhynchos,Кряква
60711760,research,https://www.inaturalist.org/observations/60711760,https://static.inaturalist.org/photos/97098558/medium.jpeg,Кряква,Anas platyrhynchos,Кряква
60711852,research,https://www.inaturalist.org/observations/60711852,https://static.inaturalist.org/photos/97098706/medium.jpeg,Кряква,Anas platyrhynchos,Кряква
60711953,research,https://www.inaturalist.org/observations/60711953,https://static.inaturalist.org/photos/97098850/medium.jpeg,Кряква,Anas platyrhynchos,Кряква
60714704,research,https://www.inaturalist.org/observations/60714704,https://static.inaturalist.org/photos/97103137/medium.jpeg,Lavanco,Anas platyrhynchos,Кряква
60714789,research,https://www.inaturalist.org/observations/60714789,https://static.inaturalist.org/photos/97103279/medium.jpeg,Кряква,Anas platyrhynchos,Кряква
60715160,research,https://www.inaturalist.org/observations/60715160,https://static.inaturalist.org/photos/97103860/medium.jpeg,Кряква,Anas platyrhynchos,Кряква
60962097,research,https://www.inaturalist.org/observations/60962097,https://inaturalist-open-data.s3.amazonaws.com/photos/97509168/medium.jpg,Mallard,Anas platyrhynchos,Кряква
61332858,research,https://www.inaturalist.org/observations/61332858,https://static.inaturalist.org/photos/98133062/medium.jpeg,Sinisorsa,Anas platyrhynchos,Кряква
61332861,research,https://www.inaturalist.org/observations/61332861,https://static.inaturalist.org/photos/98133075/medium.jpeg,Sinisorsa,Anas platyrhynchos,Кряква
62782247,research,https://www.inaturalist.org/observations/62782247,https://inaturalist-open-data.s3.amazonaws.com/photos/100652108/medium.jpg,Stockente,Anas platyrhynchos,Кряква
62782252,research,https://www.inaturalist.org/observations/62782252,https://inaturalist-open-data.s3.amazonaws.com/photos/100652150/medium.jpg,Stockente,Anas platyrhynchos,Кряква
64606155,research,https://www.inaturalist.org/observations/64606155,https://inaturalist-open-data.s3.amazonaws.com/photos/103889538/medium.jpeg,Mallard,Anas platyrhynchos,Кряква
64610341,research,https://www.inaturalist.org/observations/64610341,https://inaturalist-open-data.s3.amazonaws.com/photos/103895772/medium.jpg,Mallard,Anas platyrhynchos,Кряква
64610344,research,https://www.inaturalist.org/observations/64610344,https://inaturalist-open-data.s3.amazonaws.com/photos/103896069/medium.jpg,Mallard,Anas platyrhynchos,Кряква
65287139,research,https://www.inaturalist.org/observations/65287139,https://inaturalist-open-data.s3.amazonaws.com/photos/105052675/medium.jpg,Кряква,Anas platyrhynchos,Кряква
65292355,research,https://www.inaturalist.org/observations/65292355,https://inaturalist-open-data.s3.amazonaws.com/photos/105061509/medium.jpg,Mallard,Anas platyrhynchos,Кряква
65292912,research,https://www.inaturalist.org/observations/65292912,https://inaturalist-open-data.s3.amazonaws.com/photos/105063386/medium.jpg,Mallard,Anas platyrhynchos,Кряква
65585531,research,https://www.inaturalist.org/observations/65585531,https://inaturalist-open-data.s3.amazonaws.com/photos/105587482/medium.jpeg,Mallard,Anas platyrhynchos,Кряква
65597837,research,https://www.inaturalist.org/observations/65597837,https://inaturalist-open-data.s3.amazonaws.com/photos/105609372/medium.jpg,Mallard,Anas platyrhynchos,Кряква
65805366,research,https://www.inaturalist.org/observations/65805366,https://inaturalist-open-data.s3.amazonaws.com/photos/105978400/medium.jpeg,Canard colvert,Anas platyrhynchos,Кряква
65841726,research,https://www.inaturalist.org/observations/65841726,https://inaturalist-open-data.s3.amazonaws.com/photos/106042184/medium.jpg,Кряква,Anas platyrhynchos,Кряква
66040667,research,https://www.inaturalist.org/observations/66040667,https://static.inaturalist.org/photos/106380300/medium.jpeg,Mallard,Anas platyrhynchos,Кряква
66040684,research,https://www.inaturalist.org/observations/66040684,https://static.inaturalist.org/photos/106380381/medium.jpeg,Stockente,Anas platyrhynchos,Кряква
66040710,research,https://www.inaturalist.org/observations/66040710,https://static.inaturalist.org/photos/106380425/medium.jpeg,Stockente,Anas platyrhynchos,Кряква
66106475,research,https://www.inaturalist.org/observations/66106475,https://inaturalist-open-data.s3.amazonaws.com/photos/106496257/medium.jpeg,Mallard,Anas platyrhynchos,Кряква
66108106,research,https://www.inaturalist.org/observations/66108106,https://inaturalist-open-data.s3.amazonaws.com/photos/106495900/medium.jpeg,Stockente,Anas platyrhynchos,Кряква
66108114,research,https://www.inaturalist.org/observations/66108114,https://inaturalist-open-data.s3.amazonaws.com/photos/106495951/medium.jpeg,Stockente,Anas platyrhynchos,Кряква
66192833,research,https://www.inaturalist.org/observations/66192833,https://inaturalist-open-data.s3.amazonaws.com/photos/106658347/medium.jpeg,Кряква,Anas platyrhynchos,Кряква
66193286,research,https://www.inaturalist.org/observations/66193286,https://inaturalist-open-data.s3.amazonaws.com/photos/106659051/medium.jpeg,Кряква,Anas platyrhynchos,Кряква
66247263,research,https://www.inaturalist.org/observations/66247263,https://inaturalist-open-data.s3.amazonaws.com/photos/106750542/medium.jpg,Кряква,Anas platyrhynchos,Кряква
66619384,research,https://www.inaturalist.org/observations/66619384,https://inaturalist-open-data.s3.amazonaws.com/photos/107435410/medium.jpeg,Mallard,Anas platyrhynchos,Кряква
66672838,research,https://www.inaturalist.org/observations/66672838,https://inaturalist-open-data.s3.amazonaws.com/photos/107531498/medium.jpeg,Wilde Eend,Anas platyrhynchos,Кряква
66703904,research,https://www.inaturalist.org/observations/66703904,https://inaturalist-open-data.s3.amazonaws.com/photos/107592139/medium.jpeg,Mallard,Anas platyrhynchos,Кряква
67049547,research,https://www.inaturalist.org/observations/67049547,https://inaturalist-open-data.s3.amazonaws.com/photos/108231920/medium.jpeg,Canard colvert,Anas platyrhynchos,Кряква
67401653,research,https://www.inaturalist.org/observations/67401653,https://inaturalist-open-data.s3.amazonaws.com/photos/108889509/medium.jpeg,Кряква,Anas platyrhynchos,Кряква
67523839,research,https://www.inaturalist.org/observations/67523839,https://inaturalist-open-data.s3.amazonaws.com/photos/109111360/medium.jpeg,Canard colvert,Anas platyrhynchos,Кряква
67523840,research,https://www.inaturalist.org/observations/67523840,https://inaturalist-open-data.s3.amazonaws.com/photos/109111373/medium.jpeg,Canard colvert,Anas platyrhynchos,Кряква
67523848,research,https://www.inaturalist.org/observations/67523848,https://inaturalist-open-data.s3.amazonaws.com/photos/109111998/medium.jpeg,Canard colvert,Anas platyrhynchos,Кряква
67523856,research,https://www.inaturalist.org/observations/67523856,https://inaturalist-open-data.s3.amazonaws.com/photos/109113779/medium.jpeg,Canard colvert,Anas platyrhynchos,Кряква
67670073,research,https://www.inaturalist.org/observations/67670073,https://inaturalist-open-data.s3.amazonaws.com/photos/109390014/medium.jpg,Mallard,Anas platyrhynchos,Кряква
67714097,research,https://www.inaturalist.org/observations/67714097,https://inaturalist-open-data.s3.amazonaws.com/photos/109474085/medium.jpeg,Mallard,Anas platyrhynchos,Кряква
67758424,research,https://www.inaturalist.org/observations/67758424,https://inaturalist-open-data.s3.amazonaws.com/photos/109559490/medium.jpg,Кряква,Anas platyrhynchos,Кряква
67905454,research,https://www.inaturalist.org/observations/67905454,https://static.inaturalist.org/photos/109832478/medium.jpeg,Canard colvert,Anas platyrhynchos,Кряква
67905547,research,https://www.inaturalist.org/observations/67905547,https://static.inaturalist.org/photos/109832603/medium.jpeg,Кряква,Anas platyrhynchos,Кряква
67905597,research,https://www.inaturalist.org/observations/67905597,https://static.inaturalist.org/photos/109832699/medium.jpeg,Sinisorsa,Anas platyrhynchos,Кряква
67905671,research,https://www.inaturalist.org/observations/67905671,https://static.inaturalist.org/photos/109832854/medium.jpeg,Mallard,Anas platyrhynchos,Кряква
67905836,research,https://www.inaturalist.org/observations/67905836,https://static.inaturalist.org/photos/109833022/medium.jpeg,Mallard,Anas platyrhynchos,Кряква
67905857,research,https://www.inaturalist.org/observations/67905857,https://static.inaturalist.org/photos/109833079/medium.jpeg,Canard colvert,Anas platyrhynchos,Кряква
67905866,research,https://www.inaturalist.org/observations/67905866,https://static.inaturalist.org/photos/109833099/medium.jpeg,Mallard,Anas platyrhynchos,Кряква
68166650,research,https://www.inaturalist.org/observations/68166650,https://inaturalist-open-data.s3.amazonaws.com/photos/110307503/medium.jpg,Кряква,Anas platyrhynchos,Кряква
68166651,research,https://www.inaturalist.org/observations/68166651,https://inaturalist-open-data.s3.amazonaws.com/photos/110307508/medium.jpg,Кряква,Anas platyrhynchos,Кряква
68859440,research,https://www.inaturalist.org/observations/68859440,https://static.inaturalist.org/photos/111602507/medium.jpg,Mallard,Anas platyrhynchos,Кряква
68859441,research,https://www.inaturalist.org/observations/68859441,https://static.inaturalist.org/photos/111602512/medium.jpg,Mallard,Anas platyrhynchos,Кряква
68859493,research,https://www.inaturalist.org/observations/68859493,https://static.inaturalist.org/photos/111602588/medium.jpg,Mallard,Anas platyrhynchos,Кряква
69574397,research,https://www.inaturalist.org/observations/69574397,https://inaturalist-open-data.s3.amazonaws.com/photos/112915499/medium.jpeg,Кряква,Anas platyrhynchos,Кряква
69624061,research,https://www.inaturalist.org/observations/69624061,https://static.inaturalist.org/photos/113010853/medium.jpeg,Mallard,Anas platyrhynchos,Кряква
70339385,research,https://www.inaturalist.org/observations/70339385,https://inaturalist-open-data.s3.amazonaws.com/photos/114326149/medium.jpeg,Кряква,Anas platyrhynchos,Кряква
71355738,research,https://www.inaturalist.org/observations/71355738,https://inaturalist-open-data.s3.amazonaws.com/photos/116165602/medium.jpg,Кряква,Anas platyrhynchos,Кряква
71489354,research,https://www.inaturalist.org/observations/71489354,https://inaturalist-open-data.s3.amazonaws.com/photos/116401700/medium.jpg,Mallard,Anas platyrhynchos,Кряква
71504954,research,https://www.inaturalist.org/observations/71504954,https://inaturalist-open-data.s3.amazonaws.com/photos/116429667/medium.jpeg,Кряква,Anas platyrhynchos,Кряква
72016691,research,https://www.inaturalist.org/observations/72016691,https://inaturalist-open-data.s3.amazonaws.com/photos/117346440/medium.jpeg,Mallard,Anas platyrhynchos,Кряква
72458264,research,https://www.inaturalist.org/observations/72458264,https://inaturalist-open-data.s3.amazonaws.com/photos/118139166/medium.jpeg,Stockente,Anas platyrhynchos,Кряква
72512031,research,https://www.inaturalist.org/observations/72512031,https://inaturalist-open-data.s3.amazonaws.com/photos/118238040/medium.jpg,Wilde Eend,Anas platyrhynchos,Кряква
73006516,research,https://www.inaturalist.org/observations/73006516,https://inaturalist-open-data.s3.amazonaws.com/photos/119135311/medium.jpg,Кряква,Anas platyrhynchos,Кряква
73006525,research,https://www.inaturalist.org/observations/73006525,https://inaturalist-open-data.s3.amazonaws.com/photos/119135396/medium.jpg,Кряква,Anas platyrhynchos,Кряква
73281944,research,https://www.inaturalist.org/observations/73281944,https://inaturalist-open-data.s3.amazonaws.com/photos/119615350/medium.jpeg,Кряква,Anas platyrhynchos,Кряква
73536626,research,https://www.inaturalist.org/observations/73536626,https://inaturalist-open-data.s3.amazonaws.com/photos/120061734/medium.jpeg,Mallard,Anas platyrhynchos,Кряква
73588782,research,https://www.inaturalist.org/observations/73588782,https://inaturalist-open-data.s3.amazonaws.com/photos/120158123/medium.jpg,Wilde Eend,Anas platyrhynchos,Кряква
73588868,research,https://www.inaturalist.org/observations/73588868,https://inaturalist-open-data.s3.amazonaws.com/photos/120158293/medium.jpg,Wilde Eend,Anas platyrhynchos,Кряква
73589238,research,https://www.inaturalist.org/observations/73589238,https://inaturalist-open-data.s3.amazonaws.com/photos/120158855/medium.jpg,Кряква,Anas platyrhynchos,Кряква
75175212,research,https://www.inaturalist.org/observations/75175212,https://inaturalist-open-data.s3.amazonaws.com/photos/122952858/medium.jpeg,Кряква,Anas platyrhynchos,Кряква
77915966,research,https://www.inaturalist.org/observations/77915966,https://inaturalist-open-data.s3.amazonaws.com/photos/127458640/medium.jpeg,Mallard,Anas platyrhynchos,Кряква
78543765,research,https://www.inaturalist.org/observations/78543765,https://inaturalist-open-data.s3.amazonaws.com/photos/128557286/medium.jpeg,Mallard,Anas platyrhynchos,Кряква
78713128,research,https://www.inaturalist.org/observations/78713128,https://inaturalist-open-data.s3.amazonaws.com/photos/128850503/medium.jpg,Mallard,Anas platyrhynchos,Кряква
78715349,research,https://www.inaturalist.org/observations/78715349,https://inaturalist-open-data.s3.amazonaws.com/photos/128853382/medium.jpg,Mallard,Anas platyrhynchos,Кряква
78715350,research,https://www.inaturalist.org/observations/78715350,https://inaturalist-open-data.s3.amazonaws.com/photos/128853658/medium.jpg,Mallard,Anas platyrhynchos,Кряква
78737758,research,https://www.inaturalist.org/observations/78737758,https://inaturalist-open-data.s3.amazonaws.com/photos/128893681/medium.jpeg,Кряква,Anas platyrhynchos,Кряква
79285563,research,https://www.inaturalist.org/observations/79285563,https://inaturalist-open-data.s3.amazonaws.com/photos/129851742/medium.jpeg,Mallard,Anas platyrhynchos,Кряква
79319436,research,https://www.inaturalist.org/observations/79319436,https://inaturalist-open-data.s3.amazonaws.com/photos/129910290/medium.jpeg,Кряква,Anas platyrhynchos,Кряква
80228891,research,https://www.inaturalist.org/observations/80228891,https://inaturalist-open-data.s3.amazonaws.com/photos/131479654/medium.jpeg,Кряква,Anas platyrhynchos,Кряква
80248199,research,https://www.inaturalist.org/observations/80248199,https://inaturalist-open-data.s3.amazonaws.com/photos/131511886/medium.jpg,Кряква,Anas platyrhynchos,Кряква
80338160,research,https://www.inaturalist.org/observations/80338160,https://inaturalist-open-data.s3.amazonaws.com/photos/131665735/medium.jpg,Кряква,Anas platyrhynchos,Кряква
81903115,research,https://www.inaturalist.org/observations/81903115,https://inaturalist-open-data.s3.amazonaws.com/photos/134371712/medium.jpeg,Mallard,Anas platyrhynchos,Кряква
81993397,research,https://www.inaturalist.org/observations/81993397,https://static.inaturalist.org/photos/134533368/medium.jpeg,Canard colvert,Anas platyrhynchos,Кряква
82143863,research,https://www.inaturalist.org/observations/82143863,https://inaturalist-open-data.s3.amazonaws.com/photos/134796420/medium.jpg,Anas platyrhynchos,Anas platyrhynchos,Кряква
82703426,research,https://www.inaturalist.org/observations/82703426,https://inaturalist-open-data.s3.amazonaws.com/photos/135761357/medium.jpeg,Stockente,Anas platyrhynchos,Кряква
83799230,research,https://www.inaturalist.org/observations/83799230,https://inaturalist-open-data.s3.amazonaws.com/photos/137659428/medium.jpeg,Кряква,Anas platyrhynchos,Кряква
83893994,research,https://www.inaturalist.org/observations/83893994,https://inaturalist-open-data.s3.amazonaws.com/photos/137822683/medium.jpg,Кряква,Anas platyrhynchos,Кряква
84600753,research,https://www.inaturalist.org/observations/84600753,https://inaturalist-open-data.s3.amazonaws.com/photos/139062718/medium.jpg,Mallard,Anas platyrhynchos,Кряква
84600754,research,https://www.inaturalist.org/observations/84600754,https://inaturalist-open-data.s3.amazonaws.com/photos/139062743/medium.jpg,Mallard,Anas platyrhynchos,Кряква
85187771,research,https://www.inaturalist.org/observations/85187771,https://inaturalist-open-data.s3.amazonaws.com/photos/140124612/medium.jpeg,Mallard,Anas platyrhynchos,Кряква
87398740,research,https://www.inaturalist.org/observations/87398740,https://static.inaturalist.org/photos/144090971/medium.jpeg,Кряква,Anas platyrhynchos,Кряква
87616705,research,https://www.inaturalist.org/observations/87616705,https://inaturalist-open-data.s3.amazonaws.com/photos/144470920/medium.jpg,Mallard,Anas platyrhynchos,Кряква
88041449,research,https://www.inaturalist.org/observations/88041449,https://inaturalist-open-data.s3.amazonaws.com/photos/145215242/medium.jpg,Mallard,Anas platyrhynchos,Кряква
88041454,research,https://www.inaturalist.org/observations/88041454,https://inaturalist-open-data.s3.amazonaws.com/photos/145215517/medium.jpg,Mallard,Anas platyrhynchos,Кряква
88101867,research,https://www.inaturalist.org/observations/88101867,https://inaturalist-open-data.s3.amazonaws.com/photos/145325450/medium.jpg,Mallard,Anas platyrhynchos,Кряква
88841261,research,https://www.inaturalist.org/observations/88841261,https://inaturalist-open-data.s3.amazonaws.com/photos/146633495/medium.jpeg,Кряква,Anas platyrhynchos,Кряква
90524036,research,https://www.inaturalist.org/observations/90524036,https://inaturalist-open-data.s3.amazonaws.com/photos/149625602/medium.jpg,Кряква,Anas platyrhynchos,Кряква
92556344,research,https://www.inaturalist.org/observations/92556344,https://inaturalist-open-data.s3.amazonaws.com/photos/153270524/medium.jpeg,Кряква,Anas platyrhynchos,Кряква
92556409,research,https://www.inaturalist.org/observations/92556409,https://inaturalist-open-data.s3.amazonaws.com/photos/153270546/medium.jpeg,Кряква,Anas platyrhynchos,Кряква
92888660,research,https://www.inaturalist.org/observations/92888660,https://inaturalist-open-data.s3.amazonaws.com/photos/153863894/medium.jpeg,Mallard,Anas platyrhynchos,Кряква
92936438,research,https://www.inaturalist.org/observations/92936438,https://inaturalist-open-data.s3.amazonaws.com/photos/153954666/medium.jpeg,Mallard,Anas platyrhynchos,Кряква
93570160,research,https://www.inaturalist.org/observations/93570160,https://inaturalist-open-data.s3.amazonaws.com/photos/155102345/medium.jpg,Кряква,Anas platyrhynchos,Кряква
94316764,research,https://www.inaturalist.org/observations/94316764,https://inaturalist-open-data.s3.amazonaws.com/photos/156444755/medium.jpeg,Кряква,Anas platyrhynchos,Кряква
96225346,research,https://www.inaturalist.org/observations/96225346,https://inaturalist-open-data.s3.amazonaws.com/photos/159833291/medium.jpg,Кряква,Anas platyrhynchos,Кряква
97865234,research,https://www.inaturalist.org/observations/97865234,https://inaturalist-open-data.s3.amazonaws.com/photos/162830849/medium.jpg,Mallard,Anas platyrhynchos,Кряква
98269262,research,https://www.inaturalist.org/observations/98269262,https://static.inaturalist.org/photos/163575318/medium.jpg,Кряква,Anas platyrhynchos,Кряква
98360320,research,https://www.inaturalist.org/observations/98360320,https://static.inaturalist.org/photos/163746175/medium.jpeg,Mallard,Anas platyrhynchos,Кряква
101183544,research,https://www.inaturalist.org/observations/101183544,https://inaturalist-open-data.s3.amazonaws.com/photos/168951019/medium.jpg,Кряква,Anas platyrhynchos,Кряква
102249213,research,https://www.inaturalist.org/observations/102249213,https://static.inaturalist.org/photos/170881619/medium.jpeg,Кряква,Anas platyrhynchos,Кряква
102626660,research,https://www.inaturalist.org/observations/102626660,https://inaturalist-open-data.s3.amazonaws.com/photos/171589612/medium.jpeg,Mallard,Anas platyrhynchos,Кряква
102926452,research,https://www.inaturalist.org/observations/102926452,https://inaturalist-open-data.s3.amazonaws.com/photos/172157344/medium.jpeg,Кряква,Anas platyrhynchos,Кряква
102926457,research,https://www.inaturalist.org/observations/102926457,https://inaturalist-open-data.s3.amazonaws.com/photos/172157366/medium.jpeg,Кряква,Anas platyrhynchos,Кряква
104520235,research,https://www.inaturalist.org/observations/104520235,https://inaturalist-open-data.s3.amazonaws.com/photos/175150882/medium.jpg,Кряква,Anas platyrhynchos,Кряква
104527661,research,https://www.inaturalist.org/observations/104527661,https://inaturalist-open-data.s3.amazonaws.com/photos/175164801/medium.jpeg,Кряква,Anas platyrhynchos,Кряква
104546794,research,https://www.inaturalist.org/observations/104546794,https://inaturalist-open-data.s3.amazonaws.com/photos/175200981/medium.jpg,Gråand,Anas platyrhynchos,Кряква
104546795,research,https://www.inaturalist.org/observations/104546795,https://inaturalist-open-data.s3.amazonaws.com/photos/175201075/medium.jpg,Canard colvert,Anas platyrhynchos,Кряква
104546799,research,https://www.inaturalist.org/observations/104546799,https://inaturalist-open-data.s3.amazonaws.com/photos/175201214/medium.jpg,Gråand,Anas platyrhynchos,Кряква
104546800,research,https://www.inaturalist.org/observations/104546800,https://inaturalist-open-data.s3.amazonaws.com/photos/175201298/medium.jpg,Gråand,Anas platyrhynchos,Кряква
104546803,research,https://www.inaturalist.org/observations/104546803,https://inaturalist-open-data.s3.amazonaws.com/photos/175201512/medium.jpg,Canard colvert,Anas platyrhynchos,Кряква
104913473,research,https://www.inaturalist.org/observations/104913473,https://inaturalist-open-data.s3.amazonaws.com/photos/253361872/medium.jpg,Кряква,Anas platyrhynchos,Кряква
105085771,research,https://www.inaturalist.org/observations/105085771,https://inaturalist-open-data.s3.amazonaws.com/photos/176234721/medium.jpeg,Wilde Eend,Anas platyrhynchos,Кряква
105187918,research,https://www.inaturalist.org/observations/105187918,https://inaturalist-open-data.s3.amazonaws.com/photos/175201120/medium.jpg,Mallard,Anas platyrhynchos,Кряква
105256174,research,https://www.inaturalist.org/observations/105256174,https://inaturalist-open-data.s3.amazonaws.com/photos/176564541/medium.jpeg,Кряква,Anas platyrhynchos,Кряква
105554648,research,https://www.inaturalist.org/observations/105554648,https://inaturalist-open-data.s3.amazonaws.com/photos/177131957/medium.jpeg,Pato norteño,Anas platyrhynchos,Кряква
105847104,research,https://www.inaturalist.org/observations/105847104,https://inaturalist-open-data.s3.amazonaws.com/photos/177690805/medium.jpeg,Stockente,Anas platyrhynchos,Кряква
105849133,research,https://www.inaturalist.org/observations/105849133,https://inaturalist-open-data.s3.amazonaws.com/photos/177695344/medium.jpeg,Кряква,Anas platyrhynchos,Кряква
105968593,research,https://www.inaturalist.org/observations/105968593,https://inaturalist-open-data.s3.amazonaws.com/photos/177922284/medium.jpeg,Кряква,Anas platyrhynchos,Кряква
105968595,research,https://www.inaturalist.org/observations/105968595,https://inaturalist-open-data.s3.amazonaws.com/photos/177922293/medium.jpeg,Кряква,Anas platyrhynchos,Кряква
106008789,research,https://www.inaturalist.org/observations/106008789,https://inaturalist-open-data.s3.amazonaws.com/photos/177997151/medium.jpeg,Mallard,Anas platyrhynchos,Кряква
106327621,research,https://www.inaturalist.org/observations/106327621,https://inaturalist-open-data.s3.amazonaws.com/photos/178594672/medium.jpeg,Mallard,Anas platyrhynchos,Кряква
106375781,research,https://www.inaturalist.org/observations/106375781,https://inaturalist-open-data.s3.amazonaws.com/photos/178684338/medium.jpeg,Кряква,Anas platyrhynchos,Кряква
106375784,research,https://www.inaturalist.org/observations/106375784,https://inaturalist-open-data.s3.amazonaws.com/photos/178684402/medium.jpeg,Кряква,Anas platyrhynchos,Кряква
106454701,research,https://www.inaturalist.org/observations/106454701,https://inaturalist-open-data.s3.amazonaws.com/photos/178830689/medium.jpeg,Mallard,Anas platyrhynchos,Кряква
106454916,research,https://www.inaturalist.org/observations/106454916,https://inaturalist-open-data.s3.amazonaws.com/photos/178831325/medium.jpeg,Кряква,Anas platyrhynchos,Кряква
106946221,research,https://www.inaturalist.org/observations/106946221,https://inaturalist-open-data.s3.amazonaws.com/photos/179769299/medium.jpg,Mallard,Anas platyrhynchos,Кряква
107103010,research,https://www.inaturalist.org/observations/107103010,https://inaturalist-open-data.s3.amazonaws.com/photos/180068543/medium.jpeg,Mallard,Anas platyrhynchos,Кряква
107494236,research,https://www.inaturalist.org/observations/107494236,https://inaturalist-open-data.s3.amazonaws.com/photos/180804239/medium.jpeg,Кряква,Anas platyrhynchos,Кряква
108194189,research,https://www.inaturalist.org/observations/108194189,https://inaturalist-open-data.s3.amazonaws.com/photos/182116800/medium.jpeg,Domestic Mallard,Anas platyrhynchos domesticus,Домашняя утка
108506166,research,https://www.inaturalist.org/observations/108506166,https://inaturalist-open-data.s3.amazonaws.com/photos/182699745/medium.jpeg,Кряква,Anas platyrhynchos,Кряква
108506168,research,https://www.inaturalist.org/observations/108506168,https://inaturalist-open-data.s3.amazonaws.com/photos/182699767/medium.jpeg,Кряква,Anas platyrhynchos,Кряква
108668568,research,https://www.inaturalist.org/observations/108668568,https://inaturalist-open-data.s3.amazonaws.com/photos/183008842/medium.jpeg,Кряква,Anas platyrhynchos,Кряква
108800698,research,https://www.inaturalist.org/observations/108800698,https://inaturalist-open-data.s3.amazonaws.com/photos/183258025/medium.jpeg,Sinisorsa,Anas platyrhynchos,Кряква
108880664,research,https://www.inaturalist.org/observations/108880664,https://inaturalist-open-data.s3.amazonaws.com/photos/183405701/medium.jpeg,Gråand,Anas platyrhynchos,Кряква
108960376,research,https://www.inaturalist.org/observations/108960376,https://inaturalist-open-data.s3.amazonaws.com/photos/183555155/medium.jpeg,Stockente,Anas platyrhynchos,Кряква
109161248,research,https://www.inaturalist.org/observations/109161248,https://inaturalist-open-data.s3.amazonaws.com/photos/183930257/medium.jpeg,Canard colvert,Anas platyrhynchos,Кряква
109161250,research,https://www.inaturalist.org/observations/109161250,https://inaturalist-open-data.s3.amazonaws.com/photos/183930269/medium.jpeg,Canard colvert,Anas platyrhynchos,Кряква
109161255,research,https://www.inaturalist.org/observations/109161255,https://inaturalist-open-data.s3.amazonaws.com/photos/183930298/medium.jpeg,Canard colvert,Anas platyrhynchos,Кряква
109293690,research,https://www.inaturalist.org/observations/109293690,https://inaturalist-open-data.s3.amazonaws.com/photos/184180008/medium.jpg,Кряква,Anas platyrhynchos,Кряква
109304819,research,https://www.inaturalist.org/observations/109304819,https://inaturalist-open-data.s3.amazonaws.com/photos/184194906/medium.jpeg,Кряква,Anas platyrhynchos,Кряква
109308829,research,https://www.inaturalist.org/observations/109308829,https://inaturalist-open-data.s3.amazonaws.com/photos/184201741/medium.jpeg,Кряква,Anas platyrhynchos,Кряква
109308830,research,https://www.inaturalist.org/observations/109308830,https://inaturalist-open-data.s3.amazonaws.com/photos/184201770/medium.jpeg,Кряква,Anas platyrhynchos,Кряква
109308831,research,https://www.inaturalist.org/observations/109308831,https://inaturalist-open-data.s3.amazonaws.com/photos/184201830/medium.jpeg,Кряква,Anas platyrhynchos,Кряква
109308837,research,https://www.inaturalist.org/observations/109308837,https://inaturalist-open-data.s3.amazonaws.com/photos/184201890/medium.jpeg,Кряква,Anas platyrhynchos,Кряква
109308839,research,https://www.inaturalist.org/observations/109308839,https://inaturalist-open-data.s3.amazonaws.com/photos/184201912/medium.jpeg,Mallard,Anas platyrhynchos,Кряква
109626995,research,https://www.inaturalist.org/observations/109626995,https://inaturalist-open-data.s3.amazonaws.com/photos/184802292/medium.jpeg,Домашняя утка,Anas platyrhynchos domesticus,Домашняя утка
109737057,research,https://www.inaturalist.org/observations/109737057,https://static.inaturalist.org/photos/185006584/medium.jpg,Кряква,Anas platyrhynchos,Кряква
110159953,research,https://www.inaturalist.org/observations/110159953,https://inaturalist-open-data.s3.amazonaws.com/photos/185788744/medium.jpg,Кряква,Anas platyrhynchos,Кряква
110391482,research,https://www.inaturalist.org/observations/110391482,https://inaturalist-open-data.s3.amazonaws.com/photos/186215977/medium.jpg,Кряква,Anas platyrhynchos,Кряква
110505064,research,https://www.inaturalist.org/observations/110505064,https://inaturalist-open-data.s3.amazonaws.com/photos/186421618/medium.jpg,Кряква,Anas platyrhynchos,Кряква
111224078,research,https://www.inaturalist.org/observations/111224078,https://static.inaturalist.org/photos/187734665/medium.jpeg,Кряква,Anas platyrhynchos,Кряква
111563660,research,https://www.inaturalist.org/observations/111563660,https://static.inaturalist.org/photos/188344134/medium.jpeg,Mallard,Anas platyrhynchos,Кряква
111795300,research,https://www.inaturalist.org/observations/111795300,https://static.inaturalist.org/photos/188765800/medium.jpeg,Кряква,Anas platyrhynchos,Кряква
112265420,research,https://www.inaturalist.org/observations/112265420,https://inaturalist-open-data.s3.amazonaws.com/photos/189619168/medium.jpeg,Кряква,Anas platyrhynchos,Кряква
112269086,research,https://www.inaturalist.org/observations/112269086,https://inaturalist-open-data.s3.amazonaws.com/photos/189627271/medium.jpeg,Кряква,Anas platyrhynchos,Кряква
112711989,research,https://www.inaturalist.org/observations/112711989,https://inaturalist-open-data.s3.amazonaws.com/photos/190397265/medium.jpeg,Кряква,Anas platyrhynchos,Кряква
113474561,research,https://www.inaturalist.org/observations/113474561,https://inaturalist-open-data.s3.amazonaws.com/photos/191704486/medium.jpg,Mallard,Anas platyrhynchos,Кряква
114202720,research,https://www.inaturalist.org/observations/114202720,https://static.inaturalist.org/photos/192876072/medium.jpeg,Mallard,Anas platyrhynchos,Кряква
114785112,research,https://www.inaturalist.org/observations/114785112,https://inaturalist-open-data.s3.amazonaws.com/photos/193788813/medium.jpg,Кряква,Anas platyrhynchos,Кряква
114940757,research,https://www.inaturalist.org/observations/114940757,https://inaturalist-open-data.s3.amazonaws.com/photos/194037233/medium.jpg,Кряква,Anas platyrhynchos,Кряква
115314078,research,https://www.inaturalist.org/observations/115314078,https://inaturalist-open-data.s3.amazonaws.com/photos/194653200/medium.jpeg,Mallard,Anas platyrhynchos,Кряква
115515538,research,https://www.inaturalist.org/observations/115515538,https://inaturalist-open-data.s3.amazonaws.com/photos/194956017/medium.jpg,Stockente,Anas platyrhynchos,Кряква
115619737,research,https://www.inaturalist.org/observations/115619737,https://static.inaturalist.org/photos/195133440/medium.jpeg,Кряква,Anas platyrhynchos,Кряква
116057391,research,https://www.inaturalist.org/observations/116057391,https://inaturalist-open-data.s3.amazonaws.com/photos/195879724/medium.jpeg,Кряква,Anas platyrhynchos,Кряква
116940128,research,https://www.inaturalist.org/observations/116940128,https://inaturalist-open-data.s3.amazonaws.com/photos/197441355/medium.jpg,Кряква,Anas platyrhynchos,Кряква
117135250,research,https://www.inaturalist.org/observations/117135250,https://inaturalist-open-data.s3.amazonaws.com/photos/197788759/medium.jpeg,Canard colvert,Anas platyrhynchos,Кряква
118380207,research,https://www.inaturalist.org/observations/118380207,https://static.inaturalist.org/photos/200003342/medium.jpeg,Кряква,Anas platyrhynchos,Кряква
118381803,research,https://www.inaturalist.org/observations/118381803,https://static.inaturalist.org/photos/200005902/medium.jpeg,Кряква,Anas platyrhynchos,Кряква
118631150,research,https://www.inaturalist.org/observations/118631150,https://inaturalist-open-data.s3.amazonaws.com/photos/200458458/medium.jpeg,Кряква,Anas platyrhynchos,Кряква
119429464,research,https://www.inaturalist.org/observations/119429464,https://static.inaturalist.org/photos/201888076/medium.jpeg,Кряква,Anas platyrhynchos,Кряква
120995412,research,https://www.inaturalist.org/observations/120995412,https://static.inaturalist.org/photos/204703114/medium.jpg,Кряква,Anas platyrhynchos,Кряква
121891488,research,https://www.inaturalist.org/observations/121891488,https://inaturalist-open-data.s3.amazonaws.com/photos/206314745/medium.jpeg,Sinisorsa,Anas platyrhynchos,Кряква
122294878,research,https://www.inaturalist.org/observations/122294878,https://inaturalist-open-data.s3.amazonaws.com/photos/207043643/medium.jpeg,Gråand,Anas platyrhynchos,Кряква
124996089,research,https://www.inaturalist.org/observations/124996089,https://inaturalist-open-data.s3.amazonaws.com/photos/211933022/medium.jpg,Кряква,Anas platyrhynchos,Кряква
125000247,research,https://www.inaturalist.org/observations/125000247,https://inaturalist-open-data.s3.amazonaws.com/photos/211940819/medium.jpg,Кряква,Anas platyrhynchos,Кряква
125569698,research,https://www.inaturalist.org/observations/125569698,https://inaturalist-open-data.s3.amazonaws.com/photos/212960098/medium.jpg,Sinisorsa,Anas platyrhynchos,Кряква
125569813,research,https://www.inaturalist.org/observations/125569813,https://inaturalist-open-data.s3.amazonaws.com/photos/212960409/medium.jpg,Sinisorsa,Anas platyrhynchos,Кряква
127252045,research,https://www.inaturalist.org/observations/127252045,https://inaturalist-open-data.s3.amazonaws.com/photos/216028664/medium.jpg,Mallard,Anas platyrhynchos,Кряква
128045712,research,https://www.inaturalist.org/observations/128045712,https://static.inaturalist.org/photos/217457617/medium.jpeg,Mallard,Anas platyrhynchos,Кряква
128612545,research,https://www.inaturalist.org/observations/128612545,https://inaturalist-open-data.s3.amazonaws.com/photos/218474822/medium.jpeg,Кряква,Anas platyrhynchos,Кряква
128770382,research,https://www.inaturalist.org/observations/128770382,https://inaturalist-open-data.s3.amazonaws.com/photos/218755885/medium.jpeg,Mallard,Anas platyrhynchos,Кряква
129437512,research,https://www.inaturalist.org/observations/129437512,https://inaturalist-open-data.s3.amazonaws.com/photos/219964465/medium.jpeg,Кряква,Anas platyrhynchos,Кряква
129802179,research,https://www.inaturalist.org/observations/129802179,https://inaturalist-open-data.s3.amazonaws.com/photos/220639706/medium.jpeg,Кряква,Anas platyrhynchos,Кряква
129810085,research,https://www.inaturalist.org/observations/129810085,https://inaturalist-open-data.s3.amazonaws.com/photos/220654217/medium.jpeg,Кряква,Anas platyrhynchos,Кряква
130659162,research,https://www.inaturalist.org/observations/130659162,https://inaturalist-open-data.s3.amazonaws.com/photos/222235627/medium.jpeg,Mallard,Anas platyrhynchos,Кряква
130660460,research,https://www.inaturalist.org/observations/130660460,https://inaturalist-open-data.s3.amazonaws.com/photos/222237886/medium.jpeg,Mallard,Anas platyrhynchos,Кряква
130755353,research,https://www.inaturalist.org/observations/130755353,https://inaturalist-open-data.s3.amazonaws.com/photos/222415736/medium.jpeg,Mallard,Anas platyrhynchos,Кряква
131234016,research,https://www.inaturalist.org/observations/131234016,https://inaturalist-open-data.s3.amazonaws.com/photos/223296803/medium.jpeg,Кряква,Anas platyrhynchos,Кряква
131234063,research,https://www.inaturalist.org/observations/131234063,https://inaturalist-open-data.s3.amazonaws.com/photos/223297117/medium.jpeg,Mallard,Anas platyrhynchos,Кряква
131234069,research,https://www.inaturalist.org/observations/131234069,https://inaturalist-open-data.s3.amazonaws.com/photos/223297315/medium.jpeg,Кряква,Anas platyrhynchos,Кряква
131476631,research,https://www.inaturalist.org/observations/131476631,https://inaturalist-open-data.s3.amazonaws.com/photos/223749531/medium.jpeg,بركة,Anas platyrhynchos,Кряква
132340806,research,https://www.inaturalist.org/observations/132340806,https://inaturalist-open-data.s3.amazonaws.com/photos/225354036/medium.jpeg,Mallard,Anas platyrhynchos,Кряква
132380757,research,https://www.inaturalist.org/observations/132380757,https://inaturalist-open-data.s3.amazonaws.com/photos/225430496/medium.jpeg,Кряква,Anas platyrhynchos,Кряква
132798894,research,https://www.inaturalist.org/observations/132798894,https://inaturalist-open-data.s3.amazonaws.com/photos/226104193/medium.jpeg,Кряква,Anas platyrhynchos,Кряква
132931474,research,https://www.inaturalist.org/observations/132931474,https://inaturalist-open-data.s3.amazonaws.com/photos/226353687/medium.jpeg,Кряква,Anas platyrhynchos,Кряква
133191682,research,https://www.inaturalist.org/observations/133191682,https://inaturalist-open-data.s3.amazonaws.com/photos/226833280/medium.jpeg,Кряква,Anas platyrhynchos,Кряква
133572235,research,https://www.inaturalist.org/observations/133572235,https://inaturalist-open-data.s3.amazonaws.com/photos/227541199/medium.jpg,Canard colvert,Anas platyrhynchos,Кряква
133623777,research,https://www.inaturalist.org/observations/133623777,https://inaturalist-open-data.s3.amazonaws.com/photos/227634237/medium.jpeg,Mallard,Anas platyrhynchos,Кряква
135648177,research,https://www.inaturalist.org/observations/135648177,https://inaturalist-open-data.s3.amazonaws.com/photos/231393252/medium.jpeg,Mallard,Anas platyrhynchos,Кряква
136416121,research,https://www.inaturalist.org/observations/136416121,https://inaturalist-open-data.s3.amazonaws.com/photos/232815712/medium.jpeg,Canard colvert,Anas platyrhynchos,Кряква
136580439,research,https://www.inaturalist.org/observations/136580439,https://inaturalist-open-data.s3.amazonaws.com/photos/233123201/medium.jpeg,Домашняя утка,Anas platyrhynchos domesticus,Домашняя утка
136711648,research,https://www.inaturalist.org/observations/136711648,https://inaturalist-open-data.s3.amazonaws.com/photos/233367590/medium.jpeg,Mallard,Anas platyrhynchos,Кряква
137272579,research,https://www.inaturalist.org/observations/137272579,https://inaturalist-open-data.s3.amazonaws.com/photos/234415410/medium.jpg,Кряква,Anas platyrhynchos,Кряква
138373576,research,https://www.inaturalist.org/observations/138373576,https://inaturalist-open-data.s3.amazonaws.com/photos/236495751/medium.jpeg,Stockente,Anas platyrhynchos,Кряква
138885669,research,https://www.inaturalist.org/observations/138885669,https://inaturalist-open-data.s3.amazonaws.com/photos/237441291/medium.jpg,Mallard,Anas platyrhynchos,Кряква
139513569,research,https://www.inaturalist.org/observations/139513569,https://static.inaturalist.org/photos/238636763/medium.jpg,Кряква,Anas platyrhynchos,Кряква
139852583,research,https://www.inaturalist.org/observations/139852583,https://inaturalist-open-data.s3.amazonaws.com/photos/239285417/medium.jpeg,Кряква,Anas platyrhynchos,Кряква
141908969,research,https://www.inaturalist.org/observations/141908969,https://static.inaturalist.org/photos/243208788/medium.jpg,Mallard,Anas platyrhynchos,Кряква
141911896,research,https://www.inaturalist.org/observations/141911896,https://inaturalist-open-data.s3.amazonaws.com/photos/243213350/medium.jpg,Кряква,Anas platyrhynchos,Кряква
142056797,research,https://www.inaturalist.org/observations/142056797,https://inaturalist-open-data.s3.amazonaws.com/photos/243487702/medium.jpeg,Gråand,Anas platyrhynchos,Кряква
142128647,research,https://www.inaturalist.org/observations/142128647,https://inaturalist-open-data.s3.amazonaws.com/photos/243625160/medium.jpeg,Кряква,Anas platyrhynchos,Кряква
142810015,research,https://www.inaturalist.org/observations/142810015,https://inaturalist-open-data.s3.amazonaws.com/photos/244905787/medium.jpeg,Anas platyrhynchos × acuta,Anas platyrhynchos × acuta,Гибрид кряквы и шилохвости
143015447,research,https://www.inaturalist.org/observations/143015447,https://inaturalist-open-data.s3.amazonaws.com/photos/245257621/medium.jpeg,Кряква,Anas platyrhynchos,Кряква
143339939,research,https://www.inaturalist.org/observations/143339939,https://inaturalist-open-data.s3.amazonaws.com/photos/245813894/medium.jpeg,Mallard,Anas platyrhynchos,Кряква
143446686,research,https://www.inaturalist.org/observations/143446686,https://inaturalist-open-data.s3.amazonaws.com/photos/246007846/medium.jpeg,Didžioji antis,Anas platyrhynchos,Кряква
143487635,research,https://www.inaturalist.org/observations/143487635,https://inaturalist-open-data.s3.amazonaws.com/photos/246086939/medium.jpeg,Pato norteño,Anas platyrhynchos,Кряква
143616491,research,https://www.inaturalist.org/observations/143616491,https://inaturalist-open-data.s3.amazonaws.com/photos/246332309/medium.jpeg,Wilde Eend,Anas platyrhynchos,Кряква
143848749,research,https://www.inaturalist.org/observations/143848749,https://inaturalist-open-data.s3.amazonaws.com/photos/246771919/medium.jpg,Stockente,Anas platyrhynchos,Кряква
143848756,research,https://www.inaturalist.org/observations/143848756,https://inaturalist-open-data.s3.amazonaws.com/photos/246772186/medium.jpg,Кряква,Anas platyrhynchos,Кряква
143848764,research,https://www.inaturalist.org/observations/143848764,https://inaturalist-open-data.s3.amazonaws.com/photos/246772263/medium.jpg,Stockente,Anas platyrhynchos,Кряква
144070621,research,https://www.inaturalist.org/observations/144070621,https://inaturalist-open-data.s3.amazonaws.com/photos/247197612/medium.jpg,Кряква,Anas platyrhynchos,Кряква
144080424,research,https://www.inaturalist.org/observations/144080424,https://inaturalist-open-data.s3.amazonaws.com/photos/247213357/medium.jpg,Кряква,Anas platyrhynchos,Кряква
144175010,research,https://www.inaturalist.org/observations/144175010,https://inaturalist-open-data.s3.amazonaws.com/photos/247398849/medium.jpeg,Mallard,Anas platyrhynchos,Кряква
144210272,research,https://www.inaturalist.org/observations/144210272,https://inaturalist-open-data.s3.amazonaws.com/photos/247465605/medium.jpg,Mallard,Anas platyrhynchos,Кряква
144210278,research,https://www.inaturalist.org/observations/144210278,https://inaturalist-open-data.s3.amazonaws.com/photos/247465691/medium.jpg,Кряква,Anas platyrhynchos,Кряква
144210285,research,https://www.inaturalist.org/observations/144210285,https://inaturalist-open-data.s3.amazonaws.com/photos/247465768/medium.jpg,Mallard,Anas platyrhynchos,Кряква
144348889,research,https://www.inaturalist.org/observations/144348889,https://inaturalist-open-data.s3.amazonaws.com/photos/247727803/medium.jpeg,Кряква,Anas platyrhynchos,Кряква
144538339,research,https://www.inaturalist.org/observations/144538339,https://inaturalist-open-data.s3.amazonaws.com/photos/248092478/medium.jpeg,Domestic Mallard,Anas platyrhynchos domesticus,Домашняя утка
144538378,research,https://www.inaturalist.org/observations/144538378,https://inaturalist-open-data.s3.amazonaws.com/photos/248092868/medium.jpeg,بركة,Anas platyrhynchos,Кряква
144538646,research,https://www.inaturalist.org/observations/144538646,https://inaturalist-open-data.s3.amazonaws.com/photos/248093369/medium.jpeg,Pato norteño,Anas platyrhynchos,Кряква
144606933,research,https://www.inaturalist.org/observations/144606933,https://static.inaturalist.org/photos/248225533/medium.jpeg,Кряква,Anas platyrhynchos,Кряква
144657079,research,https://www.inaturalist.org/observations/144657079,https://inaturalist-open-data.s3.amazonaws.com/photos/248325479/medium.jpeg,Mallard,Anas platyrhynchos,Кряква
144984253,research,https://www.inaturalist.org/observations/144984253,https://inaturalist-open-data.s3.amazonaws.com/photos/248963746/medium.jpeg,Кряква,Anas platyrhynchos,Кряква
145002068,research,https://www.inaturalist.org/observations/145002068,https://inaturalist-open-data.s3.amazonaws.com/photos/248997722/medium.jpeg,Mallard,Anas platyrhynchos,Кряква
145002998,research,https://www.inaturalist.org/observations/145002998,https://inaturalist-open-data.s3.amazonaws.com/photos/248999471/medium.jpeg,Mallard,Anas platyrhynchos,Кряква
145003029,research,https://www.inaturalist.org/observations/145003029,https://inaturalist-open-data.s3.amazonaws.com/photos/248999543/medium.jpeg,Mallard,Anas platyrhynchos,Кряква
145003361,research,https://www.inaturalist.org/observations/145003361,https://inaturalist-open-data.s3.amazonaws.com/photos/249000201/medium.jpeg,Mallard,Anas platyrhynchos,Кряква
145055504,research,https://www.inaturalist.org/observations/145055504,https://inaturalist-open-data.s3.amazonaws.com/photos/249099439/medium.jpeg,Mallard,Anas platyrhynchos,Кряква
145247917,research,https://www.inaturalist.org/observations/145247917,https://inaturalist-open-data.s3.amazonaws.com/photos/249471742/medium.jpeg,Кряква,Anas platyrhynchos,Кряква
145840461,research,https://www.inaturalist.org/observations/145840461,https://inaturalist-open-data.s3.amazonaws.com/photos/250594430/medium.jpg,Кряква,Anas platyrhynchos,Кряква
145840464,research,https://www.inaturalist.org/observations/145840464,https://inaturalist-open-data.s3.amazonaws.com/photos/250594485/medium.jpg,Кряква,Anas platyrhynchos,Кряква
146143522,research,https://www.inaturalist.org/observations/146143522,https://inaturalist-open-data.s3.amazonaws.com/photos/251190995/medium.jpeg,Кряква,Anas platyrhynchos,Кряква
146619310,research,https://www.inaturalist.org/observations/146619310,https://inaturalist-open-data.s3.amazonaws.com/photos/252113867/medium.jpeg,Wilde Eend,Anas platyrhynchos,Кряква
146670924,research,https://www.inaturalist.org/observations/146670924,https://static.inaturalist.org/photos/252219433/medium.jpeg,Stockente,Anas platyrhynchos,Кряква
146709716,research,https://www.inaturalist.org/observations/146709716,https://static.inaturalist.org/photos/252294376/medium.jpg,Canard colvert,Anas platyrhynchos,Кряква
146709810,research,https://www.inaturalist.org/observations/146709810,https://static.inaturalist.org/photos/252294653/medium.jpg,Domestic Mallard,Anas platyrhynchos domesticus,Домашняя утка
146885068,research,https://www.inaturalist.org/observations/146885068,https://inaturalist-open-data.s3.amazonaws.com/photos/252642418/medium.jpg,Pato norteño,Anas platyrhynchos,Кряква
146902415,research,https://www.inaturalist.org/observations/146902415,https://inaturalist-open-data.s3.amazonaws.com/photos/252674490/medium.jpeg,Mallard,Anas platyrhynchos,Кряква
146902450,research,https://www.inaturalist.org/observations/146902450,https://inaturalist-open-data.s3.amazonaws.com/photos/252674576/medium.jpeg,Mallard,Anas platyrhynchos,Кряква
147765769,research,https://www.inaturalist.org/observations/147765769,https://inaturalist-open-data.s3.amazonaws.com/photos/254323939/medium.jpeg,Mallard,Anas platyrhynchos,Кряква
147788903,research,https://www.inaturalist.org/observations/147788903,https://inaturalist-open-data.s3.amazonaws.com/photos/254369206/medium.jpg,Krzyżówka,Anas platyrhynchos,Кряква
147999218,research,https://www.inaturalist.org/observations/147999218,https://static.inaturalist.org/photos/254777450/medium.jpeg,Кряква,Anas platyrhynchos,Кряква
147999221,research,https://www.inaturalist.org/observations/147999221,https://static.inaturalist.org/photos/254777461/medium.jpeg,Кряква,Anas platyrhynchos,Кряква
148170810,research,https://www.inaturalist.org/observations/148170810,https://inaturalist-open-data.s3.amazonaws.com/photos/255106002/medium.jpeg,Кряква,Anas platyrhynchos,Кряква
148186319,research,https://www.inaturalist.org/observations/148186319,https://inaturalist-open-data.s3.amazonaws.com/photos/255134866/medium.jpg,Mallard,Anas platyrhynchos,Кряква
148186324,research,https://www.inaturalist.org/observations/148186324,https://inaturalist-open-data.s3.amazonaws.com/photos/255134955/medium.jpg,Mallard,Anas platyrhynchos,Кряква
148187115,research,https://www.inaturalist.org/observations/148187115,https://inaturalist-open-data.s3.amazonaws.com/photos/255137122/medium.jpg,Кряква,Anas platyrhynchos,Кряква
148308512,research,https://www.inaturalist.org/observations/148308512,https://static.inaturalist.org/photos/255370834/medium.jpeg,Mallard,Anas platyrhynchos,Кряква
148308513,research,https://www.inaturalist.org/observations/148308513,https://static.inaturalist.org/photos/255370851/medium.jpeg,Mallard,Anas platyrhynchos,Кряква
148395814,research,https://www.inaturalist.org/observations/148395814,https://inaturalist-open-data.s3.amazonaws.com/photos/255538324/medium.jpg,Mallard,Anas platyrhynchos,Кряква
148526737,research,https://www.inaturalist.org/observations/148526737,https://inaturalist-open-data.s3.amazonaws.com/photos/255790732/medium.jpeg,Canard colvert,Anas platyrhynchos,Кряква
148779328,research,https://www.inaturalist.org/observations/148779328,https://inaturalist-open-data.s3.amazonaws.com/photos/256266899/medium.jpeg,Germano reale,Anas platyrhynchos,Кряква
148893694,research,https://www.inaturalist.org/observations/148893694,https://inaturalist-open-data.s3.amazonaws.com/photos/256486112/medium.jpeg,Кряква,Anas platyrhynchos,Кряква
149219785,research,https://www.inaturalist.org/observations/149219785,https://inaturalist-open-data.s3.amazonaws.com/photos/257096908/medium.jpeg,Кряква,Anas platyrhynchos,Кряква
149219791,research,https://www.inaturalist.org/observations/149219791,https://inaturalist-open-data.s3.amazonaws.com/photos/257096963/medium.jpeg,Кряква,Anas platyrhynchos,Кряква
149968831,research,https://www.inaturalist.org/observations/149968831,https://inaturalist-open-data.s3.amazonaws.com/photos/258507930/medium.jpg,Кряква,Anas platyrhynchos,Кряква
149973686,research,https://www.inaturalist.org/observations/149973686,https://inaturalist-open-data.s3.amazonaws.com/photos/258517425/medium.jpeg,Кряква,Anas platyrhynchos,Кряква
149991647,research,https://www.inaturalist.org/observations/149991647,https://static.inaturalist.org/photos/258550136/medium.jpeg,Mallard,Anas platyrhynchos,Кряква
149991650,research,https://www.inaturalist.org/observations/149991650,https://static.inaturalist.org/photos/258550411/medium.jpeg,Mallard,Anas platyrhynchos,Кряква
150294627,research,https://www.inaturalist.org/observations/150294627,https://inaturalist-open-data.s3.amazonaws.com/photos/259125709/medium.jpeg,Krzyżówka,Anas platyrhynchos,Кряква
150595844,research,https://www.inaturalist.org/observations/150595844,https://inaturalist-open-data.s3.amazonaws.com/photos/259708894/medium.jpg,Mallard,Anas platyrhynchos,Кряква
150798254,research,https://www.inaturalist.org/observations/150798254,https://inaturalist-open-data.s3.amazonaws.com/photos/260092374/medium.jpeg,Didžioji antis,Anas platyrhynchos,Кряква
150829261,research,https://www.inaturalist.org/observations/150829261,https://inaturalist-open-data.s3.amazonaws.com/photos/260150244/medium.jpeg,Mallard,Anas platyrhynchos,Кряква
150949625,research,https://www.inaturalist.org/observations/150949625,https://inaturalist-open-data.s3.amazonaws.com/photos/260376923/medium.jpeg,Кряква,Anas platyrhynchos,Кряква
151057133,research,https://www.inaturalist.org/observations/151057133,https://inaturalist-open-data.s3.amazonaws.com/photos/260578728/medium.jpg,Krzyżówka,Anas platyrhynchos,Кряква
151137763,research,https://www.inaturalist.org/observations/151137763,https://inaturalist-open-data.s3.amazonaws.com/photos/260729771/medium.jpeg,Кряква,Anas platyrhynchos,Кряква
151137764,research,https://www.inaturalist.org/observations/151137764,https://inaturalist-open-data.s3.amazonaws.com/photos/260729831/medium.jpeg,Кряква,Anas platyrhynchos,Кряква
151137767,research,https://www.inaturalist.org/observations/151137767,https://inaturalist-open-data.s3.amazonaws.com/photos/260729909/medium.jpeg,Кряква,Anas platyrhynchos,Кряква
151232000,research,https://www.inaturalist.org/observations/151232000,https://inaturalist-open-data.s3.amazonaws.com/photos/260905318/medium.jpg,Mallard,Anas platyrhynchos,Кряква
151232116,research,https://www.inaturalist.org/observations/151232116,https://inaturalist-open-data.s3.amazonaws.com/photos/260905618/medium.jpg,Mallard,Anas platyrhynchos,Кряква
151629602,research,https://www.inaturalist.org/observations/151629602,https://inaturalist-open-data.s3.amazonaws.com/photos/261652171/medium.jpeg,Кряква,Anas platyrhynchos,Кряква
151945788,research,https://www.inaturalist.org/observations/151945788,https://inaturalist-open-data.s3.amazonaws.com/photos/262247231/medium.jpg,Mallard,Anas platyrhynchos,Кряква
153807187,research,https://www.inaturalist.org/observations/153807187,https://inaturalist-open-data.s3.amazonaws.com/photos/265691533/medium.jpg,Кряква,Anas platyrhynchos,Кряква
153950207,research,https://www.inaturalist.org/observations/153950207,https://inaturalist-open-data.s3.amazonaws.com/photos/265957842/medium.jpeg,Кряква,Anas platyrhynchos,Кряква
154450525,research,https://www.inaturalist.org/observations/154450525,https://inaturalist-open-data.s3.amazonaws.com/photos/266872812/medium.jpg,Кряква,Anas platyrhynchos,Кряква
154603219,research,https://www.inaturalist.org/observations/154603219,https://static.inaturalist.org/photos/267150316/medium.jpeg,Кряква,Anas platyrhynchos,Кряква
154853157,research,https://www.inaturalist.org/observations/154853157,https://inaturalist-open-data.s3.amazonaws.com/photos/267605167/medium.jpg,Stockente,Anas platyrhynchos,Кряква
155818926,research,https://www.inaturalist.org/observations/155818926,https://inaturalist-open-data.s3.amazonaws.com/photos/269382007/medium.jpeg,Кряква,Anas platyrhynchos,Кряква
156451110,research,https://www.inaturalist.org/observations/156451110,https://static.inaturalist.org/photos/270531570/medium.jpeg,Mallard,Anas platyrhynchos,Кряква
156730591,research,https://www.inaturalist.org/observations/156730591,https://static.inaturalist.org/photos/271045509/medium.jpg,Кряква,Anas platyrhynchos,Кряква
157058617,research,https://www.inaturalist.org/observations/157058617,https://inaturalist-open-data.s3.amazonaws.com/photos/271616801/medium.jpg,Кряква,Anas platyrhynchos,Кряква
161096747,research,https://www.inaturalist.org/observations/161096747,https://inaturalist-open-data.s3.amazonaws.com/photos/278428306/medium.jpg,Gräsand,Anas platyrhynchos,Кряква
161302814,research,https://www.inaturalist.org/observations/161302814,https://inaturalist-open-data.s3.amazonaws.com/photos/278799976/medium.jpg,Mallard,Anas platyrhynchos,Кряква
161777290,research,https://www.inaturalist.org/observations/161777290,https://inaturalist-open-data.s3.amazonaws.com/photos/279660821/medium.jpeg,Кряква,Anas platyrhynchos,Кряква
162266734,research,https://www.inaturalist.org/observations/162266734,https://inaturalist-open-data.s3.amazonaws.com/photos/280565953/medium.jpeg,Домашняя утка,Anas platyrhynchos domesticus,Домашняя утка
163838704,research,https://www.inaturalist.org/observations/163838704,https://inaturalist-open-data.s3.amazonaws.com/photos/283420714/medium.jpeg,Stockente,Anas platyrhynchos,Кряква
165066671,research,https://www.inaturalist.org/observations/165066671,https://inaturalist-open-data.s3.amazonaws.com/photos/285687346/medium.jpg,Mallard,Anas platyrhynchos,Кряква
165859797,research,https://www.inaturalist.org/observations/165859797,https://inaturalist-open-data.s3.amazonaws.com/photos/287157870/medium.jpeg,Gråand,Anas platyrhynchos,Кряква
166620401,research,https://www.inaturalist.org/observations/166620401,https://inaturalist-open-data.s3.amazonaws.com/photos/288549869/medium.jpeg,Кряква,Anas platyrhynchos,Кряква
168276666,research,https://www.inaturalist.org/observations/168276666,https://static.inaturalist.org/photos/291614502/medium.jpg,Кряква,Anas platyrhynchos,Кряква
168537492,research,https://www.inaturalist.org/observations/168537492,https://inaturalist-open-data.s3.amazonaws.com/photos/292095999/medium.jpeg,Кряква,Anas platyrhynchos,Кряква
169646189,research,https://www.inaturalist.org/observations/169646189,https://inaturalist-open-data.s3.amazonaws.com/photos/294141212/medium.jpg,Кряква,Anas platyrhynchos,Кряква
170367031,research,https://www.inaturalist.org/observations/170367031,https://static.inaturalist.org/photos/295476538/medium.jpeg,Mallard,Anas platyrhynchos,Кряква
171527816,research,https://www.inaturalist.org/observations/171527816,https://inaturalist-open-data.s3.amazonaws.com/photos/297655342/medium.jpg,Mallard,Anas platyrhynchos,Кряква
172005635,research,https://www.inaturalist.org/observations/172005635,https://inaturalist-open-data.s3.amazonaws.com/photos/298536127/medium.jpeg,Mallard,Anas platyrhynchos,Кряква
172006109,research,https://www.inaturalist.org/observations/172006109,https://inaturalist-open-data.s3.amazonaws.com/photos/298537052/medium.jpeg,Mallard,Anas platyrhynchos,Кряква
172317503,research,https://www.inaturalist.org/observations/172317503,https://static.inaturalist.org/photos/299127401/medium.jpg,Canard colvert,Anas platyrhynchos,Кряква
172509884,research,https://www.inaturalist.org/observations/172509884,https://inaturalist-open-data.s3.amazonaws.com/photos/299484014/medium.jpeg,Mallard,Anas platyrhynchos,Кряква
174223782,research,https://www.inaturalist.org/observations/174223782,https://inaturalist-open-data.s3.amazonaws.com/photos/302654721/medium.jpeg,Canard colvert,Anas platyrhynchos,Кряква
174230391,research,https://www.inaturalist.org/observations/174230391,https://static.inaturalist.org/photos/302667127/medium.jpeg,Кряква,Anas platyrhynchos,Кряква
175688776,research,https://www.inaturalist.org/observations/175688776,https://static.inaturalist.org/photos/305352741/medium.jpeg,Кряква,Anas platyrhynchos,Кряква
177473928,research,https://www.inaturalist.org/observations/177473928,https://inaturalist-open-data.s3.amazonaws.com/photos/308675151/medium.jpeg,Кряква,Anas platyrhynchos,Кряква
178153353,research,https://www.inaturalist.org/observations/178153353,https://inaturalist-open-data.s3.amazonaws.com/photos/309955073/medium.jpg,Кряква,Anas platyrhynchos,Кряква
179407669,research,https://www.inaturalist.org/observations/179407669,https://inaturalist-open-data.s3.amazonaws.com/photos/312327038/medium.jpeg,Кряква,Anas platyrhynchos,Кряква
179643684,research,https://www.inaturalist.org/observations/179643684,https://inaturalist-open-data.s3.amazonaws.com/photos/312789202/medium.jpg,Кряква,Anas platyrhynchos,Кряква
179985354,research,https://www.inaturalist.org/observations/179985354,https://inaturalist-open-data.s3.amazonaws.com/photos/313439451/medium.jpeg,Кряква,Anas platyrhynchos,Кряква
181948774,research,https://www.inaturalist.org/observations/181948774,https://inaturalist-open-data.s3.amazonaws.com/photos/317145223/medium.jpg,Кряква,Anas platyrhynchos,Кряква
182426071,research,https://www.inaturalist.org/observations/182426071,https://inaturalist-open-data.s3.amazonaws.com/photos/318069413/medium.jpg,Кряква,Anas platyrhynchos,Кряква
182441702,research,https://www.inaturalist.org/observations/182441702,https://inaturalist-open-data.s3.amazonaws.com/photos/318100847/medium.jpg,Кряква,Anas platyrhynchos,Кряква
183510622,research,https://www.inaturalist.org/observations/183510622,https://inaturalist-open-data.s3.amazonaws.com/photos/320170978/medium.jpeg,Кряква,Anas platyrhynchos,Кряква
183647759,research,https://www.inaturalist.org/observations/183647759,https://inaturalist-open-data.s3.amazonaws.com/photos/320433240/medium.jpeg,Кряква,Anas platyrhynchos,Кряква
183837779,research,https://www.inaturalist.org/observations/183837779,https://inaturalist-open-data.s3.amazonaws.com/photos/320790468/medium.jpeg,Кряква,Anas platyrhynchos,Кряква
183903559,research,https://www.inaturalist.org/observations/183903559,https://inaturalist-open-data.s3.amazonaws.com/photos/320917921/medium.jpg,Кряква,Anas platyrhynchos,Кряква
184671318,research,https://www.inaturalist.org/observations/184671318,https://inaturalist-open-data.s3.amazonaws.com/photos/322396791/medium.jpeg,Кряква,Anas platyrhynchos,Кряква
185238617,research,https://www.inaturalist.org/observations/185238617,https://inaturalist-open-data.s3.amazonaws.com/photos/323485669/medium.jpg,Кряква,Anas platyrhynchos,Кряква
185746814,research,https://www.inaturalist.org/observations/185746814,https://inaturalist-open-data.s3.amazonaws.com/photos/324454835/medium.jpeg,Кряква,Anas platyrhynchos,Кряква
185888671,research,https://www.inaturalist.org/observations/185888671,https://inaturalist-open-data.s3.amazonaws.com/photos/324732915/medium.jpg,Кряква,Anas platyrhynchos,Кряква
187798526,research,https://www.inaturalist.org/observations/187798526,https://inaturalist-open-data.s3.amazonaws.com/photos/328510451/medium.jpeg,Кряква,Anas platyrhynchos,Кряква
188512743,research,https://www.inaturalist.org/observations/188512743,https://inaturalist-open-data.s3.amazonaws.com/photos/329963833/medium.jpeg,Кряква,Anas platyrhynchos,Кряква
188759742,research,https://www.inaturalist.org/observations/188759742,https://inaturalist-open-data.s3.amazonaws.com/photos/330471085/medium.jpg,Кряква,Anas platyrhynchos,Кряква
188894717,research,https://www.inaturalist.org/observations/188894717,https://static.inaturalist.org/photos/330748995/medium.jpeg,Кряква,Anas platyrhynchos,Кряква
189219240,research,https://www.inaturalist.org/observations/189219240,https://inaturalist-open-data.s3.amazonaws.com/photos/331408537/medium.jpeg,Кряква,Anas platyrhynchos,Кряква
190667409,research,https://www.inaturalist.org/observations/190667409,https://static.inaturalist.org/photos/334299426/medium.jpg,Кряква,Anas platyrhynchos,Кряква
191078838,research,https://www.inaturalist.org/observations/191078838,https://inaturalist-open-data.s3.amazonaws.com/photos/335119445/medium.jpeg,Кряква,Anas platyrhynchos,Кряква
191187206,research,https://www.inaturalist.org/observations/191187206,https://inaturalist-open-data.s3.amazonaws.com/photos/335337465/medium.jpg,Кряква,Anas platyrhynchos,Кряква
191189103,research,https://www.inaturalist.org/observations/191189103,https://inaturalist-open-data.s3.amazonaws.com/photos/335341456/medium.jpg,Кряква,Anas platyrhynchos,Кряква
191204301,research,https://www.inaturalist.org/observations/191204301,https://inaturalist-open-data.s3.amazonaws.com/photos/335372268/medium.jpg,Кряква,Anas platyrhynchos,Кряква
191206530,research,https://www.inaturalist.org/observations/191206530,https://inaturalist-open-data.s3.amazonaws.com/photos/335375957/medium.jpg,Кряква,Anas platyrhynchos,Кряква
191208947,research,https://www.inaturalist.org/observations/191208947,https://inaturalist-open-data.s3.amazonaws.com/photos/335380428/medium.jpg,Кряква,Anas platyrhynchos,Кряква
191650443,research,https://www.inaturalist.org/observations/191650443,https://static.inaturalist.org/photos/336263836/medium.jpg,Кряква,Anas platyrhynchos,Кряква
192047455,research,https://www.inaturalist.org/observations/192047455,https://inaturalist-open-data.s3.amazonaws.com/photos/337056497/medium.jpeg,Кряква,Anas platyrhynchos,Кряква
192052533,research,https://www.inaturalist.org/observations/192052533,https://inaturalist-open-data.s3.amazonaws.com/photos/337064633/medium.jpg,Кряква,Anas platyrhynchos,Кряква
192112697,research,https://www.inaturalist.org/observations/192112697,https://inaturalist-open-data.s3.amazonaws.com/photos/337179910/medium.jpg,Кряква,Anas platyrhynchos,Кряква
192443335,research,https://www.inaturalist.org/observations/192443335,https://inaturalist-open-data.s3.amazonaws.com/photos/344988996/medium.jpeg,Кряква,Anas platyrhynchos,Кряква
192941812,research,https://www.inaturalist.org/observations/192941812,https://inaturalist-open-data.s3.amazonaws.com/photos/338825448/medium.jpeg,Mallard,Anas platyrhynchos,Кряква
193138590,research,https://www.inaturalist.org/observations/193138590,https://inaturalist-open-data.s3.amazonaws.com/photos/339229620/medium.jpg,Кряква,Anas platyrhynchos,Кряква
193287672,research,https://www.inaturalist.org/observations/193287672,https://inaturalist-open-data.s3.amazonaws.com/photos/339526853/medium.jpg,Кряква,Anas platyrhynchos,Кряква
193287719,research,https://www.inaturalist.org/observations/193287719,https://inaturalist-open-data.s3.amazonaws.com/photos/339526907/medium.jpg,Кряква,Anas platyrhynchos,Кряква
193428355,research,https://www.inaturalist.org/observations/193428355,https://inaturalist-open-data.s3.amazonaws.com/photos/339787911/medium.jpeg,Кряква,Anas platyrhynchos,Кряква
193737208,research,https://www.inaturalist.org/observations/193737208,https://inaturalist-open-data.s3.amazonaws.com/photos/340362996/medium.jpg,Кряква,Anas platyrhynchos,Кряква
193737210,research,https://www.inaturalist.org/observations/193737210,https://inaturalist-open-data.s3.amazonaws.com/photos/340363033/medium.jpg,Кряква,Anas platyrhynchos,Кряква
193812646,research,https://www.inaturalist.org/observations/193812646,https://inaturalist-open-data.s3.amazonaws.com/photos/340518659/medium.jpeg,Кряква,Anas platyrhynchos,Кряква
194097947,research,https://www.inaturalist.org/observations/194097947,https://inaturalist-open-data.s3.amazonaws.com/photos/341088989/medium.jpeg,Кряква,Anas platyrhynchos,Кряква
194104205,research,https://www.inaturalist.org/observations/194104205,https://static.inaturalist.org/photos/341101074/medium.jpeg,Кряква,Anas platyrhynchos,Кряква
194106087,research,https://www.inaturalist.org/observations/194106087,https://static.inaturalist.org/photos/341104612/medium.jpeg,Кряква,Anas platyrhynchos,Кряква
194106097,research,https://www.inaturalist.org/observations/194106097,https://static.inaturalist.org/photos/341104637/medium.jpeg,Кряква,Anas platyrhynchos,Кряква
194106100,research,https://www.inaturalist.org/observations/194106100,https://static.inaturalist.org/photos/341104647/medium.jpeg,Кряква,Anas platyrhynchos,Кряква
194122551,research,https://www.inaturalist.org/observations/194122551,https://inaturalist-open-data.s3.amazonaws.com/photos/341138523/medium.jpg,Домашняя утка,Anas platyrhynchos domesticus,Домашняя утка
194185006,research,https://www.inaturalist.org/observations/194185006,https://inaturalist-open-data.s3.amazonaws.com/photos/341265154/medium.jpeg,Домашняя утка,Anas platyrhynchos domesticus,Домашняя утка
194412299,research,https://www.inaturalist.org/observations/194412299,https://inaturalist-open-data.s3.amazonaws.com/photos/341729088/medium.jpg,Кряква,Anas platyrhynchos,Кряква
194412451,research,https://www.inaturalist.org/observations/194412451,https://inaturalist-open-data.s3.amazonaws.com/photos/341729362/medium.jpg,Кряква,Anas platyrhynchos,Кряква
194415953,research,https://www.inaturalist.org/observations/194415953,https://inaturalist-open-data.s3.amazonaws.com/photos/341734966/medium.jpeg,Anas platyrhynchos platyrhynchos,Anas platyrhynchos platyrhynchos,
194563689,research,https://www.inaturalist.org/observations/194563689,https://inaturalist-open-data.s3.amazonaws.com/photos/342037442/medium.jpg,Кряква,Anas platyrhynchos,Кряква
194563695,research,https://www.inaturalist.org/observations/194563695,https://inaturalist-open-data.s3.amazonaws.com/photos/342037458/medium.jpg,Кряква,Anas platyrhynchos,Кряква
194720370,research,https://www.inaturalist.org/observations/194720370,https://inaturalist-open-data.s3.amazonaws.com/photos/342353522/medium.jpg,Кряква,Anas platyrhynchos,Кряква
194970953,research,https://www.inaturalist.org/observations/194970953,https://inaturalist-open-data.s3.amazonaws.com/photos/342873436/medium.jpeg,Кряква,Anas platyrhynchos,Кряква
195145518,research,https://www.inaturalist.org/observations/195145518,https://inaturalist-open-data.s3.amazonaws.com/photos/343230719/medium.jpeg,Кряква,Anas platyrhynchos,Кряква
195199600,research,https://www.inaturalist.org/observations/195199600,https://inaturalist-open-data.s3.amazonaws.com/photos/343336402/medium.jpeg,Кряква,Anas platyrhynchos,Кряква
195200978,research,https://www.inaturalist.org/observations/195200978,https://inaturalist-open-data.s3.amazonaws.com/photos/343339336/medium.jpeg,Кряква,Anas platyrhynchos,Кряква
195201541,research,https://www.inaturalist.org/observations/195201541,https://inaturalist-open-data.s3.amazonaws.com/photos/343340367/medium.jpeg,Кряква,Anas platyrhynchos,Кряква
195201658,research,https://www.inaturalist.org/observations/195201658,https://inaturalist-open-data.s3.amazonaws.com/photos/343340598/medium.jpeg,Кряква,Anas platyrhynchos,Кряква
195253372,research,https://www.inaturalist.org/observations/195253372,https://inaturalist-open-data.s3.amazonaws.com/photos/343448770/medium.jpeg,Кряква,Anas platyrhynchos,Кряква
195447279,research,https://www.inaturalist.org/observations/195447279,https://inaturalist-open-data.s3.amazonaws.com/photos/343844295/medium.jpg,Mallard,Anas platyrhynchos,Кряква
195447304,research,https://www.inaturalist.org/observations/195447304,https://inaturalist-open-data.s3.amazonaws.com/photos/343844333/medium.jpg,Mallard,Anas platyrhynchos,Кряква
195447309,research,https://www.inaturalist.org/observations/195447309,https://inaturalist-open-data.s3.amazonaws.com/photos/343844345/medium.jpg,Mallard,Anas platyrhynchos,Кряква
195447321,research,https://www.inaturalist.org/observations/195447321,https://inaturalist-open-data.s3.amazonaws.com/photos/343844374/medium.jpg,Mallard,Anas platyrhynchos,Кряква
195447387,research,https://www.inaturalist.org/observations/195447387,https://inaturalist-open-data.s3.amazonaws.com/photos/343844640/medium.jpg,Mallard,Anas platyrhynchos,Кряква
195667245,research,https://www.inaturalist.org/observations/195667245,https://inaturalist-open-data.s3.amazonaws.com/photos/344286121/medium.png,Кряква,Anas platyrhynchos,Кряква
195667247,research,https://www.inaturalist.org/observations/195667247,https://inaturalist-open-data.s3.amazonaws.com/photos/344286129/medium.png,Кряква,Anas platyrhynchos,Кряква
195667248,research,https://www.inaturalist.org/observations/195667248,https://inaturalist-open-data.s3.amazonaws.com/photos/344286156/medium.png,Кряква,Anas platyrhynchos,Кряква
195667249,research,https://www.inaturalist.org/observations/195667249,https://inaturalist-open-data.s3.amazonaws.com/photos/344286179/medium.png,Кряква,Anas platyrhynchos,Кряква
195667250,research,https://www.inaturalist.org/observations/195667250,https://inaturalist-open-data.s3.amazonaws.com/photos/344286745/medium.png,Кряква,Anas platyrhynchos,Кряква
195667251,research,https://www.inaturalist.org/observations/195667251,https://inaturalist-open-data.s3.amazonaws.com/photos/344286717/medium.png,Кряква,Anas platyrhynchos,Кряква
195667252,research,https://www.inaturalist.org/observations/195667252,https://inaturalist-open-data.s3.amazonaws.com/photos/344286714/medium.png,Кряква,Anas platyrhynchos,Кряква
195684399,research,https://www.inaturalist.org/observations/195684399,https://inaturalist-open-data.s3.amazonaws.com/photos/344322909/medium.jpeg,Кряква,Anas platyrhynchos,Кряква
195692920,research,https://www.inaturalist.org/observations/195692920,https://inaturalist-open-data.s3.amazonaws.com/photos/344336630/medium.png,Кряква,Anas platyrhynchos,Кряква
195692921,research,https://www.inaturalist.org/observations/195692921,https://inaturalist-open-data.s3.amazonaws.com/photos/344336646/medium.png,Кряква,Anas platyrhynchos,Кряква
195692922,research,https://www.inaturalist.org/observations/195692922,https://inaturalist-open-data.s3.amazonaws.com/photos/344336667/medium.png,Кряква,Anas platyrhynchos,Кряква
195692931,research,https://www.inaturalist.org/observations/195692931,https://inaturalist-open-data.s3.amazonaws.com/photos/344336796/medium.png,Кряква,Anas platyrhynchos,Кряква
195692936,research,https://www.inaturalist.org/observations/195692936,https://inaturalist-open-data.s3.amazonaws.com/photos/344336857/medium.png,Кряква,Anas platyrhynchos,Кряква
195692979,research,https://www.inaturalist.org/observations/195692979,https://inaturalist-open-data.s3.amazonaws.com/photos/344337198/medium.png,Кряква,Anas platyrhynchos,Кряква
195692980,research,https://www.inaturalist.org/observations/195692980,https://inaturalist-open-data.s3.amazonaws.com/photos/344337020/medium.png,Кряква,Anas platyrhynchos,Кряква
195692981,research,https://www.inaturalist.org/observations/195692981,https://inaturalist-open-data.s3.amazonaws.com/photos/344337212/medium.png,Кряква,Anas platyrhynchos,Кряква
195692984,research,https://www.inaturalist.org/observations/195692984,https://inaturalist-open-data.s3.amazonaws.com/photos/344337081/medium.png,Кряква,Anas platyrhynchos,Кряква
195692989,research,https://www.inaturalist.org/observations/195692989,https://inaturalist-open-data.s3.amazonaws.com/photos/344337202/medium.png,Кряква,Anas platyrhynchos,Кряква
195692990,research,https://www.inaturalist.org/observations/195692990,https://inaturalist-open-data.s3.amazonaws.com/photos/344337272/medium.png,Кряква,Anas platyrhynchos,Кряква
195692994,research,https://www.inaturalist.org/observations/195692994,https://inaturalist-open-data.s3.amazonaws.com/photos/344337307/medium.png,Кряква,Anas platyrhynchos,Кряква
195692996,research,https://www.inaturalist.org/observations/195692996,https://inaturalist-open-data.s3.amazonaws.com/photos/344337282/medium.png,Кряква,Anas platyrhynchos,Кряква
196201497,research,https://www.inaturalist.org/observations/196201497,https://inaturalist-open-data.s3.amazonaws.com/photos/345363814/medium.jpg,Кряква,Anas platyrhynchos,Кряква
196649177,research,https://www.inaturalist.org/observations/196649177,https://inaturalist-open-data.s3.amazonaws.com/photos/346148977/medium.jpeg,Кряква,Anas platyrhynchos,Кряква
197125132,research,https://www.inaturalist.org/observations/197125132,https://inaturalist-open-data.s3.amazonaws.com/photos/347109956/medium.jpg,Кряква,Anas platyrhynchos,Кряква
197140779,research,https://www.inaturalist.org/observations/197140779,https://inaturalist-open-data.s3.amazonaws.com/photos/347143190/medium.jpeg,Кряква,Anas platyrhynchos,Кряква
197448834,research,https://www.inaturalist.org/observations/197448834,https://inaturalist-open-data.s3.amazonaws.com/photos/347765800/medium.jpeg,Кряква,Anas platyrhynchos,Кряква
197467161,research,https://www.inaturalist.org/observations/197467161,https://inaturalist-open-data.s3.amazonaws.com/photos/347801623/medium.jpg,Кряква,Anas platyrhynchos,Кряква
197522000,research,https://www.inaturalist.org/observations/197522000,https://inaturalist-open-data.s3.amazonaws.com/photos/347913326/medium.jpeg,Кряква,Anas platyrhynchos,Кряква
197543650,research,https://www.inaturalist.org/observations/197543650,https://inaturalist-open-data.s3.amazonaws.com/photos/347958127/medium.jpg,Кряква,Anas platyrhynchos,Кряква
197632036,research,https://www.inaturalist.org/observations/197632036,https://static.inaturalist.org/photos/348136031/medium.jpeg,Кряква,Anas platyrhynchos,Кряква
197632101,research,https://www.inaturalist.org/observations/197632101,https://static.inaturalist.org/photos/348136137/medium.jpeg,Кряква,Anas platyrhynchos,Кряква
197637135,research,https://www.inaturalist.org/observations/197637135,https://static.inaturalist.org/photos/348144963/medium.jpeg,Кряква,Anas platyrhynchos,Кряква
197637276,research,https://www.inaturalist.org/observations/197637276,https://static.inaturalist.org/photos/348145187/medium.jpeg,Кряква,Anas platyrhynchos,Кряква
197824557,research,https://www.inaturalist.org/observations/197824557,https://inaturalist-open-data.s3.amazonaws.com/photos/348518588/medium.jpeg,Кряква,Anas platyrhynchos,Кряква
197824612,research,https://www.inaturalist.org/observations/197824612,https://inaturalist-open-data.s3.amazonaws.com/photos/348518676/medium.jpeg,Кряква,Anas platyrhynchos,Кряква
197824831,research,https://www.inaturalist.org/observations/197824831,https://inaturalist-open-data.s3.amazonaws.com/photos/348519131/medium.jpeg,Кряква,Anas platyrhynchos,Кряква
197967896,research,https://www.inaturalist.org/observations/197967896,https://inaturalist-open-data.s3.amazonaws.com/photos/348813749/medium.jpeg,Кряква,Anas platyrhynchos,Кряква
198142333,research,https://www.inaturalist.org/observations/198142333,https://inaturalist-open-data.s3.amazonaws.com/photos/349162305/medium.jpeg,Кряква,Anas platyrhynchos,Кряква
198144343,research,https://www.inaturalist.org/observations/198144343,https://inaturalist-open-data.s3.amazonaws.com/photos/349166579/medium.jpeg,Кряква,Anas platyrhynchos,Кряква
198201967,research,https://www.inaturalist.org/observations/198201967,https://inaturalist-open-data.s3.amazonaws.com/photos/349282243/medium.jpeg,Домашняя утка,Anas platyrhynchos domesticus,Домашняя утка
198201968,research,https://www.inaturalist.org/observations/198201968,https://inaturalist-open-data.s3.amazonaws.com/photos/349282350/medium.jpeg,Кряква,Anas platyrhynchos,Кряква
198201969,research,https://www.inaturalist.org/observations/198201969,https://inaturalist-open-data.s3.amazonaws.com/photos/349282415/medium.jpeg,Кряква,Anas platyrhynchos,Кряква
198215786,research,https://www.inaturalist.org/observations/198215786,https://inaturalist-open-data.s3.amazonaws.com/photos/349310868/medium.jpeg,Кряква,Anas platyrhynchos,Кряква
198309448,research,https://www.inaturalist.org/observations/198309448,https://inaturalist-open-data.s3.amazonaws.com/photos/349492413/medium.jpeg,Кряква,Anas platyrhynchos,Кряква
198474144,research,https://www.inaturalist.org/observations/198474144,https://inaturalist-open-data.s3.amazonaws.com/photos/349828957/medium.jpeg,Кряква,Anas platyrhynchos,Кряква
198554600,research,https://www.inaturalist.org/observations/198554600,https://inaturalist-open-data.s3.amazonaws.com/photos/349987036/medium.jpeg,Кряква,Anas platyrhynchos,Кряква
199444580,research,https://www.inaturalist.org/observations/199444580,https://inaturalist-open-data.s3.amazonaws.com/photos/351727197/medium.jpeg,Кряква,Anas platyrhynchos,Кряква
199982636,research,https://www.inaturalist.org/observations/199982636,https://inaturalist-open-data.s3.amazonaws.com/photos/352743948/medium.jpeg,Кряква,Anas platyrhynchos,Кряква
200021181,research,https://www.inaturalist.org/observations/200021181,https://static.inaturalist.org/photos/352821176/medium.jpeg,Кряква,Anas platyrhynchos,Кряква
200023074,research,https://www.inaturalist.org/observations/200023074,https://static.inaturalist.org/photos/352823190/medium.jpeg,Кряква,Anas platyrhynchos,Кряква
200023468,research,https://www.inaturalist.org/observations/200023468,https://static.inaturalist.org/photos/352824086/medium.jpeg,Кряква,Anas platyrhynchos,Кряква
200023673,research,https://www.inaturalist.org/observations/200023673,https://static.inaturalist.org/photos/352825380/medium.jpeg,Кряква,Anas platyrhynchos,Кряква
200059021,research,https://www.inaturalist.org/observations/200059021,https://inaturalist-open-data.s3.amazonaws.com/photos/352894700/medium.jpeg,Кряква,Anas platyrhynchos,Кряква
200059203,research,https://www.inaturalist.org/observations/200059203,https://inaturalist-open-data.s3.amazonaws.com/photos/352895192/medium.jpeg,Кряква,Anas platyrhynchos,Кряква
200059920,research,https://www.inaturalist.org/observations/200059920,https://inaturalist-open-data.s3.amazonaws.com/photos/352896934/medium.jpeg,Кряква,Anas platyrhynchos,Кряква
200066036,research,https://www.inaturalist.org/observations/200066036,https://inaturalist-open-data.s3.amazonaws.com/photos/352909073/medium.jpeg,Кряква,Anas platyrhynchos,Кряква
200400415,research,https://www.inaturalist.org/observations/200400415,https://inaturalist-open-data.s3.amazonaws.com/photos/353562141/medium.jpeg,Кряква,Anas platyrhynchos,Кряква
200749691,research,https://www.inaturalist.org/observations/200749691,https://static.inaturalist.org/photos/354240820/medium.jpeg,Кряква,Anas platyrhynchos,Кряква
200760527,research,https://www.inaturalist.org/observations/200760527,https://inaturalist-open-data.s3.amazonaws.com/photos/354236382/medium.jpeg,Кряква,Anas platyrhynchos,Кряква
200801783,research,https://www.inaturalist.org/observations/200801783,https://inaturalist-open-data.s3.amazonaws.com/photos/354344641/medium.jpeg,Кряква,Anas platyrhynchos,Кряква
201134057,research,https://www.inaturalist.org/observations/201134057,https://inaturalist-open-data.s3.amazonaws.com/photos/354997588/medium.jpg,Кряква,Anas platyrhynchos,Кряква
201500941,research,https://www.inaturalist.org/observations/201500941,https://inaturalist-open-data.s3.amazonaws.com/photos/355708850/medium.jpg,Кряква,Anas platyrhynchos,Кряква
202035443,research,https://www.inaturalist.org/observations/202035443,https://inaturalist-open-data.s3.amazonaws.com/photos/356745252/medium.jpeg,Кряква,Anas platyrhynchos,Кряква
202173940,research,https://www.inaturalist.org/observations/202173940,https://inaturalist-open-data.s3.amazonaws.com/photos/357015927/medium.jpeg,Кряква,Anas platyrhynchos,Кряква
202304973,research,https://www.inaturalist.org/observations/202304973,https://inaturalist-open-data.s3.amazonaws.com/photos/357255601/medium.jpeg,Кряква,Anas platyrhynchos,Кряква
203394844,research,https://www.inaturalist.org/observations/203394844,https://inaturalist-open-data.s3.amazonaws.com/photos/359353222/medium.jpeg,Кряква,Anas platyrhynchos,Кряква
203728672,research,https://www.inaturalist.org/observations/203728672,https://inaturalist-open-data.s3.amazonaws.com/photos/359995421/medium.jpeg,Кряква,Anas platyrhynchos,Кряква
204000162,research,https://www.inaturalist.org/observations/204000162,https://inaturalist-open-data.s3.amazonaws.com/photos/360514660/medium.jpg,Кряква,Anas platyrhynchos,Кряква
204000164,research,https://www.inaturalist.org/observations/204000164,https://inaturalist-open-data.s3.amazonaws.com/photos/360514669/medium.jpg,Кряква,Anas platyrhynchos,Кряква
204000165,research,https://www.inaturalist.org/observations/204000165,https://inaturalist-open-data.s3.amazonaws.com/photos/360514681/medium.jpg,Кряква,Anas platyrhynchos,Кряква
205069977,research,https://www.inaturalist.org/observations/205069977,https://inaturalist-open-data.s3.amazonaws.com/photos/362548372/medium.jpeg,Кряква,Anas platyrhynchos,Кряква
205202742,research,https://www.inaturalist.org/observations/205202742,https://inaturalist-open-data.s3.amazonaws.com/photos/362802203/medium.jpeg,Кряква,Anas platyrhynchos,Кряква
205633313,research,https://www.inaturalist.org/observations/205633313,https://inaturalist-open-data.s3.amazonaws.com/photos/363624001/medium.jpeg,Кряква,Anas platyrhynchos,Кряква
206106148,research,https://www.inaturalist.org/observations/206106148,https://inaturalist-open-data.s3.amazonaws.com/photos/364501857/medium.jpeg,Кряква,Anas platyrhynchos,Кряква
206477457,research,https://www.inaturalist.org/observations/206477457,https://inaturalist-open-data.s3.amazonaws.com/photos/365181865/medium.jpg,Кряква,Anas platyrhynchos,Кряква
206664005,research,https://www.inaturalist.org/observations/206664005,https://inaturalist-open-data.s3.amazonaws.com/photos/365464935/medium.jpg,Кряква,Anas platyrhynchos,Кряква
206699216,research,https://www.inaturalist.org/observations/206699216,https://inaturalist-open-data.s3.amazonaws.com/photos/365534434/medium.jpg,Кряква,Anas platyrhynchos,Кряква
206761214,research,https://www.inaturalist.org/observations/206761214,https://inaturalist-open-data.s3.amazonaws.com/photos/365652347/medium.jpg,Кряква,Anas platyrhynchos,Кряква
207198312,research,https://www.inaturalist.org/observations/207198312,https://inaturalist-open-data.s3.amazonaws.com/photos/366471621/medium.jpeg,Mallard,Anas platyrhynchos,Кряква
207592145,research,https://www.inaturalist.org/observations/207592145,https://static.inaturalist.org/photos/367213072/medium.jpeg,Кряква,Anas platyrhynchos,Кряква
208340250,research,https://www.inaturalist.org/observations/208340250,https://inaturalist-open-data.s3.amazonaws.com/photos/368605470/medium.jpg,Кряква,Anas platyrhynchos,Кряква
208340251,research,https://www.inaturalist.org/observations/208340251,https://inaturalist-open-data.s3.amazonaws.com/photos/368605469/medium.jpg,Кряква,Anas platyrhynchos,Кряква
208426258,research,https://www.inaturalist.org/observations/208426258,https://inaturalist-open-data.s3.amazonaws.com/photos/368774493/medium.jpeg,Кряква,Anas platyrhynchos,Кряква
208948835,research,https://www.inaturalist.org/observations/208948835,https://static.inaturalist.org/photos/369737164/medium.jpeg,Кряква,Anas platyrhynchos,Кряква
209066273,research,https://www.inaturalist.org/observations/209066273,https://inaturalist-open-data.s3.amazonaws.com/photos/369959513/medium.jpeg,Утиные,Anas platyrhynchos,Кряква
209084656,research,https://www.inaturalist.org/observations/209084656,https://inaturalist-open-data.s3.amazonaws.com/photos/369991525/medium.jpeg,Кряква,Anas platyrhynchos,Кряква
209587344,research,https://www.inaturalist.org/observations/209587344,https://static.inaturalist.org/photos/370859325/medium.jpeg,Кряква,Anas platyrhynchos,Кряква
211055181,research,https://www.inaturalist.org/observations/211055181,https://inaturalist-open-data.s3.amazonaws.com/photos/373193098/medium.jpg,Кряква,Anas platyrhynchos,Кряква
212923939,research,https://www.inaturalist.org/observations/212923939,https://inaturalist-open-data.s3.amazonaws.com/photos/376275225/medium.jpeg,Кряква,Anas platyrhynchos,Кряква
213134863,research,https://www.inaturalist.org/observations/213134863,https://inaturalist-open-data.s3.amazonaws.com/photos/376660340/medium.jpg,Mallard,Anas platyrhynchos,Кряква
213505278,research,https://www.inaturalist.org/observations/213505278,https://inaturalist-open-data.s3.amazonaws.com/photos/377325137/medium.jpg,Кряква,Anas platyrhynchos,Кряква
214360567,research,https://www.inaturalist.org/observations/214360567,https://inaturalist-open-data.s3.amazonaws.com/photos/378890958/medium.jpeg,Кряква,Anas platyrhynchos,Кряква
217092161,research,https://www.inaturalist.org/observations/217092161,https://inaturalist-open-data.s3.amazonaws.com/photos/384006402/medium.jpeg,Кряква,Anas platyrhynchos,Кряква
218350935,research,https://www.inaturalist.org/observations/218350935,https://inaturalist-open-data.s3.amazonaws.com/photos/386375280/medium.jpg,Кряква,Anas platyrhynchos,Кряква
220218683,research,https://www.inaturalist.org/observations/220218683,https://inaturalist-open-data.s3.amazonaws.com/photos/389867801/medium.jpg,Кряква,Anas platyrhynchos,Кряква
220218688,research,https://www.inaturalist.org/observations/220218688,https://inaturalist-open-data.s3.amazonaws.com/photos/389867956/medium.jpg,Кряква,Anas platyrhynchos,Кряква
220218690,research,https://www.inaturalist.org/observations/220218690,https://inaturalist-open-data.s3.amazonaws.com/photos/389869266/medium.jpg,Кряква,Anas platyrhynchos,Кряква
220218692,research,https://www.inaturalist.org/observations/220218692,https://inaturalist-open-data.s3.amazonaws.com/photos/389869302/medium.jpg,Кряква,Anas platyrhynchos,Кряква
220635048,research,https://www.inaturalist.org/observations/220635048,https://static.inaturalist.org/photos/390658027/medium.jpeg,Кряква,Anas platyrhynchos,Кряква
221281697,research,https://www.inaturalist.org/observations/221281697,https://inaturalist-open-data.s3.amazonaws.com/photos/391866204/medium.jpeg,Кряква,Anas platyrhynchos,Кряква
221284116,research,https://www.inaturalist.org/observations/221284116,https://inaturalist-open-data.s3.amazonaws.com/photos/391870506/medium.jpeg,Кряква,Anas platyrhynchos,Кряква
221619481,research,https://www.inaturalist.org/observations/221619481,https://inaturalist-open-data.s3.amazonaws.com/photos/392481677/medium.jpg,Кряква,Anas platyrhynchos,Кряква
221619496,research,https://www.inaturalist.org/observations/221619496,https://inaturalist-open-data.s3.amazonaws.com/photos/392481705/medium.jpg,Кряква,Anas platyrhynchos,Кряква
221619500,research,https://www.inaturalist.org/observations/221619500,https://inaturalist-open-data.s3.amazonaws.com/photos/392481733/medium.jpg,Кряква,Anas platyrhynchos,Кряква
221620609,research,https://www.inaturalist.org/observations/221620609,https://inaturalist-open-data.s3.amazonaws.com/photos/392484586/medium.jpeg,Кряква,Anas platyrhynchos,Кряква
221639656,research,https://www.inaturalist.org/observations/221639656,https://static.inaturalist.org/photos/392501774/medium.jpeg,Кряква,Anas platyrhynchos,Кряква
221639838,research,https://www.inaturalist.org/observations/221639838,https://static.inaturalist.org/photos/392517057/medium.jpeg,Кряква,Anas platyrhynchos,Кряква
223133458,research,https://www.inaturalist.org/observations/223133458,https://inaturalist-open-data.s3.amazonaws.com/photos/395310661/medium.jpeg,Кряква,Anas platyrhynchos,Кряква
223133459,research,https://www.inaturalist.org/observations/223133459,https://inaturalist-open-data.s3.amazonaws.com/photos/395310776/medium.jpeg,Кряква,Anas platyrhynchos,Кряква
223144064,research,https://www.inaturalist.org/observations/223144064,https://inaturalist-open-data.s3.amazonaws.com/photos/395340727/medium.jpeg,Кряква,Anas platyrhynchos,Кряква
223356957,research,https://www.inaturalist.org/observations/223356957,https://inaturalist-open-data.s3.amazonaws.com/photos/395744690/medium.jpeg,Кряква,Anas platyrhynchos,Кряква
223543987,research,https://www.inaturalist.org/observations/223543987,https://inaturalist-open-data.s3.amazonaws.com/photos/396103732/medium.jpeg,Кряква,Anas platyrhynchos,Кряква
223550922,research,https://www.inaturalist.org/observations/223550922,https://inaturalist-open-data.s3.amazonaws.com/photos/396116669/medium.jpeg,Кряква,Anas platyrhynchos,Кряква
223705421,research,https://www.inaturalist.org/observations/223705421,https://inaturalist-open-data.s3.amazonaws.com/photos/396413027/medium.jpeg,Кряква,Anas platyrhynchos,Кряква
223719765,research,https://www.inaturalist.org/observations/223719765,https://inaturalist-open-data.s3.amazonaws.com/photos/396438804/medium.jpeg,Кряква,Anas platyrhynchos,Кряква
223743582,research,https://www.inaturalist.org/observations/223743582,https://inaturalist-open-data.s3.amazonaws.com/photos/396484166/medium.jpeg,Кряква,Anas platyrhynchos,Кряква
223743771,research,https://www.inaturalist.org/observations/223743771,https://inaturalist-open-data.s3.amazonaws.com/photos/396493269/medium.jpeg,Кряква,Anas platyrhynchos,Кряква
225313219,research,https://www.inaturalist.org/observations/225313219,https://inaturalist-open-data.s3.amazonaws.com/photos/399453040/medium.jpg,Кряква,Anas platyrhynchos,Кряква
225699787,research,https://www.inaturalist.org/observations/225699787,https://inaturalist-open-data.s3.amazonaws.com/photos/400192399/medium.png,Кряква,Anas platyrhynchos,Кряква
226850724,research,https://www.inaturalist.org/observations/226850724,https://inaturalist-open-data.s3.amazonaws.com/photos/402374076/medium.jpeg,Кряква,Anas platyrhynchos,Кряква
228588482,research,https://www.inaturalist.org/observations/228588482,https://inaturalist-open-data.s3.amazonaws.com/photos/405658478/medium.jpeg,Кряква,Anas platyrhynchos,Кряква
228652093,research,https://www.inaturalist.org/observations/228652093,https://inaturalist-open-data.s3.amazonaws.com/photos/405774971/medium.jpeg,Кряква,Anas platyrhynchos,Кряква
228797907,research,https://www.inaturalist.org/observations/228797907,https://inaturalist-open-data.s3.amazonaws.com/photos/406059484/medium.jpeg,Кряква,Anas platyrhynchos,Кряква
230029408,research,https://www.inaturalist.org/observations/230029408,https://inaturalist-open-data.s3.amazonaws.com/photos/408393977/medium.jpeg,Кряква,Anas platyrhynchos,Кряква
231027848,research,https://www.inaturalist.org/observations/231027848,https://inaturalist-open-data.s3.amazonaws.com/photos/410265872/medium.jpg,Кряква,Anas platyrhynchos,Кряква
231972032,research,https://www.inaturalist.org/observations/231972032,https://inaturalist-open-data.s3.amazonaws.com/photos/412069832/medium.jpeg,Кряква,Anas platyrhynchos,Кряква
232544383,research,https://www.inaturalist.org/observations/232544383,https://inaturalist-open-data.s3.amazonaws.com/photos/413152060/medium.jpeg,Кряква,Anas platyrhynchos,Кряква
232571362,research,https://www.inaturalist.org/observations/232571362,https://inaturalist-open-data.s3.amazonaws.com/photos/413204486/medium.jpg,Кряква,Anas platyrhynchos,Кряква
234103065,research,https://www.inaturalist.org/observations/234103065,https://inaturalist-open-data.s3.amazonaws.com/photos/416126534/medium.jpg,Кряква,Anas platyrhynchos,Кряква
235878264,research,https://www.inaturalist.org/observations/235878264,https://static.inaturalist.org/photos/419560872/medium.jpeg,绿头鸭,Anas platyrhynchos,Кряква
236587318,research,https://www.inaturalist.org/observations/236587318,https://inaturalist-open-data.s3.amazonaws.com/photos/420918758/medium.jpeg,Кряква,Anas platyrhynchos,Кряква
238136613,research,https://www.inaturalist.org/observations/238136613,https://inaturalist-open-data.s3.amazonaws.com/photos/423914820/medium.jpeg,Кряква,Anas platyrhynchos,Кряква
238248305,research,https://www.inaturalist.org/observations/238248305,https://inaturalist-open-data.s3.amazonaws.com/photos/424133821/medium.jpeg,Кряква,Anas platyrhynchos,Кряква
238960887,research,https://www.inaturalist.org/observations/238960887,https://static.inaturalist.org/photos/425510670/medium.jpeg,Кряква,Anas platyrhynchos,Кряква
238960892,research,https://www.inaturalist.org/observations/238960892,https://static.inaturalist.org/photos/425510674/medium.jpeg,Кряква,Anas platyrhynchos,Кряква
239456531,research,https://www.inaturalist.org/observations/239456531,https://inaturalist-open-data.s3.amazonaws.com/photos/426475896/medium.jpeg,Pato-real,Anas platyrhynchos,Кряква
239623464,research,https://www.inaturalist.org/observations/239623464,https://inaturalist-open-data.s3.amazonaws.com/photos/426804410/medium.jpeg,Кряква,Anas platyrhynchos,Кряква
240507290,research,https://www.inaturalist.org/observations/240507290,https://static.inaturalist.org/photos/428521466/medium.jpeg,Кряква,Anas platyrhynchos,Кряква
240616314,research,https://www.inaturalist.org/observations/240616314,https://inaturalist-open-data.s3.amazonaws.com/photos/428703151/medium.jpeg,Кряква,Anas platyrhynchos,Кряква
240803896,research,https://www.inaturalist.org/observations/240803896,https://static.inaturalist.org/photos/429072638/medium.jpeg,Кряква,Anas platyrhynchos,Кряква
241626797,research,https://www.inaturalist.org/observations/241626797,https://inaturalist-open-data.s3.amazonaws.com/photos/430663923/medium.jpg,Кряква,Anas platyrhynchos,Кряква
241626798,research,https://www.inaturalist.org/observations/241626798,https://inaturalist-open-data.s3.amazonaws.com/photos/430664237/medium.jpg,Кряква,Anas platyrhynchos,Кряква
241661325,research,https://www.inaturalist.org/observations/241661325,https://inaturalist-open-data.s3.amazonaws.com/photos/430725443/medium.jpeg,Pato-real,Anas platyrhynchos,Кряква
242022076,research,https://www.inaturalist.org/observations/242022076,https://inaturalist-open-data.s3.amazonaws.com/photos/431423392/medium.jpeg,Кряква,Anas platyrhynchos,Кряква
242026773,research,https://www.inaturalist.org/observations/242026773,https://inaturalist-open-data.s3.amazonaws.com/photos/431432514/medium.jpeg,Кряква,Anas platyrhynchos,Кряква
242737320,research,https://www.inaturalist.org/observations/242737320,https://inaturalist-open-data.s3.amazonaws.com/photos/432755598/medium.jpg,Кряква,Anas platyrhynchos,Кряква
242909453,research,https://www.inaturalist.org/observations/242909453,https://inaturalist-open-data.s3.amazonaws.com/photos/433081160/medium.jpeg,Кряква,Anas platyrhynchos,Кряква
243181516,research,https://www.inaturalist.org/observations/243181516,https://inaturalist-open-data.s3.amazonaws.com/photos/433592541/medium.jpeg,Кряква,Anas platyrhynchos,Кряква
243418240,research,https://www.inaturalist.org/observations/243418240,https://inaturalist-open-data.s3.amazonaws.com/photos/434043853/medium.jpeg,Кряква,Anas platyrhynchos,Кряква
244335533,research,https://www.inaturalist.org/observations/244335533,https://inaturalist-open-data.s3.amazonaws.com/photos/435821594/medium.jpeg,Кряква,Anas platyrhynchos,Кряква
244889801,research,https://www.inaturalist.org/observations/244889801,https://inaturalist-open-data.s3.amazonaws.com/photos/436905717/medium.jpeg,Кряква,Anas platyrhynchos,Кряква
244936300,research,https://www.inaturalist.org/observations/244936300,https://inaturalist-open-data.s3.amazonaws.com/photos/436990171/medium.jpeg,Кряква,Anas platyrhynchos,Кряква
245188813,research,https://www.inaturalist.org/observations/245188813,https://inaturalist-open-data.s3.amazonaws.com/photos/437486817/medium.jpeg,Кряква,Anas platyrhynchos,Кряква
245195112,research,https://www.inaturalist.org/observations/245195112,https://inaturalist-open-data.s3.amazonaws.com/photos/437499783/medium.jpg,Кряква,Anas platyrhynchos,Кряква
245195144,research,https://www.inaturalist.org/observations/245195144,https://inaturalist-open-data.s3.amazonaws.com/photos/437499859/medium.jpg,Кряква,Anas platyrhynchos,Кряква
245752862,research,https://www.inaturalist.org/observations/245752862,https://inaturalist-open-data.s3.amazonaws.com/photos/438595621/medium.jpeg,Кряква,Anas platyrhynchos,Кряква
246115835,research,https://www.inaturalist.org/observations/246115835,https://inaturalist-open-data.s3.amazonaws.com/photos/439308241/medium.jpg,Кряква,Anas platyrhynchos,Кряква
246162408,research,https://www.inaturalist.org/observations/246162408,https://inaturalist-open-data.s3.amazonaws.com/photos/439398419/medium.jpeg,Кряква,Anas platyrhynchos,Кряква
246346186,research,https://www.inaturalist.org/observations/246346186,https://static.inaturalist.org/photos/439760036/medium.jpeg,Кряква,Anas platyrhynchos,Кряква
246346189,research,https://www.inaturalist.org/observations/246346189,https://static.inaturalist.org/photos/439759990/medium.jpeg,Кряква,Anas platyrhynchos,Кряква
246346211,research,https://www.inaturalist.org/observations/246346211,https://static.inaturalist.org/photos/439760171/medium.jpeg,Кряква,Anas platyrhynchos,Кряква
247077910,research,https://www.inaturalist.org/observations/247077910,https://inaturalist-open-data.s3.amazonaws.com/photos/441213043/medium.jpeg,Кряква,Anas platyrhynchos,Кряква
249756862,research,https://www.inaturalist.org/observations/249756862,https://static.inaturalist.org/photos/446531080/medium.jpeg,Mallard,Anas platyrhynchos,Кряква
249879156,research,https://www.inaturalist.org/observations/249879156,https://static.inaturalist.org/photos/446773949/medium.jpeg,Кряква,Anas platyrhynchos,Кряква
250432914,research,https://www.inaturalist.org/observations/250432914,https://static.inaturalist.org/photos/447888677/medium.jpeg,Кряква,Anas platyrhynchos,Кряква
250574324,research,https://www.inaturalist.org/observations/250574324,https://inaturalist-open-data.s3.amazonaws.com/photos/448172539/medium.jpg,Кряква,Anas platyrhynchos,Кряква
250669643,research,https://www.inaturalist.org/observations/250669643,https://inaturalist-open-data.s3.amazonaws.com/photos/448366685/medium.jpeg,Кряква,Anas platyrhynchos,Кряква
250781161,research,https://www.inaturalist.org/observations/250781161,https://inaturalist-open-data.s3.amazonaws.com/photos/448592842/medium.jpg,Кряква,Anas platyrhynchos,Кряква
250805157,research,https://www.inaturalist.org/observations/250805157,https://inaturalist-open-data.s3.amazonaws.com/photos/448637643/medium.jpeg,Кряква,Anas platyrhynchos,Кряква
250809727,research,https://www.inaturalist.org/observations/250809727,https://inaturalist-open-data.s3.amazonaws.com/photos/448646752/medium.jpeg,Кряква,Anas platyrhynchos,Кряква
251043981,research,https://www.inaturalist.org/observations/251043981,https://inaturalist-open-data.s3.amazonaws.com/photos/449111347/medium.jpeg,Кряква,Anas platyrhynchos,Кряква
251062590,research,https://www.inaturalist.org/observations/251062590,https://inaturalist-open-data.s3.amazonaws.com/photos/449147462/medium.jpeg,Кряква,Anas platyrhynchos,Кряква
251188780,research,https://www.inaturalist.org/observations/251188780,https://inaturalist-open-data.s3.amazonaws.com/photos/449401474/medium.jpeg,Кряква,Anas platyrhynchos,Кряква
251189027,research,https://www.inaturalist.org/observations/251189027,https://inaturalist-open-data.s3.amazonaws.com/photos/449401999/medium.jpeg,Кряква,Anas platyrhynchos,Кряква
251189454,research,https://www.inaturalist.org/observations/251189454,https://inaturalist-open-data.s3.amazonaws.com/photos/449402831/medium.jpeg,Кряква,Anas platyrhynchos,Кряква
251190284,research,https://www.inaturalist.org/observations/251190284,https://inaturalist-open-data.s3.amazonaws.com/photos/449404391/medium.jpeg,Кряква,Anas platyrhynchos,Кряква
251369483,research,https://www.inaturalist.org/observations/251369483,https://inaturalist-open-data.s3.amazonaws.com/photos/449761072/medium.jpeg,Кряква,Anas platyrhynchos,Кряква
251450054,research,https://www.inaturalist.org/observations/251450054,https://inaturalist-open-data.s3.amazonaws.com/photos/449911540/medium.jpeg,Кряква,Anas platyrhynchos,Кряква
251487776,research,https://www.inaturalist.org/observations/251487776,https://inaturalist-open-data.s3.amazonaws.com/photos/449995084/medium.jpg,Кряква,Anas platyrhynchos,Кряква
251582619,research,https://www.inaturalist.org/observations/251582619,https://inaturalist-open-data.s3.amazonaws.com/photos/450182762/medium.jpeg,Домашняя утка,Anas platyrhynchos domesticus,Домашняя утка
251949794,research,https://www.inaturalist.org/observations/251949794,https://inaturalist-open-data.s3.amazonaws.com/photos/450916036/medium.jpeg,Кряква,Anas platyrhynchos,Кряква
252041464,research,https://www.inaturalist.org/observations/252041464,https://inaturalist-open-data.s3.amazonaws.com/photos/451103162/medium.jpeg,Кряква,Anas platyrhynchos,Кряква
252355562,research,https://www.inaturalist.org/observations/252355562,https://inaturalist-open-data.s3.amazonaws.com/photos/451733372/medium.jpeg,Кряква,Anas platyrhynchos,Кряква
252624359,research,https://www.inaturalist.org/observations/252624359,https://inaturalist-open-data.s3.amazonaws.com/photos/452260505/medium.jpeg,Кряква,Anas platyrhynchos,Кряква
253104637,research,https://www.inaturalist.org/observations/253104637,https://inaturalist-open-data.s3.amazonaws.com/photos/453138272/medium.jpeg,Mallard,Anas platyrhynchos,Кряква
253173536,research,https://www.inaturalist.org/observations/253173536,https://inaturalist-open-data.s3.amazonaws.com/photos/453272889/medium.jpeg,Кряква,Anas platyrhynchos,Кряква
253174343,research,https://www.inaturalist.org/observations/253174343,https://inaturalist-open-data.s3.amazonaws.com/photos/453274246/medium.jpeg,Кряква,Anas platyrhynchos,Кряква
253293305,research,https://www.inaturalist.org/observations/253293305,https://inaturalist-open-data.s3.amazonaws.com/photos/453502630/medium.jpeg,Кряква,Anas platyrhynchos,Кряква
253293641,research,https://www.inaturalist.org/observations/253293641,https://inaturalist-open-data.s3.amazonaws.com/photos/453504037/medium.jpeg,Кряква,Anas platyrhynchos,Кряква
253300082,research,https://www.inaturalist.org/observations/253300082,https://inaturalist-open-data.s3.amazonaws.com/photos/453517870/medium.jpeg,Кряква,Anas platyrhynchos,Кряква
253396351,research,https://www.inaturalist.org/observations/253396351,https://inaturalist-open-data.s3.amazonaws.com/photos/453707915/medium.jpeg,Кряква,Anas platyrhynchos,Кряква
253513012,research,https://www.inaturalist.org/observations/253513012,https://inaturalist-open-data.s3.amazonaws.com/photos/453940286/medium.jpeg,Кряква,Anas platyrhynchos,Кряква
253534830,research,https://www.inaturalist.org/observations/253534830,https://inaturalist-open-data.s3.amazonaws.com/photos/453983003/medium.jpeg,Кряква,Anas platyrhynchos,Кряква
253577741,research,https://www.inaturalist.org/observations/253577741,https://inaturalist-open-data.s3.amazonaws.com/photos/454069404/medium.jpeg,Кряква,Anas platyrhynchos,Кряква
253762787,research,https://www.inaturalist.org/observations/253762787,https://inaturalist-open-data.s3.amazonaws.com/photos/454436815/medium.jpeg,Кряква,Anas platyrhynchos,Кряква
253762936,research,https://www.inaturalist.org/observations/253762936,https://static.inaturalist.org/photos/454436988/medium.jpeg,Кряква,Anas platyrhynchos,Кряква
253762937,research,https://www.inaturalist.org/observations/253762937,https://static.inaturalist.org/photos/454437039/medium.jpeg,Кряква,Anas platyrhynchos,Кряква
253762941,research,https://www.inaturalist.org/observations/253762941,https://static.inaturalist.org/photos/454437024/medium.jpeg,Кряква,Anas platyrhynchos,Кряква
253763813,research,https://www.inaturalist.org/observations/253763813,https://inaturalist-open-data.s3.amazonaws.com/photos/454439160/medium.jpeg,Кряква,Anas platyrhynchos,Кряква
253766535,research,https://www.inaturalist.org/observations/253766535,https://inaturalist-open-data.s3.amazonaws.com/photos/454444422/medium.jpeg,Кряква,Anas platyrhynchos,Кряква
253766804,research,https://www.inaturalist.org/observations/253766804,https://inaturalist-open-data.s3.amazonaws.com/photos/454444992/medium.jpeg,Кряква,Anas platyrhynchos,Кряква
253767359,research,https://www.inaturalist.org/observations/253767359,https://inaturalist-open-data.s3.amazonaws.com/photos/454446046/medium.jpeg,Кряква,Anas platyrhynchos,Кряква
253769063,research,https://www.inaturalist.org/observations/253769063,https://inaturalist-open-data.s3.amazonaws.com/photos/454449683/medium.jpeg,Кряква,Anas platyrhynchos,Кряква
253843511,research,https://www.inaturalist.org/observations/253843511,https://inaturalist-open-data.s3.amazonaws.com/photos/454595936/medium.jpeg,Кряква,Anas platyrhynchos,Кряква
253981507,research,https://www.inaturalist.org/observations/253981507,https://inaturalist-open-data.s3.amazonaws.com/photos/454838160/medium.jpeg,Домашняя утка,Anas platyrhynchos domesticus,Домашняя утка
253981821,research,https://www.inaturalist.org/observations/253981821,https://inaturalist-open-data.s3.amazonaws.com/photos/454839233/medium.jpg,Кряква,Anas platyrhynchos,Кряква
254117827,research,https://www.inaturalist.org/observations/254117827,https://inaturalist-open-data.s3.amazonaws.com/photos/455087991/medium.jpeg,Кряква,Anas platyrhynchos,Кряква
254132059,research,https://www.inaturalist.org/observations/254132059,https://inaturalist-open-data.s3.amazonaws.com/photos/455132829/medium.jpeg,Кряква,Anas platyrhynchos,Кряква
254401296,research,https://www.inaturalist.org/observations/254401296,https://inaturalist-open-data.s3.amazonaws.com/photos/455673371/medium.jpeg,Кряква,Anas platyrhynchos,Кряква
254401826,research,https://www.inaturalist.org/observations/254401826,https://inaturalist-open-data.s3.amazonaws.com/photos/455674427/medium.jpeg,Кряква,Anas platyrhynchos,Кряква
254808800,research,https://www.inaturalist.org/observations/254808800,https://inaturalist-open-data.s3.amazonaws.com/photos/456495535/medium.jpeg,Кряква,Anas platyrhynchos,Кряква
254899481,research,https://www.inaturalist.org/observations/254899481,https://static.inaturalist.org/photos/456680999/medium.jpeg,Кряква,Anas platyrhynchos,Кряква
254899486,research,https://www.inaturalist.org/observations/254899486,https://static.inaturalist.org/photos/456680991/medium.jpeg,Кряква,Anas platyrhynchos,Кряква
255565712,research,https://www.inaturalist.org/observations/255565712,https://inaturalist-open-data.s3.amazonaws.com/photos/457950039/medium.jpeg,Кряква,Anas platyrhynchos,Кряква
255574214,research,https://www.inaturalist.org/observations/255574214,https://inaturalist-open-data.s3.amazonaws.com/photos/458032512/medium.jpeg,Кряква,Anas platyrhynchos,Кряква
256097535,research,https://www.inaturalist.org/observations/256097535,https://inaturalist-open-data.s3.amazonaws.com/photos/459085167/medium.jpeg,Кряква,Anas platyrhynchos,Кряква
256255223,research,https://www.inaturalist.org/observations/256255223,https://inaturalist-open-data.s3.amazonaws.com/photos/459409569/medium.jpg,Кряква,Anas platyrhynchos,Кряква
256403412,research,https://www.inaturalist.org/observations/256403412,https://inaturalist-open-data.s3.amazonaws.com/photos/459708229/medium.jpg,Кряква,Anas platyrhynchos,Кряква
256497024,research,https://www.inaturalist.org/observations/256497024,https://inaturalist-open-data.s3.amazonaws.com/photos/459899832/medium.jpeg,Кряква,Anas platyrhynchos,Кряква
257331753,research,https://www.inaturalist.org/observations/257331753,https://inaturalist-open-data.s3.amazonaws.com/photos/461602436/medium.jpeg,Кряква,Anas platyrhynchos,Кряква
257358188,research,https://www.inaturalist.org/observations/257358188,https://static.inaturalist.org/photos/476175144/medium.jpg,Кряква,Anas platyrhynchos,Кряква
257635284,research,https://www.inaturalist.org/observations/257635284,https://inaturalist-open-data.s3.amazonaws.com/photos/462197044/medium.jpeg,Кряква,Anas platyrhynchos,Кряква
258042270,research,https://www.inaturalist.org/observations/258042270,https://inaturalist-open-data.s3.amazonaws.com/photos/462912347/medium.jpeg,Кряква,Anas platyrhynchos,Кряква
258155554,research,https://www.inaturalist.org/observations/258155554,https://static.inaturalist.org/photos/463129593/medium.jpeg,Кряква,Anas platyrhynchos,Кряква
258155555,research,https://www.inaturalist.org/observations/258155555,https://static.inaturalist.org/photos/463129617/medium.jpeg,Кряква,Anas platyrhynchos,Кряква
258371952,research,https://www.inaturalist.org/observations/258371952,https://inaturalist-open-data.s3.amazonaws.com/photos/463544306/medium.jpeg,Кряква,Anas platyrhynchos,Кряква
258564726,research,https://www.inaturalist.org/observations/258564726,https://inaturalist-open-data.s3.amazonaws.com/photos/463939933/medium.jpeg,Кряква,Anas platyrhynchos,Кряква
258968839,research,https://www.inaturalist.org/observations/258968839,https://inaturalist-open-data.s3.amazonaws.com/photos/464760706/medium.jpg,Кряква,Anas platyrhynchos,Кряква
259045661,research,https://www.inaturalist.org/observations/259045661,https://inaturalist-open-data.s3.amazonaws.com/photos/464922360/medium.jpeg,Кряква,Anas platyrhynchos,Кряква
259045700,research,https://www.inaturalist.org/observations/259045700,https://inaturalist-open-data.s3.amazonaws.com/photos/464922461/medium.jpeg,Кряква,Anas platyrhynchos,Кряква
259080664,research,https://www.inaturalist.org/observations/259080664,https://inaturalist-open-data.s3.amazonaws.com/photos/464990983/medium.jpg,Кряква,Anas platyrhynchos,Кряква
259080669,research,https://www.inaturalist.org/observations/259080669,https://inaturalist-open-data.s3.amazonaws.com/photos/464991097/medium.jpg,Кряква,Anas platyrhynchos,Кряква
259178684,research,https://www.inaturalist.org/observations/259178684,https://inaturalist-open-data.s3.amazonaws.com/photos/465190934/medium.jpeg,Кряква,Anas platyrhynchos,Кряква
259229580,research,https://www.inaturalist.org/observations/259229580,https://static.inaturalist.org/photos/465295533/medium.jpeg,Кряква,Anas platyrhynchos,Кряква
259229582,research,https://www.inaturalist.org/observations/259229582,https://static.inaturalist.org/photos/465295520/medium.jpeg,Кряква,Anas platyrhynchos,Кряква
259337187,research,https://www.inaturalist.org/observations/259337187,https://inaturalist-open-data.s3.amazonaws.com/photos/465515100/medium.jpeg,Кряква,Anas platyrhynchos,Кряква
259453005,research,https://www.inaturalist.org/observations/259453005,https://inaturalist-open-data.s3.amazonaws.com/photos/465747259/medium.jpg,Кряква,Anas platyrhynchos,Кряква
259453008,research,https://www.inaturalist.org/observations/259453008,https://inaturalist-open-data.s3.amazonaws.com/photos/465747262/medium.jpg,Кряква,Anas platyrhynchos,Кряква
259453009,research,https://www.inaturalist.org/observations/259453009,https://inaturalist-open-data.s3.amazonaws.com/photos/465747270/medium.jpg,Кряква,Anas platyrhynchos,Кряква
259660527,research,https://www.inaturalist.org/observations/259660527,https://inaturalist-open-data.s3.amazonaws.com/photos/466162548/medium.jpg,Кряква,Anas platyrhynchos,Кряква
259660528,research,https://www.inaturalist.org/observations/259660528,https://inaturalist-open-data.s3.amazonaws.com/photos/466162554/medium.jpg,Кряква,Anas platyrhynchos,Кряква
259660530,research,https://www.inaturalist.org/observations/259660530,https://inaturalist-open-data.s3.amazonaws.com/photos/466162582/medium.jpg,Кряква,Anas platyrhynchos,Кряква
259660531,research,https://www.inaturalist.org/observations/259660531,https://inaturalist-open-data.s3.amazonaws.com/photos/466162618/medium.jpg,Кряква,Anas platyrhynchos,Кряква
259780986,research,https://www.inaturalist.org/observations/259780986,https://inaturalist-open-data.s3.amazonaws.com/photos/466404767/medium.jpeg,Кряква,Anas platyrhynchos,Кряква
259780990,research,https://www.inaturalist.org/observations/259780990,https://inaturalist-open-data.s3.amazonaws.com/photos/466405295/medium.jpeg,Кряква,Anas platyrhynchos,Кряква
259781272,research,https://www.inaturalist.org/observations/259781272,https://inaturalist-open-data.s3.amazonaws.com/photos/466402828/medium.jpeg,Кряква,Anas platyrhynchos,Кряква
259781303,research,https://www.inaturalist.org/observations/259781303,https://inaturalist-open-data.s3.amazonaws.com/photos/466404951/medium.jpeg,Кряква,Anas platyrhynchos,Кряква
259881533,research,https://www.inaturalist.org/observations/259881533,https://inaturalist-open-data.s3.amazonaws.com/photos/466598699/medium.jpeg,Кряква,Anas platyrhynchos,Кряква
259882357,research,https://www.inaturalist.org/observations/259882357,https://inaturalist-open-data.s3.amazonaws.com/photos/466600039/medium.jpeg,Кряква,Anas platyrhynchos,Кряква
259887968,research,https://www.inaturalist.org/observations/259887968,https://inaturalist-open-data.s3.amazonaws.com/photos/466609986/medium.jpg,Кряква,Anas platyrhynchos,Кряква
259940663,research,https://www.inaturalist.org/observations/259940663,https://inaturalist-open-data.s3.amazonaws.com/photos/466718699/medium.jpg,Кряква,Anas platyrhynchos,Кряква
259941718,research,https://www.inaturalist.org/observations/259941718,https://inaturalist-open-data.s3.amazonaws.com/photos/466720755/medium.jpg,Кряква,Anas platyrhynchos,Кряква
259947622,research,https://www.inaturalist.org/observations/259947622,https://inaturalist-open-data.s3.amazonaws.com/photos/466732082/medium.jpg,Кряква,Anas platyrhynchos,Кряква
260062672,research,https://www.inaturalist.org/observations/260062672,https://inaturalist-open-data.s3.amazonaws.com/photos/466958727/medium.jpeg,Кряква,Anas platyrhynchos,Кряква
260079035,research,https://www.inaturalist.org/observations/260079035,https://inaturalist-open-data.s3.amazonaws.com/photos/466992221/medium.jpeg,Кряква,Anas platyrhynchos,Кряква
260079422,research,https://www.inaturalist.org/observations/260079422,https://inaturalist-open-data.s3.amazonaws.com/photos/466993114/medium.jpeg,Кряква,Anas platyrhynchos,Кряква
260129438,research,https://www.inaturalist.org/observations/260129438,https://inaturalist-open-data.s3.amazonaws.com/photos/467089734/medium.jpeg,Кряква,Anas platyrhynchos,Кряква
260150676,research,https://www.inaturalist.org/observations/260150676,https://inaturalist-open-data.s3.amazonaws.com/photos/467134219/medium.jpg,Кряква,Anas platyrhynchos,Кряква
260288685,research,https://www.inaturalist.org/observations/260288685,https://inaturalist-open-data.s3.amazonaws.com/photos/467405039/medium.jpg,Кряква,Anas platyrhynchos,Кряква
260288689,research,https://www.inaturalist.org/observations/260288689,https://inaturalist-open-data.s3.amazonaws.com/photos/467405056/medium.jpg,Кряква,Anas platyrhynchos,Кряква
260288691,research,https://www.inaturalist.org/observations/260288691,https://inaturalist-open-data.s3.amazonaws.com/photos/467405051/medium.jpg,Кряква,Anas platyrhynchos,Кряква
260288693,research,https://www.inaturalist.org/observations/260288693,https://inaturalist-open-data.s3.amazonaws.com/photos/467405054/medium.jpg,Кряква,Anas platyrhynchos,Кряква
260288698,research,https://www.inaturalist.org/observations/260288698,https://inaturalist-open-data.s3.amazonaws.com/photos/467405076/medium.jpg,Кряква,Anas platyrhynchos,Кряква
260288699,research,https://www.inaturalist.org/observations/260288699,https://inaturalist-open-data.s3.amazonaws.com/photos/467405075/medium.jpg,Кряква,Anas platyrhynchos,Кряква
260288702,research,https://www.inaturalist.org/observations/260288702,https://inaturalist-open-data.s3.amazonaws.com/photos/467405077/medium.jpg,Кряква,Anas platyrhynchos,Кряква
260288707,research,https://www.inaturalist.org/observations/260288707,https://inaturalist-open-data.s3.amazonaws.com/photos/467405097/medium.jpg,Кряква,Anas platyrhynchos,Кряква
260288709,research,https://www.inaturalist.org/observations/260288709,https://inaturalist-open-data.s3.amazonaws.com/photos/467405099/medium.jpg,Кряква,Anas platyrhynchos,Кряква
260401683,research,https://www.inaturalist.org/observations/260401683,https://inaturalist-open-data.s3.amazonaws.com/photos/467635327/medium.jpeg,Кряква,Anas platyrhynchos,Кряква
260465750,research,https://www.inaturalist.org/observations/260465750,https://inaturalist-open-data.s3.amazonaws.com/photos/467763067/medium.jpeg,Кряква,Anas platyrhynchos,Кряква
260713882,research,https://www.inaturalist.org/observations/260713882,https://inaturalist-open-data.s3.amazonaws.com/photos/468247328/medium.jpeg,Кряква,Anas platyrhynchos,Кряква
260729169,research,https://www.inaturalist.org/observations/260729169,https://inaturalist-open-data.s3.amazonaws.com/photos/468277768/medium.jpeg,Кряква,Anas platyrhynchos,Кряква
261377902,research,https://www.inaturalist.org/observations/261377902,https://inaturalist-open-data.s3.amazonaws.com/photos/469566154/medium.jpeg,Кряква,Anas platyrhynchos,Кряква
261377996,research,https://www.inaturalist.org/observations/261377996,https://inaturalist-open-data.s3.amazonaws.com/photos/469566402/medium.jpeg,Кряква,Anas platyrhynchos,Кряква
261443055,research,https://www.inaturalist.org/observations/261443055,https://inaturalist-open-data.s3.amazonaws.com/photos/469694440/medium.jpeg,Кряква,Anas platyrhynchos,Кряква
261966995,research,https://www.inaturalist.org/observations/261966995,https://static.inaturalist.org/photos/470732579/medium.jpeg,Кряква,Anas platyrhynchos,Кряква
261967632,research,https://www.inaturalist.org/observations/261967632,https://static.inaturalist.org/photos/470734029/medium.jpeg,Кряква,Anas platyrhynchos,Кряква
262516187,research,https://www.inaturalist.org/observations/262516187,https://inaturalist-open-data.s3.amazonaws.com/photos/471561014/medium.jpeg,Кряква,Anas platyrhynchos,Кряква
262974674,research,https://www.inaturalist.org/observations/262974674,https://inaturalist-open-data.s3.amazonaws.com/photos/472341088/medium.jpeg,Кряква,Anas platyrhynchos,Кряква
262974676,research,https://www.inaturalist.org/observations/262974676,https://inaturalist-open-data.s3.amazonaws.com/photos/472341084/medium.jpeg,Кряква,Anas platyrhynchos,Кряква
262974677,research,https://www.inaturalist.org/observations/262974677,https://inaturalist-open-data.s3.amazonaws.com/photos/472341110/medium.jpeg,Кряква,Anas platyrhynchos,Кряква
262974680,research,https://www.inaturalist.org/observations/262974680,https://inaturalist-open-data.s3.amazonaws.com/photos/472341096/medium.jpeg,Кряква,Anas platyrhynchos,Кряква
262974681,research,https://www.inaturalist.org/observations/262974681,https://inaturalist-open-data.s3.amazonaws.com/photos/472341102/medium.jpeg,Кряква,Anas platyrhynchos,Кряква
263052785,research,https://www.inaturalist.org/observations/263052785,https://inaturalist-open-data.s3.amazonaws.com/photos/472498356/medium.jpeg,Кряква,Anas platyrhynchos,Кряква
263071764,research,https://www.inaturalist.org/observations/263071764,https://inaturalist-open-data.s3.amazonaws.com/photos/472535742/medium.jpeg,Кряква,Anas platyrhynchos,Кряква
263248041,research,https://www.inaturalist.org/observations/263248041,https://static.inaturalist.org/photos/472890816/medium.jpeg,Кряква,Anas platyrhynchos,Кряква
263276910,research,https://www.inaturalist.org/observations/263276910,https://inaturalist-open-data.s3.amazonaws.com/photos/472945057/medium.jpeg,Кряква,Anas platyrhynchos,Кряква
263406326,research,https://www.inaturalist.org/observations/263406326,https://static.inaturalist.org/photos/473195028/medium.jpeg,Кряква,Anas platyrhynchos,Кряква
263406334,research,https://www.inaturalist.org/observations/263406334,https://static.inaturalist.org/photos/473195076/medium.jpeg,Кряква,Anas platyrhynchos,Кряква
263406335,research,https://www.inaturalist.org/observations/263406335,https://static.inaturalist.org/photos/473195241/medium.jpeg,Кряква,Anas platyrhynchos,Кряква
263406337,research,https://www.inaturalist.org/observations/263406337,https://static.inaturalist.org/photos/473195197/medium.jpeg,Кряква,Anas platyrhynchos,Кряква
263406340,research,https://www.inaturalist.org/observations/263406340,https://static.inaturalist.org/photos/473195257/medium.jpeg,Кряква,Anas platyrhynchos,Кряква
263406342,research,https://www.inaturalist.org/observations/263406342,https://static.inaturalist.org/photos/473195270/medium.jpeg,Кряква,Anas platyrhynchos,Кряква
263406350,research,https://www.inaturalist.org/observations/263406350,https://static.inaturalist.org/photos/473195358/medium.jpeg,Кряква,Anas platyrhynchos,Кряква
263406356,research,https://www.inaturalist.org/observations/263406356,https://static.inaturalist.org/photos/473195482/medium.jpeg,Кряква,Anas platyrhynchos,Кряква
263406357,research,https://www.inaturalist.org/observations/263406357,https://static.inaturalist.org/photos/473195484/medium.jpeg,Кряква,Anas platyrhynchos,Кряква
263406380,research,https://www.inaturalist.org/observations/263406380,https://static.inaturalist.org/photos/473195909/medium.jpeg,Кряква,Anas platyrhynchos,Кряква
263406382,research,https://www.inaturalist.org/observations/263406382,https://static.inaturalist.org/photos/473195903/medium.jpeg,Кряква,Anas platyrhynchos,Кряква
263406385,research,https://www.inaturalist.org/observations/263406385,https://static.inaturalist.org/photos/473195946/medium.jpeg,Кряква,Anas platyrhynchos,Кряква
263591152,research,https://www.inaturalist.org/observations/263591152,https://inaturalist-open-data.s3.amazonaws.com/photos/473564575/medium.jpeg,Кряква,Anas platyrhynchos,Кряква
263755484,research,https://www.inaturalist.org/observations/263755484,https://inaturalist-open-data.s3.amazonaws.com/photos/473884431/medium.jpeg,Кряква,Anas platyrhynchos,Кряква
263762047,research,https://www.inaturalist.org/observations/263762047,https://inaturalist-open-data.s3.amazonaws.com/photos/473898885/medium.jpeg,Кряква,Anas platyrhynchos,Кряква
263762589,research,https://www.inaturalist.org/observations/263762589,https://inaturalist-open-data.s3.amazonaws.com/photos/473900393/medium.jpeg,Кряква,Anas platyrhynchos,Кряква
263763389,research,https://www.inaturalist.org/observations/263763389,https://inaturalist-open-data.s3.amazonaws.com/photos/473902131/medium.jpeg,Кряква,Anas platyrhynchos,Кряква
263763606,research,https://www.inaturalist.org/observations/263763606,https://inaturalist-open-data.s3.amazonaws.com/photos/473902554/medium.jpeg,Кряква,Anas platyrhynchos,Кряква
263856135,research,https://www.inaturalist.org/observations/263856135,https://inaturalist-open-data.s3.amazonaws.com/photos/474090270/medium.jpeg,Кряква,Anas platyrhynchos,Кряква
263886555,research,https://www.inaturalist.org/observations/263886555,https://inaturalist-open-data.s3.amazonaws.com/photos/474147474/medium.jpeg,Кряква,Anas platyrhynchos,Кряква
263895723,research,https://www.inaturalist.org/observations/263895723,https://inaturalist-open-data.s3.amazonaws.com/photos/474164648/medium.jpeg,Кряква,Anas platyrhynchos,Кряква
263979726,research,https://www.inaturalist.org/observations/263979726,https://inaturalist-open-data.s3.amazonaws.com/photos/474326963/medium.jpeg,Кряква,Anas platyrhynchos,Кряква
263979732,research,https://www.inaturalist.org/observations/263979732,https://inaturalist-open-data.s3.amazonaws.com/photos/474327731/medium.jpeg,Кряква,Anas platyrhynchos,Кряква
264096015,research,https://www.inaturalist.org/observations/264096015,https://inaturalist-open-data.s3.amazonaws.com/photos/474535098/medium.jpeg,Кряква,Anas platyrhynchos,Кряква
264112495,research,https://www.inaturalist.org/observations/264112495,https://inaturalist-open-data.s3.amazonaws.com/photos/474567425/medium.jpeg,Кряква,Anas platyrhynchos,Кряква
264113455,research,https://www.inaturalist.org/observations/264113455,https://inaturalist-open-data.s3.amazonaws.com/photos/474569331/medium.jpeg,Кряква,Anas platyrhynchos,Кряква
264316551,research,https://www.inaturalist.org/observations/264316551,https://inaturalist-open-data.s3.amazonaws.com/photos/474761256/medium.jpeg,Кряква,Anas platyrhynchos,Кряква
264321435,research,https://www.inaturalist.org/observations/264321435,https://inaturalist-open-data.s3.amazonaws.com/photos/474764518/medium.jpeg,Кряква,Anas platyrhynchos,Кряква
264321438,research,https://www.inaturalist.org/observations/264321438,https://inaturalist-open-data.s3.amazonaws.com/photos/474764964/medium.jpeg,Кряква,Anas platyrhynchos,Кряква
264621408,research,https://www.inaturalist.org/observations/264621408,https://static.inaturalist.org/photos/475184153/medium.jpeg,Кряква,Anas platyrhynchos,Кряква
264907220,research,https://www.inaturalist.org/observations/264907220,https://inaturalist-open-data.s3.amazonaws.com/photos/475736894/medium.jpg,Кряква,Anas platyrhynchos,Кряква
264956586,research,https://www.inaturalist.org/observations/264956586,https://inaturalist-open-data.s3.amazonaws.com/photos/475834269/medium.jpeg,Кряква,Anas platyrhynchos,Кряква
265177219,research,https://www.inaturalist.org/observations/265177219,https://inaturalist-open-data.s3.amazonaws.com/photos/476268704/medium.jpeg,Кряква,Anas platyrhynchos,Кряква
265294928,research,https://www.inaturalist.org/observations/265294928,https://inaturalist-open-data.s3.amazonaws.com/photos/476501861/medium.jpeg,Кряква,Anas platyrhynchos,Кряква
265294932,research,https://www.inaturalist.org/observations/265294932,https://inaturalist-open-data.s3.amazonaws.com/photos/476502050/medium.jpeg,Кряква,Anas platyrhynchos,Кряква
265301656,research,https://www.inaturalist.org/observations/265301656,https://inaturalist-open-data.s3.amazonaws.com/photos/476514972/medium.jpeg,Кряква,Anas platyrhynchos,Кряква
265302112,research,https://www.inaturalist.org/observations/265302112,https://inaturalist-open-data.s3.amazonaws.com/photos/476515771/medium.jpeg,Кряква,Anas platyrhynchos,Кряква
265302641,research,https://www.inaturalist.org/observations/265302641,https://inaturalist-open-data.s3.amazonaws.com/photos/476516927/medium.jpeg,Кряква,Anas platyrhynchos,Кряква
265411216,research,https://www.inaturalist.org/observations/265411216,https://inaturalist-open-data.s3.amazonaws.com/photos/476728407/medium.jpeg,Кряква,Anas platyrhynchos,Кряква
265510236,research,https://www.inaturalist.org/observations/265510236,https://inaturalist-open-data.s3.amazonaws.com/photos/476926096/medium.jpeg,Кряква,Anas platyrhynchos,Кряква
265510282,research,https://www.inaturalist.org/observations/265510282,https://inaturalist-open-data.s3.amazonaws.com/photos/476926325/medium.jpeg,Кряква,Anas platyrhynchos,Кряква
265510426,research,https://www.inaturalist.org/observations/265510426,https://inaturalist-open-data.s3.amazonaws.com/photos/476926484/medium.jpeg,Кряква,Anas platyrhynchos,Кряква
265748993,research,https://www.inaturalist.org/observations/265748993,https://inaturalist-open-data.s3.amazonaws.com/photos/477392323/medium.jpeg,Кряква,Anas platyrhynchos,Кряква
265858684,research,https://www.inaturalist.org/observations/265858684,https://inaturalist-open-data.s3.amazonaws.com/photos/477608377/medium.jpeg,Кряква,Anas platyrhynchos,Кряква
265859207,research,https://www.inaturalist.org/observations/265859207,https://inaturalist-open-data.s3.amazonaws.com/photos/477609492/medium.jpeg,Кряква,Anas platyrhynchos,Кряква
266240251,research,https://www.inaturalist.org/observations/266240251,https://inaturalist-open-data.s3.amazonaws.com/photos/478338877/medium.jpeg,Кряква,Anas platyrhynchos,Кряква
266728447,research,https://www.inaturalist.org/observations/266728447,https://inaturalist-open-data.s3.amazonaws.com/photos/479249677/medium.jpg,Кряква,Anas platyrhynchos,Кряква
266728484,research,https://www.inaturalist.org/observations/266728484,https://inaturalist-open-data.s3.amazonaws.com/photos/479249686/medium.jpg,Кряква,Anas platyrhynchos,Кряква
267011091,research,https://www.inaturalist.org/observations/267011091,https://inaturalist-open-data.s3.amazonaws.com/photos/479792396/medium.jpeg,Кряква,Anas platyrhynchos,Кряква
267230856,research,https://www.inaturalist.org/observations/267230856,https://inaturalist-open-data.s3.amazonaws.com/photos/480211152/medium.jpeg,Кряква,Anas platyrhynchos,Кряква
267375748,research,https://www.inaturalist.org/observations/267375748,https://inaturalist-open-data.s3.amazonaws.com/photos/480489141/medium.jpeg,Кряква,Anas platyrhynchos,Кряква
267685941,research,https://www.inaturalist.org/observations/267685941,https://static.inaturalist.org/photos/481088418/medium.jpeg,Кряква,Anas platyrhynchos,Кряква
267685982,research,https://www.inaturalist.org/observations/267685982,https://static.inaturalist.org/photos/481088611/medium.jpeg,Кряква,Anas platyrhynchos,Кряква
267685986,research,https://www.inaturalist.org/observations/267685986,https://static.inaturalist.org/photos/481088634/medium.jpeg,Кряква,Anas platyrhynchos,Кряква
267685999,research,https://www.inaturalist.org/observations/267685999,https://static.inaturalist.org/photos/481088760/medium.jpeg,Кряква,Anas platyrhynchos,Кряква
267686006,research,https://www.inaturalist.org/observations/267686006,https://static.inaturalist.org/photos/481088763/medium.jpeg,Кряква,Anas platyrhynchos,Кряква
267686014,research,https://www.inaturalist.org/observations/267686014,https://static.inaturalist.org/photos/481088814/medium.jpeg,Кряква,Anas platyrhynchos,Кряква
267694465,research,https://www.inaturalist.org/observations/267694465,https://static.inaturalist.org/photos/481102589/medium.jpeg,Кряква,Anas platyrhynchos,Кряква
267694470,research,https://www.inaturalist.org/observations/267694470,https://static.inaturalist.org/photos/481102570/medium.jpeg,Кряква,Anas platyrhynchos,Кряква
267694472,research,https://www.inaturalist.org/observations/267694472,https://static.inaturalist.org/photos/481102597/medium.jpeg,Кряква,Anas platyrhynchos,Кряква
267694475,research,https://www.inaturalist.org/observations/267694475,https://static.inaturalist.org/photos/481102615/medium.jpeg,Кряква,Anas platyrhynchos,Кряква
267694482,research,https://www.inaturalist.org/observations/267694482,https://static.inaturalist.org/photos/481102655/medium.jpeg,Кряква,Anas platyrhynchos,Кряква
267784772,research,https://www.inaturalist.org/observations/267784772,https://inaturalist-open-data.s3.amazonaws.com/photos/481271335/medium.jpg,Кряква,Anas platyrhynchos,Кряква
268788995,research,https://www.inaturalist.org/observations/268788995,https://inaturalist-open-data.s3.amazonaws.com/photos/483188324/medium.jpeg,Кряква,Anas platyrhynchos,Кряква
268797340,research,https://www.inaturalist.org/observations/268797340,https://inaturalist-open-data.s3.amazonaws.com/photos/483204520/medium.jpg,Кряква,Anas platyrhynchos,Кряква
268954544,research,https://www.inaturalist.org/observations/268954544,https://static.inaturalist.org/photos/483508888/medium.jpg,Кряква,Anas platyrhynchos,Кряква
268990976,research,https://www.inaturalist.org/observations/268990976,https://inaturalist-open-data.s3.amazonaws.com/photos/483578630/medium.jpg,Кряква,Anas platyrhynchos,Кряква
269296583,research,https://www.inaturalist.org/observations/269296583,https://inaturalist-open-data.s3.amazonaws.com/photos/484177786/medium.jpg,Кряква,Anas platyrhynchos,Кряква
269296586,research,https://www.inaturalist.org/observations/269296586,https://inaturalist-open-data.s3.amazonaws.com/photos/484177793/medium.jpg,Кряква,Anas platyrhynchos,Кряква
269630261,research,https://www.inaturalist.org/observations/269630261,https://inaturalist-open-data.s3.amazonaws.com/photos/484819814/medium.jpg,Кряква,Anas platyrhynchos,Кряква
270672298,research,https://www.inaturalist.org/observations/270672298,https://inaturalist-open-data.s3.amazonaws.com/photos/486806405/medium.jpg,Кряква,Anas platyrhynchos,Кряква
271173625,research,https://www.inaturalist.org/observations/271173625,https://static.inaturalist.org/photos/487761152/medium.jpg,Кряква,Anas platyrhynchos,Кряква
271189272,research,https://www.inaturalist.org/observations/271189272,https://inaturalist-open-data.s3.amazonaws.com/photos/487791592/medium.jpeg,Кряква,Anas platyrhynchos,Кряква
271230698,research,https://www.inaturalist.org/observations/271230698,https://inaturalist-open-data.s3.amazonaws.com/photos/487866120/medium.jpeg,Кряква,Anas platyrhynchos,Кряква
271945769,research,https://www.inaturalist.org/observations/271945769,https://static.inaturalist.org/photos/489221791/medium.jpeg,Кряква,Anas platyrhynchos,Кряква
271945916,research,https://www.inaturalist.org/observations/271945916,https://static.inaturalist.org/photos/489222110/medium.jpeg,Кряква,Anas platyrhynchos,Кряква
272153051,research,https://www.inaturalist.org/observations/272153051,https://inaturalist-open-data.s3.amazonaws.com/photos/489614383/medium.jpg,Кряква,Anas platyrhynchos,Кряква
272249361,research,https://www.inaturalist.org/observations/272249361,https://static.inaturalist.org/photos/489783945/medium.jpeg,Кряква,Anas platyrhynchos,Кряква
272249367,research,https://www.inaturalist.org/observations/272249367,https://static.inaturalist.org/photos/489783963/medium.jpeg,Кряква,Anas platyrhynchos,Кряква
272249384,research,https://www.inaturalist.org/observations/272249384,https://static.inaturalist.org/photos/489784028/medium.jpeg,Кряква,Anas platyrhynchos,Кряква
273070123,research,https://www.inaturalist.org/observations/273070123,https://inaturalist-open-data.s3.amazonaws.com/photos/491216900/medium.jpg,Кряква,Anas platyrhynchos,Кряква
273153764,research,https://www.inaturalist.org/observations/273153764,https://inaturalist-open-data.s3.amazonaws.com/photos/491341119/medium.jpg,Кряква,Anas platyrhynchos,Кряква
273393631,research,https://www.inaturalist.org/observations/273393631,https://inaturalist-open-data.s3.amazonaws.com/photos/491717119/medium.jpg,Кряква,Anas platyrhynchos,Кряква
273604052,research,https://www.inaturalist.org/observations/273604052,https://static.inaturalist.org/photos/492064262/medium.jpeg,Кряква,Anas platyrhynchos,Кряква
277281368,research,https://www.inaturalist.org/observations/277281368,https://inaturalist-open-data.s3.amazonaws.com/photos/497897184/medium.jpeg,Кряква,Anas platyrhynchos,Кряква
278516445,research,https://www.inaturalist.org/observations/278516445,https://inaturalist-open-data.s3.amazonaws.com/photos/500094251/medium.jpg,Кряква,Anas platyrhynchos,Кряква
280845561,research,https://www.inaturalist.org/observations/280845561,https://inaturalist-open-data.s3.amazonaws.com/photos/504443219/medium.jpeg,Кряква,Anas platyrhynchos,Кряква
281355301,research,https://www.inaturalist.org/observations/281355301,https://inaturalist-open-data.s3.amazonaws.com/photos/505403647/medium.jpg,Кряква,Anas platyrhynchos,Кряква
281357562,research,https://www.inaturalist.org/observations/281357562,https://inaturalist-open-data.s3.amazonaws.com/photos/505407859/medium.jpg,Кряква,Anas platyrhynchos,Кряква
282077954,research,https://www.inaturalist.org/observations/282077954,https://inaturalist-open-data.s3.amazonaws.com/photos/506761163/medium.jpg,Кряква,Anas platyrhynchos,Кряква
283606540,research,https://www.inaturalist.org/observations/283606540,https://inaturalist-open-data.s3.amazonaws.com/photos/509618329/medium.jpg,Кряква,Anas platyrhynchos,Кряква
283710243,research,https://www.inaturalist.org/observations/283710243,https://inaturalist-open-data.s3.amazonaws.com/photos/509803591/medium.jpg,Кряква,Anas platyrhynchos,Кряква
283732893,research,https://www.inaturalist.org/observations/283732893,https://inaturalist-open-data.s3.amazonaws.com/photos/509845789/medium.jpg,Кряква,Anas platyrhynchos,Кряква
283979286,research,https://www.inaturalist.org/observations/283979286,https://static.inaturalist.org/photos/510313050/medium.jpg,Кряква,Anas platyrhynchos,Кряква
284053159,research,https://www.inaturalist.org/observations/284053159,https://inaturalist-open-data.s3.amazonaws.com/photos/510448005/medium.jpg,Кряква,Anas platyrhynchos,Кряква
284334073,research,https://www.inaturalist.org/observations/284334073,https://inaturalist-open-data.s3.amazonaws.com/photos/510980219/medium.jpg,Кряква,Anas platyrhynchos,Кряква
284335677,research,https://www.inaturalist.org/observations/284335677,https://inaturalist-open-data.s3.amazonaws.com/photos/510983420/medium.jpg,Кряква,Anas platyrhynchos,Кряква
284338904,research,https://www.inaturalist.org/observations/284338904,https://inaturalist-open-data.s3.amazonaws.com/photos/510989844/medium.jpg,Кряква,Anas platyrhynchos,Кряква
284864521,research,https://www.inaturalist.org/observations/284864521,https://inaturalist-open-data.s3.amazonaws.com/photos/511989458/medium.jpg,Кряква,Anas platyrhynchos,Кряква
285111331,research,https://www.inaturalist.org/observations/285111331,https://inaturalist-open-data.s3.amazonaws.com/photos/512449985/medium.jpg,Кряква,Anas platyrhynchos,Кряква
285111339,research,https://www.inaturalist.org/observations/285111339,https://inaturalist-open-data.s3.amazonaws.com/photos/512449680/medium.jpg,Кряква,Anas platyrhynchos,Кряква
285667796,research,https://www.inaturalist.org/observations/285667796,https://static.inaturalist.org/photos/513475449/medium.jpg,Кряква,Anas platyrhynchos,Кряква
286593175,research,https://www.inaturalist.org/observations/286593175,https://inaturalist-open-data.s3.amazonaws.com/photos/515232970/medium.jpg,Кряква,Anas platyrhynchos,Кряква
286620763,research,https://www.inaturalist.org/observations/286620763,https://static.inaturalist.org/photos/515285769/medium.jpg,Кряква,Anas platyrhynchos,Кряква
287020702,research,https://www.inaturalist.org/observations/287020702,https://inaturalist-open-data.s3.amazonaws.com/photos/516054594/medium.jpg,Кряква,Anas platyrhynchos,Кряква
287840533,research,https://www.inaturalist.org/observations/287840533,https://inaturalist-open-data.s3.amazonaws.com/photos/517587320/medium.jpg,Кряква,Anas platyrhynchos,Кряква
289601351,research,https://www.inaturalist.org/observations/289601351,https://inaturalist-open-data.s3.amazonaws.com/photos/520892557/medium.jpg,Кряква,Anas platyrhynchos,Кряква
289601404,research,https://www.inaturalist.org/observations/289601404,https://inaturalist-open-data.s3.amazonaws.com/photos/520892651/medium.jpg,Кряква,Anas platyrhynchos,Кряква
289603582,research,https://www.inaturalist.org/observations/289603582,https://inaturalist-open-data.s3.amazonaws.com/photos/520896722/medium.jpg,Кряква,Anas platyrhynchos,Кряква
289603660,research,https://www.inaturalist.org/observations/289603660,https://inaturalist-open-data.s3.amazonaws.com/photos/520896870/medium.jpg,Кряква,Anas platyrhynchos,Кряква
289603821,research,https://www.inaturalist.org/observations/289603821,https://inaturalist-open-data.s3.amazonaws.com/photos/520897079/medium.jpg,Кряква,Anas platyrhynchos,Кряква
289603859,research,https://www.inaturalist.org/observations/289603859,https://inaturalist-open-data.s3.amazonaws.com/photos/520897137/medium.jpg,Кряква,Anas platyrhynchos,Кряква
289615432,research,https://www.inaturalist.org/observations/289615432,https://inaturalist-open-data.s3.amazonaws.com/photos/520920847/medium.jpg,Кряква,Anas platyrhynchos,Кряква
289615965,research,https://www.inaturalist.org/observations/289615965,https://inaturalist-open-data.s3.amazonaws.com/photos/520921400/medium.jpg,Кряква,Anas platyrhynchos,Кряква
289616082,research,https://www.inaturalist.org/observations/289616082,https://inaturalist-open-data.s3.amazonaws.com/photos/520921601/medium.jpg,Кряква,Anas platyrhynchos,Кряква
289713221,research,https://www.inaturalist.org/observations/289713221,https://inaturalist-open-data.s3.amazonaws.com/photos/521105840/medium.jpg,Кряква,Anas platyrhynchos,Кряква
289714034,research,https://www.inaturalist.org/observations/289714034,https://inaturalist-open-data.s3.amazonaws.com/photos/521107470/medium.jpg,Кряква,Anas platyrhynchos,Кряква
289792234,research,https://www.inaturalist.org/observations/289792234,https://inaturalist-open-data.s3.amazonaws.com/photos/521256505/medium.jpg,Кряква,Anas platyrhynchos,Кряква
290171479,research,https://www.inaturalist.org/observations/290171479,https://inaturalist-open-data.s3.amazonaws.com/photos/521970472/medium.jpg,Кряква,Anas platyrhynchos,Кряква
290441427,research,https://www.inaturalist.org/observations/290441427,https://inaturalist-open-data.s3.amazonaws.com/photos/522474514/medium.jpg,Кряква,Anas platyrhynchos,Кряква
290485198,research,https://www.inaturalist.org/observations/290485198,https://inaturalist-open-data.s3.amazonaws.com/photos/522572427/medium.jpg,Кряква,Anas platyrhynchos,Кряква
290688675,research,https://www.inaturalist.org/observations/290688675,https://inaturalist-open-data.s3.amazonaws.com/photos/522951291/medium.jpg,Кряква,Anas platyrhynchos,Кряква
290990240,research,https://www.inaturalist.org/observations/290990240,https://inaturalist-open-data.s3.amazonaws.com/photos/523513885/medium.jpg,Кряква,Anas platyrhynchos,Кряква
290990612,research,https://www.inaturalist.org/observations/290990612,https://inaturalist-open-data.s3.amazonaws.com/photos/523514369/medium.jpg,Кряква,Anas platyrhynchos,Кряква
291282456,research,https://www.inaturalist.org/observations/291282456,https://inaturalist-open-data.s3.amazonaws.com/photos/524068581/medium.jpg,Кряква,Anas platyrhynchos,Кряква
291407439,research,https://www.inaturalist.org/observations/291407439,https://inaturalist-open-data.s3.amazonaws.com/photos/524308761/medium.jpg,Кряква,Anas platyrhynchos,Кряква
291531355,research,https://www.inaturalist.org/observations/291531355,https://inaturalist-open-data.s3.amazonaws.com/photos/524533318/medium.jpg,Кряква,Anas platyrhynchos,Кряква
291534528,research,https://www.inaturalist.org/observations/291534528,https://inaturalist-open-data.s3.amazonaws.com/photos/524538916/medium.jpg,Кряква,Anas platyrhynchos,Кряква
291706017,research,https://www.inaturalist.org/observations/291706017,https://inaturalist-open-data.s3.amazonaws.com/photos/524868173/medium.jpg,Кряква,Anas platyrhynchos,Кряква
292059758,research,https://www.inaturalist.org/observations/292059758,https://inaturalist-open-data.s3.amazonaws.com/photos/525541397/medium.jpg,Кряква,Anas platyrhynchos,Кряква
293384801,research,https://www.inaturalist.org/observations/293384801,https://static.inaturalist.org/photos/528052908/medium.jpg,Кряква,Anas platyrhynchos,Кряква
293879831,research,https://www.inaturalist.org/observations/293879831,https://inaturalist-open-data.s3.amazonaws.com/photos/528919997/medium.jpg,Кряква,Anas platyrhynchos,Кряква
293880476,research,https://www.inaturalist.org/observations/293880476,https://inaturalist-open-data.s3.amazonaws.com/photos/528921187/medium.jpg,Кряква,Anas platyrhynchos,Кряква
293881254,research,https://www.inaturalist.org/observations/293881254,https://inaturalist-open-data.s3.amazonaws.com/photos/528922739/medium.jpg,Кряква,Anas platyrhynchos,Кряква
294826144,research,https://www.inaturalist.org/observations/294826144,https://static.inaturalist.org/photos/530708347/medium.jpg,Кряква,Anas platyrhynchos,Кряква
294974401,research,https://www.inaturalist.org/observations/294974401,https://inaturalist-open-data.s3.amazonaws.com/photos/530980607/medium.jpg,Кряква,Anas platyrhynchos,Кряква
296595572,research,https://www.inaturalist.org/observations/296595572,https://static.inaturalist.org/photos/534056948/medium.jpg,Кряква,Anas platyrhynchos,Кряква
296619884,research,https://www.inaturalist.org/observations/296619884,https://inaturalist-open-data.s3.amazonaws.com/photos/534113789/medium.jpg,Кряква,Anas platyrhynchos,Кряква
297538762,research,https://www.inaturalist.org/observations/297538762,https://static.inaturalist.org/photos/535859347/medium.jpg,Кряква,Anas platyrhynchos,Кряква
297668908,research,https://www.inaturalist.org/observations/297668908,https://inaturalist-open-data.s3.amazonaws.com/photos/536101308/medium.jpg,Кряква,Anas platyrhynchos,Кряква
297708225,research,https://www.inaturalist.org/observations/297708225,https://inaturalist-open-data.s3.amazonaws.com/photos/536176669/medium.jpg,Кряква,Anas platyrhynchos,Кряква
298319401,research,https://www.inaturalist.org/observations/298319401,https://inaturalist-open-data.s3.amazonaws.com/photos/537340826/medium.jpg,Кряква,Anas platyrhynchos,Кряква
298943223,research,https://www.inaturalist.org/observations/298943223,https://inaturalist-open-data.s3.amazonaws.com/photos/538534362/medium.jpg,Кряква,Anas platyrhynchos,Кряква
298943412,research,https://www.inaturalist.org/observations/298943412,https://inaturalist-open-data.s3.amazonaws.com/photos/538534648/medium.jpg,Кряква,Anas platyrhynchos,Кряква
302045603,research,https://www.inaturalist.org/observations/302045603,https://inaturalist-open-data.s3.amazonaws.com/photos/544324888/medium.jpg,Кряква,Anas platyrhynchos,Кряква
302045604,research,https://www.inaturalist.org/observations/302045604,https://inaturalist-open-data.s3.amazonaws.com/photos/544325006/medium.jpg,Кряква,Anas platyrhynchos,Кряква
302064342,research,https://www.inaturalist.org/observations/302064342,https://inaturalist-open-data.s3.amazonaws.com/photos/544362860/medium.jpg,Кряква,Anas platyrhynchos,Кряква
302074860,research,https://www.inaturalist.org/observations/302074860,https://inaturalist-open-data.s3.amazonaws.com/photos/544381531/medium.jpg,Кряква,Anas platyrhynchos,Кряква
302112128,research,https://www.inaturalist.org/observations/302112128,https://inaturalist-open-data.s3.amazonaws.com/photos/544450072/medium.jpg,Кряква,Anas platyrhynchos,Кряква
302112857,research,https://www.inaturalist.org/observations/302112857,https://inaturalist-open-data.s3.amazonaws.com/photos/544451323/medium.jpg,Кряква,Anas platyrhynchos,Кряква
302116719,research,https://www.inaturalist.org/observations/302116719,https://inaturalist-open-data.s3.amazonaws.com/photos/544458317/medium.jpg,Кряква,Anas platyrhynchos,Кряква
302459591,research,https://www.inaturalist.org/observations/302459591,https://inaturalist-open-data.s3.amazonaws.com/photos/545078352/medium.jpg,Кряква,Anas platyrhynchos,Кряква
302459596,research,https://www.inaturalist.org/observations/302459596,https://inaturalist-open-data.s3.amazonaws.com/photos/545078642/medium.jpg,Кряква,Anas platyrhynchos,Кряква
304014751,research,https://www.inaturalist.org/observations/304014751,https://inaturalist-open-data.s3.amazonaws.com/photos/548013489/medium.jpg,Кряква,Anas platyrhynchos,Кряква
305575436,research,https://www.inaturalist.org/observations/305575436,https://inaturalist-open-data.s3.amazonaws.com/photos/550972933/medium.jpg,Кряква,Anas platyrhynchos,Кряква
306945403,research,https://www.inaturalist.org/observations/306945403,https://inaturalist-open-data.s3.amazonaws.com/photos/553587297/medium.jpg,кряква,Anas platyrhynchos,Кряква
307652094,research,https://www.inaturalist.org/observations/307652094,https://inaturalist-open-data.s3.amazonaws.com/photos/554950097/medium.jpg,Кряква,Anas platyrhynchos,Кряква
309055711,research,https://www.inaturalist.org/observations/309055711,https://inaturalist-open-data.s3.amazonaws.com/photos/557648600/medium.jpg,Кряква,Anas platyrhynchos,Кряква
309305276,research,https://www.inaturalist.org/observations/309305276,https://inaturalist-open-data.s3.amazonaws.com/photos/558125531/medium.jpg,Кряква,Anas platyrhynchos,Кряква
310825972,research,https://www.inaturalist.org/observations/310825972,https://inaturalist-open-data.s3.amazonaws.com/photos/561023112/medium.jpg,Кряква,Anas platyrhynchos,Кряква
310841766,research,https://www.inaturalist.org/observations/310841766,https://inaturalist-open-data.s3.amazonaws.com/photos/561053519/medium.jpg,Кряква,Anas platyrhynchos,Кряква
311180257,research,https://www.inaturalist.org/observations/311180257,https://inaturalist-open-data.s3.amazonaws.com/photos/561716085/medium.jpg,Кряква,Anas platyrhynchos,Кряква
311180722,research,https://www.inaturalist.org/observations/311180722,https://inaturalist-open-data.s3.amazonaws.com/photos/561716994/medium.jpg,Кряква,Anas platyrhynchos,Кряква
313091528,research,https://www.inaturalist.org/observations/313091528,https://inaturalist-open-data.s3.amazonaws.com/photos/565367052/medium.jpg,Кряква,Anas platyrhynchos,Кряква
313092233,research,https://www.inaturalist.org/observations/313092233,https://inaturalist-open-data.s3.amazonaws.com/photos/565368279/medium.jpg,Кряква,Anas platyrhynchos,Кряква
313795020,research,https://www.inaturalist.org/observations/313795020,https://inaturalist-open-data.s3.amazonaws.com/photos/566706134/medium.jpg,Кряква,Anas platyrhynchos,Кряква
313796083,research,https://www.inaturalist.org/observations/313796083,https://inaturalist-open-data.s3.amazonaws.com/photos/566708161/medium.jpg,Кряква,Anas platyrhynchos,Кряква
313797427,research,https://www.inaturalist.org/observations/313797427,https://inaturalist-open-data.s3.amazonaws.com/photos/566710591/medium.jpg,Кряква,Anas platyrhynchos,Кряква
316341405,research,https://www.inaturalist.org/observations/316341405,https://inaturalist-open-data.s3.amazonaws.com/photos/571536578/medium.jpg,Кряква,Anas platyrhynchos,Кряква
316347642,research,https://www.inaturalist.org/observations/316347642,https://inaturalist-open-data.s3.amazonaws.com/photos/571548803/medium.jpg,Кряква,Anas platyrhynchos,Кряква
316499680,research,https://www.inaturalist.org/observations/316499680,https://inaturalist-open-data.s3.amazonaws.com/photos/571838066/medium.jpg,Mallard,Anas platyrhynchos,Кряква
317368421,research,https://www.inaturalist.org/observations/317368421,https://inaturalist-open-data.s3.amazonaws.com/photos/573469969/medium.jpg,Кряква,Anas platyrhynchos,Кряква
318712909,research,https://www.inaturalist.org/observations/318712909,https://inaturalist-open-data.s3.amazonaws.com/photos/576044740/medium.jpg,Кряква,Anas platyrhynchos,Кряква
318723838,research,https://www.inaturalist.org/observations/318723838,https://inaturalist-open-data.s3.amazonaws.com/photos/576066250/medium.jpg,Кряква,Anas platyrhynchos,Кряква
319580201,research,https://www.inaturalist.org/observations/319580201,https://inaturalist-open-data.s3.amazonaws.com/photos/577704076/medium.jpg,Кряква,Anas platyrhynchos,Кряква
320006818,research,https://www.inaturalist.org/observations/320006818,https://inaturalist-open-data.s3.amazonaws.com/photos/578521288/medium.jpg,Кряква,Anas platyrhynchos,Кряква
320411928,research,https://www.inaturalist.org/observations/320411928,https://inaturalist-open-data.s3.amazonaws.com/photos/579313584/medium.jpg,Кряква,Anas platyrhynchos,Кряква
320412072,research,https://www.inaturalist.org/observations/320412072,https://static.inaturalist.org/photos/579313636/medium.jpg,Mallard,Anas platyrhynchos,Кряква
320712615,research,https://www.inaturalist.org/observations/320712615,https://inaturalist-open-data.s3.amazonaws.com/photos/579893374/medium.jpg,Домашняя утка,Anas platyrhynchos domesticus,Домашняя утка
321258089,research,https://www.inaturalist.org/observations/321258089,https://inaturalist-open-data.s3.amazonaws.com/photos/580968922/medium.jpg,Кряква,Anas platyrhynchos,Кряква
321905882,research,https://www.inaturalist.org/observations/321905882,https://inaturalist-open-data.s3.amazonaws.com/photos/582232228/medium.jpg,Кряква,Anas platyrhynchos,Кряква
322023976,research,https://www.inaturalist.org/observations/322023976,https://inaturalist-open-data.s3.amazonaws.com/photos/582473926/medium.jpg,Кряква,Anas platyrhynchos,Кряква
322052912,research,https://www.inaturalist.org/observations/322052912,https://inaturalist-open-data.s3.amazonaws.com/photos/582529024/medium.jpg,Кряква,Anas platyrhynchos,Кряква
322056820,research,https://www.inaturalist.org/observations/322056820,https://inaturalist-open-data.s3.amazonaws.com/photos/582536975/medium.jpg,Кряква,Anas platyrhynchos,Кряква
323235500,research,https://www.inaturalist.org/observations/323235500,https://inaturalist-open-data.s3.amazonaws.com/photos/584861103/medium.jpg,Кряква,Anas platyrhynchos,Кряква
323426318,research,https://www.inaturalist.org/observations/323426318,https://inaturalist-open-data.s3.amazonaws.com/photos/585214806/medium.jpg,Кряква,Anas platyrhynchos,Кряква
324154533,research,https://www.inaturalist.org/observations/324154533,https://inaturalist-open-data.s3.amazonaws.com/photos/586637922/medium.jpg,Кряква,Anas platyrhynchos,Кряква
324154543,research,https://www.inaturalist.org/observations/324154543,https://inaturalist-open-data.s3.amazonaws.com/photos/586638097/medium.jpg,Кряква,Anas platyrhynchos,Кряква
324382464,research,https://www.inaturalist.org/observations/324382464,https://inaturalist-open-data.s3.amazonaws.com/photos/587104711/medium.jpg,Anas platyrhynchos,Anas platyrhynchos,Кряква
324382465,research,https://www.inaturalist.org/observations/324382465,https://inaturalist-open-data.s3.amazonaws.com/photos/587104714/medium.jpg,Anas platyrhynchos,Anas platyrhynchos,Кряква
324669126,research,https://www.inaturalist.org/observations/324669126,https://inaturalist-open-data.s3.amazonaws.com/photos/587686416/medium.jpg,Кряква,Anas platyrhynchos,Кряква
324695244,research,https://www.inaturalist.org/observations/324695244,https://inaturalist-open-data.s3.amazonaws.com/photos/587740328/medium.jpg,Кряква,Anas platyrhynchos,Кряква
324720713,research,https://www.inaturalist.org/observations/324720713,https://static.inaturalist.org/photos/587791187/medium.jpg,Кряква,Anas platyrhynchos,Кряква
325178536,research,https://www.inaturalist.org/observations/325178536,https://static.inaturalist.org/photos/588710648/medium.jpg,Кряква,Anas platyrhynchos,Кряква
325375779,research,https://www.inaturalist.org/observations/325375779,https://inaturalist-open-data.s3.amazonaws.com/photos/589098792/medium.jpg,Кряква,Anas platyrhynchos,Кряква
325696464,research,https://www.inaturalist.org/observations/325696464,https://inaturalist-open-data.s3.amazonaws.com/photos/589738928/medium.jpg,Кряква,Anas platyrhynchos,Кряква
325898501,research,https://www.inaturalist.org/observations/325898501,https://inaturalist-open-data.s3.amazonaws.com/photos/590143023/medium.jpg,Кряква,Anas platyrhynchos,Кряква
326014095,research,https://www.inaturalist.org/observations/326014095,https://inaturalist-open-data.s3.amazonaws.com/photos/590391034/medium.jpg,Кряква,Anas platyrhynchos,Кряква
327835629,research,https://www.inaturalist.org/observations/327835629,https://inaturalist-open-data.s3.amazonaws.com/photos/593982562/medium.jpg,Кряква,Anas platyrhynchos,Кряква
328003924,research,https://www.inaturalist.org/observations/328003924,https://inaturalist-open-data.s3.amazonaws.com/photos/594283684/medium.jpg,Кряква,Anas platyrhynchos,Кряква
328474394,research,https://www.inaturalist.org/observations/328474394,https://inaturalist-open-data.s3.amazonaws.com/photos/595227575/medium.jpg,Кряква,Anas platyrhynchos,Кряква
328734239,research,https://www.inaturalist.org/observations/328734239,https://inaturalist-open-data.s3.amazonaws.com/photos/595755396/medium.jpg,Кряква,Anas platyrhynchos,Кряква
329880404,research,https://www.inaturalist.org/observations/329880404,https://inaturalist-open-data.s3.amazonaws.com/photos/598057907/medium.jpg,Кряква,Anas platyrhynchos,Кряква
330101423,research,https://www.inaturalist.org/observations/330101423,https://inaturalist-open-data.s3.amazonaws.com/photos/598508469/medium.jpg,Кряква,Anas platyrhynchos,Кряква
330106319,research,https://www.inaturalist.org/observations/330106319,https://inaturalist-open-data.s3.amazonaws.com/photos/598518631/medium.jpg,Кряква,Anas platyrhynchos,Кряква
330738294,research,https://www.inaturalist.org/observations/330738294,https://inaturalist-open-data.s3.amazonaws.com/photos/599819370/medium.jpg,Кряква,Anas platyrhynchos,Кряква
330738364,research,https://www.inaturalist.org/observations/330738364,https://inaturalist-open-data.s3.amazonaws.com/photos/599819530/medium.jpg,Кряква,Anas platyrhynchos,Кряква
330738452,research,https://www.inaturalist.org/observations/330738452,https://inaturalist-open-data.s3.amazonaws.com/photos/599819812/medium.jpg,Кряква,Anas platyrhynchos,Кряква
330738563,research,https://www.inaturalist.org/observations/330738563,https://inaturalist-open-data.s3.amazonaws.com/photos/599820102/medium.jpg,Кряква,Anas platyrhynchos,Кряква
330848257,research,https://www.inaturalist.org/observations/330848257,https://inaturalist-open-data.s3.amazonaws.com/photos/600040676/medium.jpg,Кряква,Anas platyrhynchos,Кряква
331086838,research,https://www.inaturalist.org/observations/331086838,https://inaturalist-open-data.s3.amazonaws.com/photos/600536714/medium.jpg,Кряква,Anas platyrhynchos,Кряква
331281975,research,https://www.inaturalist.org/observations/331281975,https://static.inaturalist.org/photos/600940424/medium.jpg,Домашняя утка,Anas platyrhynchos domesticus,Домашняя утка
331302044,research,https://www.inaturalist.org/observations/331302044,https://inaturalist-open-data.s3.amazonaws.com/photos/600982674/medium.jpg,Кряква,Anas platyrhynchos,Кряква
331314146,research,https://www.inaturalist.org/observations/331314146,https://inaturalist-open-data.s3.amazonaws.com/photos/601007581/medium.jpg,Кряква,Anas platyrhynchos,Кряква
331403593,research,https://www.inaturalist.org/observations/331403593,https://static.inaturalist.org/photos/601189092/medium.jpg,Кряква,Anas platyrhynchos,Кряква
331403596,research,https://www.inaturalist.org/observations/331403596,https://static.inaturalist.org/photos/601189107/medium.jpg,Кряква,Anas platyrhynchos,Кряква
331403598,research,https://www.inaturalist.org/observations/331403598,https://static.inaturalist.org/photos/601189105/medium.jpg,Кряква,Anas platyrhynchos,Кряква
331403605,research,https://www.inaturalist.org/observations/331403605,https://static.inaturalist.org/photos/601189129/medium.jpg,Кряква,Anas platyrhynchos,Кряква
331403608,research,https://www.inaturalist.org/observations/331403608,https://static.inaturalist.org/photos/601189148/medium.jpg,Кряква,Anas platyrhynchos,Кряква
