id,quality_grade,url,image_url,species_guess,scientific_name,common_name
11386313,research,https://www.inaturalist.org/observations/11386313,https://static.inaturalist.org/photos/16229227/medium.jpg,Галка,Coloeus monedula,Галка
18661831,research,https://www.inaturalist.org/observations/18661831,https://inaturalist-open-data.s3.amazonaws.com/photos/28567795/medium.jpg,Галка,Coloeus monedula,Галка
21071815,research,https://www.inaturalist.org/observations/21071815,https://inaturalist-open-data.s3.amazonaws.com/photos/32558728/medium.jpg,Галка,Coloeus monedula,Галка
22547634,research,https://www.inaturalist.org/observations/22547634,https://inaturalist-open-data.s3.amazonaws.com/photos/34934273/medium.jpg,Choucas des tours russe,Coloeus monedula soemmerringii,
23202097,research,https://www.inaturalist.org/observations/23202097,https://inaturalist-open-data.s3.amazonaws.com/photos/35954465/medium.jpeg,Галка,Coloeus monedula,Галка
23227575,research,https://www.inaturalist.org/observations/23227575,https://inaturalist-open-data.s3.amazonaws.com/photos/35991328/medium.jpeg,Галка,Coloeus monedula,Галка
23228159,research,https://www.inaturalist.org/observations/23228159,https://inaturalist-open-data.s3.amazonaws.com/photos/35992211/medium.jpeg,Галка,Coloeus monedula,Галка
23228264,research,https://www.inaturalist.org/observations/23228264,https://inaturalist-open-data.s3.amazonaws.com/photos/35992835/medium.jpeg,Галка,Coloeus monedula,Галка
32257002,research,https://www.inaturalist.org/observations/32257002,https://static.inaturalist.org/photos/50577489/medium.jpg,Галка,Coloeus monedula,Галка
34011287,research,https://www.inaturalist.org/observations/34011287,https://inaturalist-open-data.s3.amazonaws.com/photos/53479820/medium.jpeg,Eurasian Jackdaw,Coloeus monedula,Галка
35232117,research,https://www.inaturalist.org/observations/35232117,https://static.inaturalist.org/photos/55534605/medium.jpg,Галка,Coloeus monedula,Галка
35380151,research,https://www.inaturalist.org/observations/35380151,https://inaturalist-open-data.s3.amazonaws.com/photos/55783468/medium.jpg,Eurasian Jackdaw,Coloeus monedula,Галка
35482190,research,https://www.inaturalist.org/observations/35482190,https://inaturalist-open-data.s3.amazonaws.com/photos/55952246/medium.jpeg,Галка,Coloeus monedula,Галка
35609054,research,https://www.inaturalist.org/observations/35609054,https://inaturalist-open-data.s3.amazonaws.com/photos/56168059/medium.jpeg,Eurasian Jackdaw,Coloeus monedula,Галка
36374941,research,https://www.inaturalist.org/observations/36374941,https://static.inaturalist.org/photos/57542369/medium.jpg,Галка,Coloeus monedula,Галка
37223349,research,https://www.inaturalist.org/observations/37223349,https://static.inaturalist.org/photos/58975236/medium.jpg,Галка,Coloeus monedula,Галка
37451369,research,https://www.inaturalist.org/observations/37451369,https://inaturalist-open-data.s3.amazonaws.com/photos/59373885/medium.jpeg,Галка,Coloeus monedula,Галка
37451703,research,https://www.inaturalist.org/observations/37451703,https://inaturalist-open-data.s3.amazonaws.com/photos/59374251/medium.jpeg,Галка,Coloeus monedula,Галка
37485500,research,https://www.inaturalist.org/observations/37485500,https://inaturalist-open-data.s3.amazonaws.com/photos/59433558/medium.jpeg,Галка,Coloeus monedula,Галка
37981100,research,https://www.inaturalist.org/observations/37981100,https://static.inaturalist.org/photos/60295792/medium.jpg,Галка,Coloeus monedula,Галка
38214924,research,https://www.inaturalist.org/observations/38214924,https://inaturalist-open-data.s3.amazonaws.com/photos/60703483/medium.jpg,Галка,Coloeus monedula,Галка
38255072,research,https://www.inaturalist.org/observations/38255072,https://inaturalist-open-data.s3.amazonaws.com/photos/60775938/medium.jpg,Галка,Coloeus monedula,Галка
39212032,research,https://www.inaturalist.org/observations/39212032,https://static.inaturalist.org/photos/62179502/medium.jpeg,Галка,Coloeus monedula,Галка
39613582,research,https://www.inaturalist.org/observations/39613582,https://inaturalist-open-data.s3.amazonaws.com/photos/62864148/medium.jpg,Галка,Coloeus monedula,Галка
40591748,research,https://www.inaturalist.org/observations/40591748,https://inaturalist-open-data.s3.amazonaws.com/photos/64335635/medium.jpg,Галка,Coloeus monedula,Галка
40632186,research,https://www.inaturalist.org/observations/40632186,https://inaturalist-open-data.s3.amazonaws.com/photos/64405078/medium.jpg,Галка,Coloeus monedula,Галка
40701001,research,https://www.inaturalist.org/observations/40701001,https://inaturalist-open-data.s3.amazonaws.com/photos/64520802/medium.jpg,Галка,Coloeus monedula,Галка
40943661,research,https://www.inaturalist.org/observations/40943661,https://inaturalist-open-data.s3.amazonaws.com/photos/64915566/medium.jpg,Галка,Coloeus monedula,Галка
40943666,research,https://www.inaturalist.org/observations/40943666,https://inaturalist-open-data.s3.amazonaws.com/photos/64915575/medium.jpg,Галка,Coloeus monedula,Галка
40943667,research,https://www.inaturalist.org/observations/40943667,https://inaturalist-open-data.s3.amazonaws.com/photos/64915577/medium.jpg,Галка,Coloeus monedula,Галка
40943671,research,https://www.inaturalist.org/observations/40943671,https://inaturalist-open-data.s3.amazonaws.com/photos/64915602/medium.jpg,Галка,Coloeus monedula,Галка
40943674,research,https://www.inaturalist.org/observations/40943674,https://inaturalist-open-data.s3.amazonaws.com/photos/64915611/medium.jpg,Галка,Coloeus monedula,Галка
41101602,research,https://www.inaturalist.org/observations/41101602,https://inaturalist-open-data.s3.amazonaws.com/photos/65172675/medium.jpg,Галка,Coloeus monedula,Галка
41154133,research,https://www.inaturalist.org/observations/41154133,https://inaturalist-open-data.s3.amazonaws.com/photos/65261967/medium.jpg,Галка,Coloeus monedula,Галка
41170015,research,https://www.inaturalist.org/observations/41170015,https://inaturalist-open-data.s3.amazonaws.com/photos/65287517/medium.jpg,Галка,Coloeus monedula,Галка
41233994,research,https://www.inaturalist.org/observations/41233994,https://inaturalist-open-data.s3.amazonaws.com/photos/65394856/medium.jpg,Галка,Coloeus monedula,Галка
41356144,research,https://www.inaturalist.org/observations/41356144,https://inaturalist-open-data.s3.amazonaws.com/photos/65601038/medium.jpg,Галка,Coloeus monedula,Галка
41668341,research,https://www.inaturalist.org/observations/41668341,https://inaturalist-open-data.s3.amazonaws.com/photos/66104760/medium.jpg,Галка,Coloeus monedula,Галка
41668353,research,https://www.inaturalist.org/observations/41668353,https://inaturalist-open-data.s3.amazonaws.com/photos/66104860/medium.jpg,Галка,Coloeus monedula,Галка
41915328,research,https://www.inaturalist.org/observations/41915328,https://inaturalist-open-data.s3.amazonaws.com/photos/66515808/medium.jpg,Галка,Coloeus monedula,Галка
41988702,research,https://www.inaturalist.org/observations/41988702,https://inaturalist-open-data.s3.amazonaws.com/photos/66639169/medium.jpg,Галка,Coloeus monedula,Галка
41990046,research,https://www.inaturalist.org/observations/41990046,https://inaturalist-open-data.s3.amazonaws.com/photos/66641177/medium.jpg,Галка,Coloeus monedula,Галка
41990051,research,https://www.inaturalist.org/observations/41990051,https://inaturalist-open-data.s3.amazonaws.com/photos/66641209/medium.jpg,Галка,Coloeus monedula,Галка
41990079,research,https://www.inaturalist.org/observations/41990079,https://inaturalist-open-data.s3.amazonaws.com/photos/66641155/medium.jpg,Галка,Coloeus monedula,Галка
41996401,research,https://www.inaturalist.org/observations/41996401,https://inaturalist-open-data.s3.amazonaws.com/photos/66650344/medium.jpg,Галка,Coloeus monedula,Галка
41996405,research,https://www.inaturalist.org/observations/41996405,https://inaturalist-open-data.s3.amazonaws.com/photos/66650373/medium.jpg,Галка,Coloeus monedula,Галка
41996418,research,https://www.inaturalist.org/observations/41996418,https://inaturalist-open-data.s3.amazonaws.com/photos/66650947/medium.jpg,Галка,Coloeus monedula,Галка
42071354,research,https://www.inaturalist.org/observations/42071354,https://inaturalist-open-data.s3.amazonaws.com/photos/66775350/medium.jpg,Галка,Coloeus monedula,Галка
42072694,research,https://www.inaturalist.org/observations/42072694,https://inaturalist-open-data.s3.amazonaws.com/photos/66777738/medium.jpg,Галка,Coloeus monedula,Галка
42072700,research,https://www.inaturalist.org/observations/42072700,https://inaturalist-open-data.s3.amazonaws.com/photos/66777751/medium.jpg,Галка,Coloeus monedula,Галка
42144533,research,https://www.inaturalist.org/observations/42144533,https://inaturalist-open-data.s3.amazonaws.com/photos/66899817/medium.jpg,Галка,Coloeus monedula,Галка
42144711,research,https://www.inaturalist.org/observations/42144711,https://inaturalist-open-data.s3.amazonaws.com/photos/66900034/medium.jpg,Галка,Coloeus monedula,Галка
42154423,research,https://www.inaturalist.org/observations/42154423,https://inaturalist-open-data.s3.amazonaws.com/photos/66916561/medium.jpg,Галка,Coloeus monedula,Галка
42156138,research,https://www.inaturalist.org/observations/42156138,https://inaturalist-open-data.s3.amazonaws.com/photos/66918183/medium.jpg,Галка,Coloeus monedula,Галка
42219055,research,https://www.inaturalist.org/observations/42219055,https://inaturalist-open-data.s3.amazonaws.com/photos/67022736/medium.jpg,Галка,Coloeus monedula,Галка
42546059,research,https://www.inaturalist.org/observations/42546059,https://inaturalist-open-data.s3.amazonaws.com/photos/67559228/medium.jpg,Галка,Coloeus monedula,Галка
45148604,research,https://www.inaturalist.org/observations/45148604,https://inaturalist-open-data.s3.amazonaws.com/photos/71583417/medium.jpg,Галка,Coloeus monedula,Галка
45768309,research,https://www.inaturalist.org/observations/45768309,https://inaturalist-open-data.s3.amazonaws.com/photos/72587423/medium.jpg,Галка,Coloeus monedula,Галка
48895392,research,https://www.inaturalist.org/observations/48895392,https://inaturalist-open-data.s3.amazonaws.com/photos/77603761/medium.jpeg,Галка,Coloeus monedula,Галка
56706701,research,https://www.inaturalist.org/observations/56706701,https://static.inaturalist.org/photos/90384961/medium.jpeg,Галка,Coloeus monedula,Галка
58938336,research,https://www.inaturalist.org/observations/58938336,https://static.inaturalist.org/photos/94132174/medium.jpeg,Eurasian Jackdaw,Coloeus monedula,Галка
60810699,research,https://www.inaturalist.org/observations/60810699,https://static.inaturalist.org/photos/97261157/medium.jpeg,Галка,Coloeus monedula,Галка
60962099,research,https://www.inaturalist.org/observations/60962099,https://inaturalist-open-data.s3.amazonaws.com/photos/97509231/medium.jpg,Галка,Coloeus monedula,Галка
62042366,research,https://www.inaturalist.org/observations/62042366,https://inaturalist-open-data.s3.amazonaws.com/photos/99355705/medium.jpg,Галка,Coloeus monedula,Галка
62209268,research,https://www.inaturalist.org/observations/62209268,https://inaturalist-open-data.s3.amazonaws.com/photos/99643734/medium.jpeg,Галка,Coloeus monedula,Галка
62782256,research,https://www.inaturalist.org/observations/62782256,https://inaturalist-open-data.s3.amazonaws.com/photos/100652165/medium.jpg,Галка,Coloeus monedula,Галка
63627910,research,https://www.inaturalist.org/observations/63627910,https://inaturalist-open-data.s3.amazonaws.com/photos/102149689/medium.jpeg,Галка,Coloeus monedula,Галка
64458866,research,https://www.inaturalist.org/observations/64458866,https://inaturalist-open-data.s3.amazonaws.com/photos/103634690/medium.jpg,Галка,Coloeus monedula,Галка
64606226,research,https://www.inaturalist.org/observations/64606226,https://inaturalist-open-data.s3.amazonaws.com/photos/103889661/medium.jpeg,Галка,Coloeus monedula,Галка
64754985,research,https://www.inaturalist.org/observations/64754985,https://inaturalist-open-data.s3.amazonaws.com/photos/104160220/medium.jpg,Галка,Coloeus monedula,Галка
64754987,research,https://www.inaturalist.org/observations/64754987,https://inaturalist-open-data.s3.amazonaws.com/photos/104160271/medium.jpg,Галка,Coloeus monedula,Галка
64754990,research,https://www.inaturalist.org/observations/64754990,https://inaturalist-open-data.s3.amazonaws.com/photos/104160303/medium.jpg,Галка,Coloeus monedula,Галка
64754992,research,https://www.inaturalist.org/observations/64754992,https://inaturalist-open-data.s3.amazonaws.com/photos/104160341/medium.jpg,Галка,Coloeus monedula,Галка
64754993,research,https://www.inaturalist.org/observations/64754993,https://inaturalist-open-data.s3.amazonaws.com/photos/104160424/medium.jpg,Галка,Coloeus monedula,Галка
64754994,research,https://www.inaturalist.org/observations/64754994,https://inaturalist-open-data.s3.amazonaws.com/photos/104160466/medium.jpg,Галка,Coloeus monedula,Галка
64755005,research,https://www.inaturalist.org/observations/64755005,https://inaturalist-open-data.s3.amazonaws.com/photos/104160567/medium.jpg,Галка,Coloeus monedula,Галка
64755016,research,https://www.inaturalist.org/observations/64755016,https://inaturalist-open-data.s3.amazonaws.com/photos/104160695/medium.jpg,Галка,Coloeus monedula,Галка
65069117,research,https://www.inaturalist.org/observations/65069117,https://static.inaturalist.org/photos/114616402/medium.jpg,Галка,Coloeus monedula,Галка
65877715,research,https://www.inaturalist.org/observations/65877715,https://inaturalist-open-data.s3.amazonaws.com/photos/106106967/medium.jpeg,Галка,Coloeus monedula,Галка
66001499,research,https://www.inaturalist.org/observations/66001499,https://inaturalist-open-data.s3.amazonaws.com/photos/106308428/medium.jpeg,Галка,Coloeus monedula,Галка
66193700,research,https://www.inaturalist.org/observations/66193700,https://inaturalist-open-data.s3.amazonaws.com/photos/106659868/medium.jpeg,Галка,Coloeus monedula,Галка
66413297,research,https://www.inaturalist.org/observations/66413297,https://inaturalist-open-data.s3.amazonaws.com/photos/107059279/medium.jpeg,Галка,Coloeus monedula,Галка
66702969,research,https://www.inaturalist.org/observations/66702969,https://inaturalist-open-data.s3.amazonaws.com/photos/107590277/medium.jpeg,Галка,Coloeus monedula,Галка
66827039,research,https://www.inaturalist.org/observations/66827039,https://inaturalist-open-data.s3.amazonaws.com/photos/107819889/medium.jpeg,Галка,Coloeus monedula,Галка
67135166,research,https://www.inaturalist.org/observations/67135166,https://inaturalist-open-data.s3.amazonaws.com/photos/108392461/medium.jpeg,Галка,Coloeus monedula,Галка
67355943,research,https://www.inaturalist.org/observations/67355943,https://inaturalist-open-data.s3.amazonaws.com/photos/108804735/medium.jpeg,Галка,Coloeus monedula,Галка
67401657,research,https://www.inaturalist.org/observations/67401657,https://inaturalist-open-data.s3.amazonaws.com/photos/108889530/medium.jpeg,Галка,Coloeus monedula,Галка
67512164,research,https://www.inaturalist.org/observations/67512164,https://static.inaturalist.org/photos/109093255/medium.jpg,Галка,Coloeus monedula,Галка
67569567,research,https://www.inaturalist.org/observations/67569567,https://inaturalist-open-data.s3.amazonaws.com/photos/109201689/medium.jpeg,Галка,Coloeus monedula,Галка
67670072,research,https://www.inaturalist.org/observations/67670072,https://inaturalist-open-data.s3.amazonaws.com/photos/109390010/medium.jpg,Галка,Coloeus monedula,Галка
67670206,research,https://www.inaturalist.org/observations/67670206,https://inaturalist-open-data.s3.amazonaws.com/photos/109390695/medium.jpeg,Галка,Coloeus monedula,Галка
67714099,research,https://www.inaturalist.org/observations/67714099,https://inaturalist-open-data.s3.amazonaws.com/photos/109474095/medium.jpeg,Галка,Coloeus monedula,Галка
67757425,research,https://www.inaturalist.org/observations/67757425,https://inaturalist-open-data.s3.amazonaws.com/photos/109558007/medium.jpeg,Галка,Coloeus monedula,Галка
67801277,research,https://www.inaturalist.org/observations/67801277,https://inaturalist-open-data.s3.amazonaws.com/photos/109639127/medium.jpeg,Галка,Coloeus monedula,Галка
67848823,research,https://www.inaturalist.org/observations/67848823,https://static.inaturalist.org/photos/109726866/medium.jpeg,Галка,Coloeus monedula,Галка
68229576,research,https://www.inaturalist.org/observations/68229576,https://inaturalist-open-data.s3.amazonaws.com/photos/110423945/medium.jpeg,Галка,Coloeus monedula,Галка
68325218,research,https://www.inaturalist.org/observations/68325218,https://static.inaturalist.org/photos/110604088/medium.jpeg,Галка,Coloeus monedula,Галка
68404745,research,https://www.inaturalist.org/observations/68404745,https://inaturalist-open-data.s3.amazonaws.com/photos/110755027/medium.jpg,Галка,Coloeus monedula,Галка
68644414,research,https://www.inaturalist.org/observations/68644414,https://inaturalist-open-data.s3.amazonaws.com/photos/111205712/medium.jpeg,Галка,Coloeus monedula,Галка
68859769,research,https://www.inaturalist.org/observations/68859769,https://static.inaturalist.org/photos/111603021/medium.jpg,Галка,Coloeus monedula,Галка
69017891,research,https://www.inaturalist.org/observations/69017891,https://inaturalist-open-data.s3.amazonaws.com/photos/111897097/medium.jpeg,Галка,Coloeus monedula,Галка
69083900,research,https://www.inaturalist.org/observations/69083900,https://inaturalist-open-data.s3.amazonaws.com/photos/112019371/medium.jpg,Галка,Coloeus monedula,Галка
69100647,research,https://www.inaturalist.org/observations/69100647,https://inaturalist-open-data.s3.amazonaws.com/photos/112051830/medium.jpg,Галка,Coloeus monedula,Галка
69144010,research,https://www.inaturalist.org/observations/69144010,https://inaturalist-open-data.s3.amazonaws.com/photos/112131489/medium.jpeg,Галка,Coloeus monedula,Галка
69144011,research,https://www.inaturalist.org/observations/69144011,https://inaturalist-open-data.s3.amazonaws.com/photos/112131495/medium.jpeg,Галка,Coloeus monedula,Галка
69144012,research,https://www.inaturalist.org/observations/69144012,https://inaturalist-open-data.s3.amazonaws.com/photos/112131505/medium.jpeg,Галка,Coloeus monedula,Галка
69144014,research,https://www.inaturalist.org/observations/69144014,https://inaturalist-open-data.s3.amazonaws.com/photos/112131518/medium.jpeg,Галка,Coloeus monedula,Галка
69147101,research,https://www.inaturalist.org/observations/69147101,https://inaturalist-open-data.s3.amazonaws.com/photos/112137846/medium.jpg,Галка,Coloeus monedula,Галка
69153604,research,https://www.inaturalist.org/observations/69153604,https://inaturalist-open-data.s3.amazonaws.com/photos/112148700/medium.jpeg,Галка,Coloeus monedula,Галка
69153607,research,https://www.inaturalist.org/observations/69153607,https://inaturalist-open-data.s3.amazonaws.com/photos/112148755/medium.jpeg,Галка,Coloeus monedula,Галка
69201735,research,https://www.inaturalist.org/observations/69201735,https://static.inaturalist.org/photos/112239455/medium.jpeg,Галка,Coloeus monedula,Галка
69207870,research,https://www.inaturalist.org/observations/69207870,https://inaturalist-open-data.s3.amazonaws.com/photos/112251063/medium.jpeg,Галка,Coloeus monedula,Галка
69218429,research,https://www.inaturalist.org/observations/69218429,https://inaturalist-open-data.s3.amazonaws.com/photos/112271668/medium.jpg,Галка,Coloeus monedula,Галка
69219332,research,https://www.inaturalist.org/observations/69219332,https://inaturalist-open-data.s3.amazonaws.com/photos/112273015/medium.jpeg,Галка,Coloeus monedula,Галка
69506979,research,https://www.inaturalist.org/observations/69506979,https://static.inaturalist.org/photos/112794950/medium.jpeg,Галка,Coloeus monedula,Галка
69516716,research,https://www.inaturalist.org/observations/69516716,https://inaturalist-open-data.s3.amazonaws.com/photos/112811803/medium.jpeg,Галка,Coloeus monedula,Галка
69572384,research,https://www.inaturalist.org/observations/69572384,https://inaturalist-open-data.s3.amazonaws.com/photos/112914971/medium.jpeg,Галка,Coloeus monedula,Галка
69612962,research,https://www.inaturalist.org/observations/69612962,https://inaturalist-open-data.s3.amazonaws.com/photos/112990267/medium.jpg,Галка,Coloeus monedula,Галка
69612972,research,https://www.inaturalist.org/observations/69612972,https://inaturalist-open-data.s3.amazonaws.com/photos/112990296/medium.jpg,Галка,Coloeus monedula,Галка
69624638,research,https://www.inaturalist.org/observations/69624638,https://static.inaturalist.org/photos/113012187/medium.jpeg,Галка,Coloeus monedula,Галка
69987065,research,https://www.inaturalist.org/observations/69987065,https://inaturalist-open-data.s3.amazonaws.com/photos/113689435/medium.jpeg,Галка,Coloeus monedula,Галка
69987066,research,https://www.inaturalist.org/observations/69987066,https://inaturalist-open-data.s3.amazonaws.com/photos/113689440/medium.jpeg,Галка,Coloeus monedula,Галка
69987706,research,https://www.inaturalist.org/observations/69987706,https://static.inaturalist.org/photos/113690916/medium.jpeg,Галка,Coloeus monedula,Галка
70160834,research,https://www.inaturalist.org/observations/70160834,https://inaturalist-open-data.s3.amazonaws.com/photos/114003859/medium.jpg,Галка,Coloeus monedula,Галка
70245042,research,https://www.inaturalist.org/observations/70245042,https://inaturalist-open-data.s3.amazonaws.com/photos/114152292/medium.jpg,Галка,Coloeus monedula,Галка
70266573,research,https://www.inaturalist.org/observations/70266573,https://inaturalist-open-data.s3.amazonaws.com/photos/114194098/medium.jpeg,Галка,Coloeus monedula,Галка
70762758,research,https://www.inaturalist.org/observations/70762758,https://inaturalist-open-data.s3.amazonaws.com/photos/115095412/medium.jpg,Галка,Coloeus monedula,Галка
70937997,research,https://www.inaturalist.org/observations/70937997,https://inaturalist-open-data.s3.amazonaws.com/photos/116374388/medium.jpg,Галка,Coloeus monedula,Галка
71052956,research,https://www.inaturalist.org/observations/71052956,https://inaturalist-open-data.s3.amazonaws.com/photos/115619282/medium.jpeg,Галка,Coloeus monedula,Галка
71471797,research,https://www.inaturalist.org/observations/71471797,https://inaturalist-open-data.s3.amazonaws.com/photos/116369946/medium.jpg,Галка,Coloeus monedula,Галка
71471949,research,https://www.inaturalist.org/observations/71471949,https://inaturalist-open-data.s3.amazonaws.com/photos/116370125/medium.jpg,Галка,Coloeus monedula,Галка
71471951,research,https://www.inaturalist.org/observations/71471951,https://inaturalist-open-data.s3.amazonaws.com/photos/116370152/medium.jpg,Галка,Coloeus monedula,Галка
71489349,research,https://www.inaturalist.org/observations/71489349,https://inaturalist-open-data.s3.amazonaws.com/photos/116401636/medium.jpg,Галка,Coloeus monedula,Галка
71489367,research,https://www.inaturalist.org/observations/71489367,https://inaturalist-open-data.s3.amazonaws.com/photos/116401832/medium.jpg,Галка,Coloeus monedula,Галка
71489370,research,https://www.inaturalist.org/observations/71489370,https://inaturalist-open-data.s3.amazonaws.com/photos/116401862/medium.jpg,Галка,Coloeus monedula,Галка
71489371,research,https://www.inaturalist.org/observations/71489371,https://inaturalist-open-data.s3.amazonaws.com/photos/116401878/medium.jpg,Галка,Coloeus monedula,Галка
72022507,research,https://www.inaturalist.org/observations/72022507,https://static.inaturalist.org/photos/117358414/medium.jpg,Галка,Coloeus monedula,Галка
72376843,research,https://www.inaturalist.org/observations/72376843,https://inaturalist-open-data.s3.amazonaws.com/photos/117993426/medium.jpeg,Галка,Coloeus monedula,Галка
72432347,research,https://www.inaturalist.org/observations/72432347,https://static.inaturalist.org/photos/118094104/medium.jpeg,Галка,Coloeus monedula,Галка
72612663,research,https://www.inaturalist.org/observations/72612663,https://static.inaturalist.org/photos/118419139/medium.jpg,Галка,Coloeus monedula,Галка
72632148,research,https://www.inaturalist.org/observations/72632148,https://inaturalist-open-data.s3.amazonaws.com/photos/118454188/medium.jpg,Галка,Coloeus monedula,Галка
73744347,research,https://www.inaturalist.org/observations/73744347,https://inaturalist-open-data.s3.amazonaws.com/photos/120435990/medium.jpeg,Галка,Coloeus monedula,Галка
73834992,research,https://www.inaturalist.org/observations/73834992,https://inaturalist-open-data.s3.amazonaws.com/photos/120600381/medium.jpg,Галка,Coloeus monedula,Галка
73937294,research,https://www.inaturalist.org/observations/73937294,https://inaturalist-open-data.s3.amazonaws.com/photos/120782330/medium.jpeg,Галка,Coloeus monedula,Галка
74726592,research,https://www.inaturalist.org/observations/74726592,https://static.inaturalist.org/photos/122168222/medium.jpeg,Галка,Coloeus monedula,Галка
74749601,research,https://www.inaturalist.org/observations/74749601,https://static.inaturalist.org/photos/122354531/medium.jpg,Галка,Coloeus monedula,Галка
74836496,research,https://www.inaturalist.org/observations/74836496,https://static.inaturalist.org/photos/122363328/medium.jpeg,Галка,Coloeus monedula,Галка
75113670,research,https://www.inaturalist.org/observations/75113670,https://inaturalist-open-data.s3.amazonaws.com/photos/122843608/medium.jpg,Галка,Coloeus monedula,Галка
75430182,research,https://www.inaturalist.org/observations/75430182,https://static.inaturalist.org/photos/123405055/medium.jpeg,Галка,Coloeus monedula,Галка
77866562,research,https://www.inaturalist.org/observations/77866562,https://inaturalist-open-data.s3.amazonaws.com/photos/127379351/medium.jpeg,Галка,Coloeus monedula,Галка
77881708,research,https://www.inaturalist.org/observations/77881708,https://inaturalist-open-data.s3.amazonaws.com/photos/127404486/medium.jpg,Галка,Coloeus monedula,Галка
78549411,research,https://www.inaturalist.org/observations/78549411,https://inaturalist-open-data.s3.amazonaws.com/photos/128567431/medium.jpeg,Галка,Coloeus monedula,Галка
78736403,research,https://www.inaturalist.org/observations/78736403,https://inaturalist-open-data.s3.amazonaws.com/photos/128891417/medium.jpg,Галка,Coloeus monedula,Галка
78861251,research,https://www.inaturalist.org/observations/78861251,https://inaturalist-open-data.s3.amazonaws.com/photos/129105774/medium.jpg,Галка,Coloeus monedula,Галка
78955415,research,https://www.inaturalist.org/observations/78955415,https://inaturalist-open-data.s3.amazonaws.com/photos/129274625/medium.jpg,Галка,Coloeus monedula,Галка
80090852,research,https://www.inaturalist.org/observations/80090852,https://inaturalist-open-data.s3.amazonaws.com/photos/131238632/medium.jpg,Галка,Coloeus monedula,Галка
80426113,research,https://www.inaturalist.org/observations/80426113,https://inaturalist-open-data.s3.amazonaws.com/photos/131817010/medium.jpg,Галка,Coloeus monedula,Галка
81477021,research,https://www.inaturalist.org/observations/81477021,https://static.inaturalist.org/photos/133645482/medium.jpeg,Kaja,Coloeus monedula,Галка
81541579,research,https://www.inaturalist.org/observations/81541579,https://static.inaturalist.org/photos/133760798/medium.jpeg,Eurasian Jackdaw,Coloeus monedula,Галка
84063241,research,https://www.inaturalist.org/observations/84063241,https://static.inaturalist.org/photos/138124329/medium.jpeg,Галка,Coloeus monedula,Галка
84845816,research,https://www.inaturalist.org/observations/84845816,https://inaturalist-open-data.s3.amazonaws.com/photos/139501608/medium.jpg,Галка,Coloeus monedula,Галка
84889723,research,https://www.inaturalist.org/observations/84889723,https://inaturalist-open-data.s3.amazonaws.com/photos/139580651/medium.jpg,Галка,Coloeus monedula,Галка
88228643,research,https://www.inaturalist.org/observations/88228643,https://inaturalist-open-data.s3.amazonaws.com/photos/145548169/medium.jpeg,Eurasian Jackdaw,Coloeus monedula,Галка
88302789,research,https://www.inaturalist.org/observations/88302789,https://inaturalist-open-data.s3.amazonaws.com/photos/145676380/medium.jpg,Галка,Coloeus monedula,Галка
90674567,research,https://www.inaturalist.org/observations/90674567,https://inaturalist-open-data.s3.amazonaws.com/photos/149880462/medium.jpg,Галка,Coloeus monedula,Галка
93840923,research,https://www.inaturalist.org/observations/93840923,https://inaturalist-open-data.s3.amazonaws.com/photos/155586838/medium.jpg,Галка,Coloeus monedula,Галка
94945590,research,https://www.inaturalist.org/observations/94945590,https://inaturalist-open-data.s3.amazonaws.com/photos/157557578/medium.jpg,Галка,Coloeus monedula,Галка
95161006,research,https://www.inaturalist.org/observations/95161006,https://inaturalist-open-data.s3.amazonaws.com/photos/157948372/medium.jpeg,Галка,Coloeus monedula,Галка
97231522,research,https://www.inaturalist.org/observations/97231522,https://inaturalist-open-data.s3.amazonaws.com/photos/161666364/medium.jpg,Галка,Coloeus monedula,Галка
97989755,research,https://www.inaturalist.org/observations/97989755,https://inaturalist-open-data.s3.amazonaws.com/photos/163062985/medium.jpg,Галка,Coloeus monedula,Галка
98306927,research,https://www.inaturalist.org/observations/98306927,https://inaturalist-open-data.s3.amazonaws.com/photos/163641220/medium.jpg,Галка,Coloeus monedula,Галка
98620496,research,https://www.inaturalist.org/observations/98620496,https://static.inaturalist.org/photos/164236674/medium.jpeg,Kaja,Coloeus monedula,Галка
98868856,research,https://www.inaturalist.org/observations/98868856,https://inaturalist-open-data.s3.amazonaws.com/photos/164708095/medium.jpg,Галка,Coloeus monedula,Галка
98959328,research,https://www.inaturalist.org/observations/98959328,https://inaturalist-open-data.s3.amazonaws.com/photos/164875906/medium.jpg,Галка,Coloeus monedula,Галка
98969262,research,https://www.inaturalist.org/observations/98969262,https://inaturalist-open-data.s3.amazonaws.com/photos/164892667/medium.jpg,Галка,Coloeus monedula,Галка
99079089,research,https://www.inaturalist.org/observations/99079089,https://inaturalist-open-data.s3.amazonaws.com/photos/165095359/medium.jpg,Галка,Coloeus monedula,Галка
99083127,research,https://www.inaturalist.org/observations/99083127,https://inaturalist-open-data.s3.amazonaws.com/photos/165103050/medium.jpg,Галка,Coloeus monedula,Галка
99620352,research,https://www.inaturalist.org/observations/99620352,https://inaturalist-open-data.s3.amazonaws.com/photos/166108500/medium.jpg,Галка,Coloeus monedula,Галка
99966401,research,https://www.inaturalist.org/observations/99966401,https://inaturalist-open-data.s3.amazonaws.com/photos/166769756/medium.jpg,Галка,Coloeus monedula,Галка
100139836,research,https://www.inaturalist.org/observations/100139836,https://inaturalist-open-data.s3.amazonaws.com/photos/167097366/medium.jpg,Галка,Coloeus monedula,Галка
100223042,research,https://www.inaturalist.org/observations/100223042,https://inaturalist-open-data.s3.amazonaws.com/photos/167242923/medium.jpg,Галка,Coloeus monedula,Галка
100667049,research,https://www.inaturalist.org/observations/100667049,https://inaturalist-open-data.s3.amazonaws.com/photos/168045894/medium.jpg,Галка,Coloeus monedula,Галка
100842426,research,https://www.inaturalist.org/observations/100842426,https://inaturalist-open-data.s3.amazonaws.com/photos/168349353/medium.jpg,Галка,Coloeus monedula,Галка
100934457,research,https://www.inaturalist.org/observations/100934457,https://inaturalist-open-data.s3.amazonaws.com/photos/168512957/medium.jpeg,Галка,Coloeus monedula,Галка
100935281,research,https://www.inaturalist.org/observations/100935281,https://inaturalist-open-data.s3.amazonaws.com/photos/168515251/medium.jpeg,Галка,Coloeus monedula,Галка
101087886,research,https://www.inaturalist.org/observations/101087886,https://inaturalist-open-data.s3.amazonaws.com/photos/168782728/medium.jpg,Галка,Coloeus monedula,Галка
101185020,research,https://www.inaturalist.org/observations/101185020,https://inaturalist-open-data.s3.amazonaws.com/photos/168954490/medium.jpg,Галка,Coloeus monedula,Галка
101203895,research,https://www.inaturalist.org/observations/101203895,https://inaturalist-open-data.s3.amazonaws.com/photos/168979132/medium.jpeg,Галка,Coloeus monedula,Галка
101319155,research,https://www.inaturalist.org/observations/101319155,https://inaturalist-open-data.s3.amazonaws.com/photos/169202296/medium.jpg,Галка,Coloeus monedula,Галка
101344794,research,https://www.inaturalist.org/observations/101344794,https://inaturalist-open-data.s3.amazonaws.com/photos/169237524/medium.jpeg,Галка,Coloeus monedula,Галка
101388680,research,https://www.inaturalist.org/observations/101388680,https://inaturalist-open-data.s3.amazonaws.com/photos/169320390/medium.jpg,Галка,Coloeus monedula,Галка
101459250,research,https://www.inaturalist.org/observations/101459250,https://inaturalist-open-data.s3.amazonaws.com/photos/169450976/medium.jpeg,Галка,Coloeus monedula,Галка
101702369,research,https://www.inaturalist.org/observations/101702369,https://static.inaturalist.org/photos/169868284/medium.jpeg,Галка,Coloeus monedula,Галка
101821272,research,https://www.inaturalist.org/observations/101821272,https://inaturalist-open-data.s3.amazonaws.com/photos/170086430/medium.jpeg,Галка,Coloeus monedula,Галка
101869759,research,https://www.inaturalist.org/observations/101869759,https://inaturalist-open-data.s3.amazonaws.com/photos/170181039/medium.jpg,Галка,Coloeus monedula,Галка
101879745,research,https://www.inaturalist.org/observations/101879745,https://inaturalist-open-data.s3.amazonaws.com/photos/170200912/medium.jpg,Галка,Coloeus monedula,Галка
102015577,research,https://www.inaturalist.org/observations/102015577,https://inaturalist-open-data.s3.amazonaws.com/photos/170453324/medium.jpeg,Галка,Coloeus monedula,Галка
102018705,research,https://www.inaturalist.org/observations/102018705,https://inaturalist-open-data.s3.amazonaws.com/photos/170457900/medium.jpeg,Галка,Coloeus monedula,Галка
102249200,research,https://www.inaturalist.org/observations/102249200,https://static.inaturalist.org/photos/170881353/medium.jpeg,Галка,Coloeus monedula,Галка
102546153,research,https://www.inaturalist.org/observations/102546153,https://inaturalist-open-data.s3.amazonaws.com/photos/171445284/medium.jpeg,Галка,Coloeus monedula,Галка
102874735,research,https://www.inaturalist.org/observations/102874735,https://inaturalist-open-data.s3.amazonaws.com/photos/172061003/medium.jpeg,Галка,Coloeus monedula,Галка
102886198,research,https://www.inaturalist.org/observations/102886198,https://inaturalist-open-data.s3.amazonaws.com/photos/172082490/medium.jpeg,Галка,Coloeus monedula,Галка
102926437,research,https://www.inaturalist.org/observations/102926437,https://inaturalist-open-data.s3.amazonaws.com/photos/172156582/medium.jpeg,Галка,Coloeus monedula,Галка
102926439,research,https://www.inaturalist.org/observations/102926439,https://inaturalist-open-data.s3.amazonaws.com/photos/172156592/medium.jpeg,Галка,Coloeus monedula,Галка
102926441,research,https://www.inaturalist.org/observations/102926441,https://inaturalist-open-data.s3.amazonaws.com/photos/172156648/medium.jpeg,Галка,Coloeus monedula,Галка
103304061,research,https://www.inaturalist.org/observations/103304061,https://static.inaturalist.org/photos/172861729/medium.jpeg,Галка,Coloeus monedula,Галка
103323936,research,https://www.inaturalist.org/observations/103323936,https://inaturalist-open-data.s3.amazonaws.com/photos/172899718/medium.jpeg,Галка,Coloeus monedula,Галка
103354156,research,https://www.inaturalist.org/observations/103354156,https://inaturalist-open-data.s3.amazonaws.com/photos/251552917/medium.jpg,Галка,Coloeus monedula,Галка
103701674,research,https://www.inaturalist.org/observations/103701674,https://inaturalist-open-data.s3.amazonaws.com/photos/173623039/medium.jpeg,Галка,Coloeus monedula,Галка
104043059,research,https://www.inaturalist.org/observations/104043059,https://inaturalist-open-data.s3.amazonaws.com/photos/174278571/medium.jpeg,Галка,Coloeus monedula,Галка
104191213,research,https://www.inaturalist.org/observations/104191213,https://inaturalist-open-data.s3.amazonaws.com/photos/174563495/medium.jpeg,Галка,Coloeus monedula,Галка
104520243,research,https://www.inaturalist.org/observations/104520243,https://inaturalist-open-data.s3.amazonaws.com/photos/175150979/medium.jpg,Галка,Coloeus monedula,Галка
104528648,research,https://www.inaturalist.org/observations/104528648,https://inaturalist-open-data.s3.amazonaws.com/photos/175166597/medium.jpeg,Галка,Coloeus monedula,Галка
104821724,research,https://www.inaturalist.org/observations/104821724,https://inaturalist-open-data.s3.amazonaws.com/photos/175728416/medium.jpeg,Галка,Coloeus monedula,Галка
105106329,research,https://www.inaturalist.org/observations/105106329,https://static.inaturalist.org/photos/176276558/medium.jpeg,Галка,Coloeus monedula,Галка
105152291,research,https://www.inaturalist.org/observations/105152291,https://inaturalist-open-data.s3.amazonaws.com/photos/176365417/medium.jpeg,Галка,Coloeus monedula,Галка
105256173,research,https://www.inaturalist.org/observations/105256173,https://inaturalist-open-data.s3.amazonaws.com/photos/176564479/medium.jpeg,Галка,Coloeus monedula,Галка
105385491,research,https://www.inaturalist.org/observations/105385491,https://inaturalist-open-data.s3.amazonaws.com/photos/176810070/medium.jpeg,Eurasian Jackdaw,Coloeus monedula,Галка
105711056,research,https://www.inaturalist.org/observations/105711056,https://inaturalist-open-data.s3.amazonaws.com/photos/177429497/medium.jpeg,Галка,Coloeus monedula,Галка
106249155,research,https://www.inaturalist.org/observations/106249155,https://inaturalist-open-data.s3.amazonaws.com/photos/178454380/medium.jpeg,Галка,Coloeus monedula,Галка
106327615,research,https://www.inaturalist.org/observations/106327615,https://inaturalist-open-data.s3.amazonaws.com/photos/178593543/medium.jpeg,Галка,Coloeus monedula,Галка
106439956,research,https://www.inaturalist.org/observations/106439956,https://inaturalist-open-data.s3.amazonaws.com/photos/179583090/medium.jpg,Галка,Coloeus monedula,Галка
106453290,research,https://www.inaturalist.org/observations/106453290,https://inaturalist-open-data.s3.amazonaws.com/photos/178828052/medium.jpeg,Галка,Coloeus monedula,Галка
106454977,research,https://www.inaturalist.org/observations/106454977,https://inaturalist-open-data.s3.amazonaws.com/photos/178831426/medium.jpeg,Галка,Coloeus monedula,Галка
106851930,research,https://www.inaturalist.org/observations/106851930,https://inaturalist-open-data.s3.amazonaws.com/photos/179591185/medium.jpg,Галка,Coloeus monedula,Галка
106851949,research,https://www.inaturalist.org/observations/106851949,https://inaturalist-open-data.s3.amazonaws.com/photos/179591381/medium.jpg,Галка,Coloeus monedula,Галка
106863346,research,https://www.inaturalist.org/observations/106863346,https://inaturalist-open-data.s3.amazonaws.com/photos/179612002/medium.jpg,Галка,Coloeus monedula,Галка
106863372,research,https://www.inaturalist.org/observations/106863372,https://inaturalist-open-data.s3.amazonaws.com/photos/179612288/medium.jpg,Галка,Coloeus monedula,Галка
106929226,research,https://www.inaturalist.org/observations/106929226,https://inaturalist-open-data.s3.amazonaws.com/photos/179739379/medium.jpg,Галка,Coloeus monedula,Галка
106946218,research,https://www.inaturalist.org/observations/106946218,https://inaturalist-open-data.s3.amazonaws.com/photos/179769249/medium.jpg,Галка,Coloeus monedula,Галка
107881388,research,https://www.inaturalist.org/observations/107881388,https://static.inaturalist.org/photos/181529753/medium.jpg,Галка,Coloeus monedula,Галка
108962633,research,https://www.inaturalist.org/observations/108962633,https://inaturalist-open-data.s3.amazonaws.com/photos/183558589/medium.jpeg,Галка,Coloeus monedula,Галка
109161266,research,https://www.inaturalist.org/observations/109161266,https://inaturalist-open-data.s3.amazonaws.com/photos/183930396/medium.jpeg,Галка,Coloeus monedula,Галка
110574233,research,https://www.inaturalist.org/observations/110574233,https://inaturalist-open-data.s3.amazonaws.com/photos/186552786/medium.jpeg,Галка,Coloeus monedula,Галка
110937124,research,https://www.inaturalist.org/observations/110937124,https://inaturalist-open-data.s3.amazonaws.com/photos/187222715/medium.jpg,Галка,Coloeus monedula,Галка
111396759,research,https://www.inaturalist.org/observations/111396759,https://inaturalist-open-data.s3.amazonaws.com/photos/188049453/medium.jpeg,Галка,Coloeus monedula,Галка
111508776,research,https://www.inaturalist.org/observations/111508776,https://inaturalist-open-data.s3.amazonaws.com/photos/188249945/medium.jpg,Eurasian Jackdaw,Coloeus monedula,Галка
112239785,research,https://www.inaturalist.org/observations/112239785,https://inaturalist-open-data.s3.amazonaws.com/photos/189577981/medium.jpeg,Галка,Coloeus monedula,Галка
112265432,research,https://www.inaturalist.org/observations/112265432,https://inaturalist-open-data.s3.amazonaws.com/photos/189620621/medium.jpeg,Галка,Coloeus monedula,Галка
112813629,research,https://www.inaturalist.org/observations/112813629,https://inaturalist-open-data.s3.amazonaws.com/photos/252241627/medium.jpg,Галка,Coloeus monedula,Галка
112954022,research,https://www.inaturalist.org/observations/112954022,https://inaturalist-open-data.s3.amazonaws.com/photos/190834894/medium.jpg,Галка,Coloeus monedula,Галка
113238821,research,https://www.inaturalist.org/observations/113238821,https://static.inaturalist.org/photos/191334653/medium.jpeg,Галка,Coloeus monedula,Галка
113568956,research,https://www.inaturalist.org/observations/113568956,https://inaturalist-open-data.s3.amazonaws.com/photos/191844456/medium.jpeg,Галка,Coloeus monedula,Галка
113957786,research,https://www.inaturalist.org/observations/113957786,https://inaturalist-open-data.s3.amazonaws.com/photos/192462540/medium.jpeg,Галка,Coloeus monedula,Галка
114785551,research,https://www.inaturalist.org/observations/114785551,https://inaturalist-open-data.s3.amazonaws.com/photos/193789633/medium.jpg,Галка,Coloeus monedula,Галка
114847781,research,https://www.inaturalist.org/observations/114847781,https://inaturalist-open-data.s3.amazonaws.com/photos/193882587/medium.jpg,Галка,Coloeus monedula,Галка
115712674,research,https://www.inaturalist.org/observations/115712674,https://inaturalist-open-data.s3.amazonaws.com/photos/195297691/medium.jpeg,Галка,Coloeus monedula,Галка
116311410,research,https://www.inaturalist.org/observations/116311410,https://inaturalist-open-data.s3.amazonaws.com/photos/196322536/medium.jpg,Галка,Coloeus monedula,Галка
116540349,research,https://www.inaturalist.org/observations/116540349,https://inaturalist-open-data.s3.amazonaws.com/photos/196732422/medium.jpeg,Галка,Coloeus monedula,Галка
116611057,research,https://www.inaturalist.org/observations/116611057,https://inaturalist-open-data.s3.amazonaws.com/photos/196852599/medium.jpg,Галка,Coloeus monedula,Галка
116611069,research,https://www.inaturalist.org/observations/116611069,https://inaturalist-open-data.s3.amazonaws.com/photos/196853059/medium.jpg,Галка,Coloeus monedula,Галка
117133769,research,https://www.inaturalist.org/observations/117133769,https://inaturalist-open-data.s3.amazonaws.com/photos/197786068/medium.jpeg,Галка,Coloeus monedula,Галка
118234658,research,https://www.inaturalist.org/observations/118234658,https://inaturalist-open-data.s3.amazonaws.com/photos/199723230/medium.jpeg,Галка,Coloeus monedula,Галка
118234659,research,https://www.inaturalist.org/observations/118234659,https://inaturalist-open-data.s3.amazonaws.com/photos/199723269/medium.jpeg,Галка,Coloeus monedula,Галка
118421679,research,https://www.inaturalist.org/observations/118421679,https://inaturalist-open-data.s3.amazonaws.com/photos/200076737/medium.jpg,Галка,Coloeus monedula,Галка
119407224,research,https://www.inaturalist.org/observations/119407224,https://static.inaturalist.org/photos/201850309/medium.jpg,Галка,Coloeus monedula,Галка
120499853,research,https://www.inaturalist.org/observations/120499853,https://static.inaturalist.org/photos/203816578/medium.jpeg,Галка,Coloeus monedula,Галка
124145749,research,https://www.inaturalist.org/observations/124145749,https://inaturalist-open-data.s3.amazonaws.com/photos/210392664/medium.jpeg,Галка,Coloeus monedula,Галка
127057102,research,https://www.inaturalist.org/observations/127057102,https://inaturalist-open-data.s3.amazonaws.com/photos/215660816/medium.jpg,Галка,Coloeus monedula,Галка
127668014,research,https://www.inaturalist.org/observations/127668014,https://inaturalist-open-data.s3.amazonaws.com/photos/216768369/medium.jpg,Галка,Coloeus monedula,Галка
127965320,research,https://www.inaturalist.org/observations/127965320,https://inaturalist-open-data.s3.amazonaws.com/photos/217313645/medium.jpeg,Галка,Coloeus monedula,Галка
129245867,research,https://www.inaturalist.org/observations/129245867,https://inaturalist-open-data.s3.amazonaws.com/photos/219618102/medium.jpeg,Галка,Coloeus monedula,Галка
129263885,research,https://www.inaturalist.org/observations/129263885,https://inaturalist-open-data.s3.amazonaws.com/photos/219650048/medium.jpg,Галка,Coloeus monedula,Галка
129814213,research,https://www.inaturalist.org/observations/129814213,https://inaturalist-open-data.s3.amazonaws.com/photos/220661519/medium.jpeg,Галка,Coloeus monedula,Галка
130503542,research,https://www.inaturalist.org/observations/130503542,https://static.inaturalist.org/photos/221949397/medium.jpeg,Eurasian Jackdaw,Coloeus monedula,Галка
133371156,research,https://www.inaturalist.org/observations/133371156,https://static.inaturalist.org/photos/227166284/medium.jpeg,Галка,Coloeus monedula,Галка
133371916,research,https://www.inaturalist.org/observations/133371916,https://static.inaturalist.org/photos/227167822/medium.jpeg,Галка,Coloeus monedula,Галка
135097304,research,https://www.inaturalist.org/observations/135097304,https://inaturalist-open-data.s3.amazonaws.com/photos/230379362/medium.jpeg,Галка,Coloeus monedula,Галка
137622689,research,https://www.inaturalist.org/observations/137622689,https://inaturalist-open-data.s3.amazonaws.com/photos/235082146/medium.jpg,Галка,Coloeus monedula,Галка
138523815,research,https://www.inaturalist.org/observations/138523815,https://static.inaturalist.org/photos/236783093/medium.jpeg,Галка,Coloeus monedula,Галка
138525478,research,https://www.inaturalist.org/observations/138525478,https://static.inaturalist.org/photos/236786550/medium.jpeg,Eurasian Jackdaw,Coloeus monedula,Галка
139024296,research,https://www.inaturalist.org/observations/139024296,https://inaturalist-open-data.s3.amazonaws.com/photos/237704381/medium.jpg,Галка,Coloeus monedula,Галка
140633610,research,https://www.inaturalist.org/observations/140633610,https://inaturalist-open-data.s3.amazonaws.com/photos/240758776/medium.jpeg,Галка,Coloeus monedula,Галка
141279624,research,https://www.inaturalist.org/observations/141279624,https://inaturalist-open-data.s3.amazonaws.com/photos/241994686/medium.jpeg,Галка,Coloeus monedula,Галка
142068217,research,https://www.inaturalist.org/observations/142068217,https://static.inaturalist.org/photos/243508164/medium.jpeg,Галка,Coloeus monedula,Галка
142273621,research,https://www.inaturalist.org/observations/142273621,https://inaturalist-open-data.s3.amazonaws.com/photos/243890913/medium.jpeg,Галка,Coloeus monedula,Галка
142295104,research,https://www.inaturalist.org/observations/142295104,https://static.inaturalist.org/photos/243929431/medium.jpeg,Галка,Coloeus monedula,Галка
142914983,research,https://www.inaturalist.org/observations/142914983,https://inaturalist-open-data.s3.amazonaws.com/photos/245089422/medium.jpg,Галка,Coloeus monedula,Галка
143422155,research,https://www.inaturalist.org/observations/143422155,https://inaturalist-open-data.s3.amazonaws.com/photos/245960543/medium.jpeg,Галка,Coloeus monedula,Галка
143713931,research,https://www.inaturalist.org/observations/143713931,https://inaturalist-open-data.s3.amazonaws.com/photos/246517763/medium.jpeg,Галка,Coloeus monedula,Галка
143796790,research,https://www.inaturalist.org/observations/143796790,https://inaturalist-open-data.s3.amazonaws.com/photos/246677505/medium.jpeg,Галка,Coloeus monedula,Галка
144020938,research,https://www.inaturalist.org/observations/144020938,https://inaturalist-open-data.s3.amazonaws.com/photos/247100824/medium.jpg,Галка,Coloeus monedula,Галка
144348897,research,https://www.inaturalist.org/observations/144348897,https://inaturalist-open-data.s3.amazonaws.com/photos/247728187/medium.jpeg,Галка,Coloeus monedula,Галка
144356329,research,https://www.inaturalist.org/observations/144356329,https://inaturalist-open-data.s3.amazonaws.com/photos/383291723/medium.jpeg,Галка,Coloeus monedula,Галка
144419127,research,https://www.inaturalist.org/observations/144419127,https://inaturalist-open-data.s3.amazonaws.com/photos/247861674/medium.jpeg,Галка,Coloeus monedula,Галка
144420389,research,https://www.inaturalist.org/observations/144420389,https://inaturalist-open-data.s3.amazonaws.com/photos/247864329/medium.jpeg,Галка,Coloeus monedula,Галка
144420462,research,https://www.inaturalist.org/observations/144420462,https://inaturalist-open-data.s3.amazonaws.com/photos/247864377/medium.jpeg,Галка,Coloeus monedula,Галка
144724188,research,https://www.inaturalist.org/observations/144724188,https://inaturalist-open-data.s3.amazonaws.com/photos/248458051/medium.jpg,Галка,Coloeus monedula,Галка
145055508,research,https://www.inaturalist.org/observations/145055508,https://inaturalist-open-data.s3.amazonaws.com/photos/249099674/medium.jpeg,Галка,Coloeus monedula,Галка
145562698,research,https://www.inaturalist.org/observations/145562698,https://inaturalist-open-data.s3.amazonaws.com/photos/250056334/medium.png,Галка,Coloeus monedula,Галка
145671289,research,https://www.inaturalist.org/observations/145671289,https://inaturalist-open-data.s3.amazonaws.com/photos/250265031/medium.jpeg,Галка,Coloeus monedula,Галка
145677366,research,https://www.inaturalist.org/observations/145677366,https://static.inaturalist.org/photos/250274468/medium.jpeg,Галка,Coloeus monedula,Галка
145679042,research,https://www.inaturalist.org/observations/145679042,https://inaturalist-open-data.s3.amazonaws.com/photos/250278594/medium.jpeg,Галка,Coloeus monedula,Галка
146361004,research,https://www.inaturalist.org/observations/146361004,https://inaturalist-open-data.s3.amazonaws.com/photos/251609376/medium.jpeg,Галка,Coloeus monedula monedula,
146882334,research,https://www.inaturalist.org/observations/146882334,https://inaturalist-open-data.s3.amazonaws.com/photos/252634954/medium.jpeg,Галка,Coloeus monedula,Галка
146966429,research,https://www.inaturalist.org/observations/146966429,https://inaturalist-open-data.s3.amazonaws.com/photos/252798452/medium.jpg,Галка,Coloeus monedula,Галка
147272880,research,https://www.inaturalist.org/observations/147272880,https://inaturalist-open-data.s3.amazonaws.com/photos/253387568/medium.jpeg,Галка,Coloeus monedula,Галка
147687695,research,https://www.inaturalist.org/observations/147687695,https://inaturalist-open-data.s3.amazonaws.com/photos/254177100/medium.jpeg,Галка,Coloeus monedula,Галка
147754956,research,https://www.inaturalist.org/observations/147754956,https://inaturalist-open-data.s3.amazonaws.com/photos/254304183/medium.jpeg,Галка,Coloeus monedula,Галка
148445837,research,https://www.inaturalist.org/observations/148445837,https://inaturalist-open-data.s3.amazonaws.com/photos/255636524/medium.jpeg,Галка,Coloeus monedula,Галка
149126998,research,https://www.inaturalist.org/observations/149126998,https://inaturalist-open-data.s3.amazonaws.com/photos/256923263/medium.jpeg,Галка,Coloeus monedula,Галка
149127916,research,https://www.inaturalist.org/observations/149127916,https://inaturalist-open-data.s3.amazonaws.com/photos/256916204/medium.jpeg,Галка,Coloeus monedula,Галка
149165630,research,https://www.inaturalist.org/observations/149165630,https://inaturalist-open-data.s3.amazonaws.com/photos/256994454/medium.jpeg,Галка,Coloeus monedula,Галка
149656816,research,https://www.inaturalist.org/observations/149656816,https://inaturalist-open-data.s3.amazonaws.com/photos/257915530/medium.jpeg,Галка,Coloeus monedula,Галка
149921606,research,https://www.inaturalist.org/observations/149921606,https://inaturalist-open-data.s3.amazonaws.com/photos/258417559/medium.jpeg,Галка,Coloeus monedula,Галка
149968832,research,https://www.inaturalist.org/observations/149968832,https://inaturalist-open-data.s3.amazonaws.com/photos/258507939/medium.jpg,Галка,Coloeus monedula,Галка
150222998,research,https://www.inaturalist.org/observations/150222998,https://inaturalist-open-data.s3.amazonaws.com/photos/258985663/medium.jpg,Галка,Coloeus monedula,Галка
150398559,research,https://www.inaturalist.org/observations/150398559,https://inaturalist-open-data.s3.amazonaws.com/photos/259327146/medium.jpeg,Галка,Coloeus monedula,Галка
150565596,research,https://www.inaturalist.org/observations/150565596,https://inaturalist-open-data.s3.amazonaws.com/photos/259651732/medium.jpeg,Галка,Coloeus monedula,Галка
150740454,research,https://www.inaturalist.org/observations/150740454,https://static.inaturalist.org/photos/259982131/medium.jpeg,Галка,Coloeus monedula,Галка
150741119,research,https://www.inaturalist.org/observations/150741119,https://static.inaturalist.org/photos/259982991/medium.jpeg,Галка,Coloeus monedula,Галка
150798250,research,https://www.inaturalist.org/observations/150798250,https://inaturalist-open-data.s3.amazonaws.com/photos/260091568/medium.jpeg,Галка,Coloeus monedula,Галка
150829254,research,https://www.inaturalist.org/observations/150829254,https://inaturalist-open-data.s3.amazonaws.com/photos/260149941/medium.jpeg,Галка,Coloeus monedula,Галка
151137758,research,https://www.inaturalist.org/observations/151137758,https://inaturalist-open-data.s3.amazonaws.com/photos/260729546/medium.jpeg,Галка,Coloeus monedula,Галка
151137772,research,https://www.inaturalist.org/observations/151137772,https://inaturalist-open-data.s3.amazonaws.com/photos/260730648/medium.jpeg,Галка,Coloeus monedula,Галка
151905905,research,https://www.inaturalist.org/observations/151905905,https://static.inaturalist.org/photos/262176592/medium.jpeg,Галка,Coloeus monedula,Галка
152113622,research,https://www.inaturalist.org/observations/152113622,https://inaturalist-open-data.s3.amazonaws.com/photos/262553710/medium.jpeg,Галка,Coloeus monedula,Галка
152843942,research,https://www.inaturalist.org/observations/152843942,https://inaturalist-open-data.s3.amazonaws.com/photos/263902647/medium.jpeg,Галка,Coloeus monedula,Галка
154450991,research,https://www.inaturalist.org/observations/154450991,https://inaturalist-open-data.s3.amazonaws.com/photos/266873346/medium.jpg,Галка,Coloeus monedula,Галка
155102729,research,https://www.inaturalist.org/observations/155102729,https://static.inaturalist.org/photos/268064195/medium.jpeg,Галка,Coloeus monedula,Галка
155880498,research,https://www.inaturalist.org/observations/155880498,https://static.inaturalist.org/photos/269496584/medium.jpeg,Галка,Coloeus monedula,Галка
156093599,research,https://www.inaturalist.org/observations/156093599,https://inaturalist-open-data.s3.amazonaws.com/photos/269871204/medium.jpeg,Галка,Coloeus monedula,Галка
156204305,research,https://www.inaturalist.org/observations/156204305,https://static.inaturalist.org/photos/270080278/medium.jpeg,Галка,Coloeus monedula,Галка
156259332,research,https://www.inaturalist.org/observations/156259332,https://inaturalist-open-data.s3.amazonaws.com/photos/270179054/medium.jpeg,Галка,Coloeus monedula,Галка
156389624,research,https://www.inaturalist.org/observations/156389624,https://inaturalist-open-data.s3.amazonaws.com/photos/270426880/medium.jpeg,Галка,Coloeus monedula,Галка
156592396,research,https://www.inaturalist.org/observations/156592396,https://inaturalist-open-data.s3.amazonaws.com/photos/270793161/medium.jpeg,Галка,Coloeus monedula,Галка
156774130,research,https://www.inaturalist.org/observations/156774130,https://inaturalist-open-data.s3.amazonaws.com/photos/271121403/medium.jpeg,Галка,Coloeus monedula,Галка
157101837,research,https://www.inaturalist.org/observations/157101837,https://static.inaturalist.org/photos/271681043/medium.jpg,Галка,Coloeus monedula,Галка
157169980,research,https://www.inaturalist.org/observations/157169980,https://static.inaturalist.org/photos/271785394/medium.jpg,Галка,Coloeus monedula,Галка
157536778,research,https://www.inaturalist.org/observations/157536778,https://inaturalist-open-data.s3.amazonaws.com/photos/272372924/medium.jpg,Галка,Coloeus monedula,Галка
158365485,research,https://www.inaturalist.org/observations/158365485,https://inaturalist-open-data.s3.amazonaws.com/photos/273690130/medium.jpg,Галка,Coloeus monedula,Галка
158760058,research,https://www.inaturalist.org/observations/158760058,https://inaturalist-open-data.s3.amazonaws.com/photos/274321817/medium.jpg,Галка,Coloeus monedula,Галка
161102698,research,https://www.inaturalist.org/observations/161102698,https://inaturalist-open-data.s3.amazonaws.com/photos/278438893/medium.jpg,Галка,Coloeus monedula,Галка
162653212,research,https://www.inaturalist.org/observations/162653212,https://inaturalist-open-data.s3.amazonaws.com/photos/281258817/medium.jpeg,Галка,Coloeus monedula,Галка
162826423,research,https://www.inaturalist.org/observations/162826423,https://inaturalist-open-data.s3.amazonaws.com/photos/281576405/medium.jpeg,Галка,Coloeus monedula,Галка
163354683,research,https://www.inaturalist.org/observations/163354683,https://inaturalist-open-data.s3.amazonaws.com/photos/282520758/medium.jpeg,Галка,Coloeus monedula,Галка
165535080,research,https://www.inaturalist.org/observations/165535080,https://inaturalist-open-data.s3.amazonaws.com/photos/286547098/medium.jpeg,Галка,Coloeus monedula,Галка
165859809,research,https://www.inaturalist.org/observations/165859809,https://inaturalist-open-data.s3.amazonaws.com/photos/287158426/medium.jpeg,Галка,Coloeus monedula,Галка
170889717,research,https://www.inaturalist.org/observations/170889717,https://inaturalist-open-data.s3.amazonaws.com/photos/296466243/medium.jpeg,Галка,Coloeus monedula,Галка
172735501,research,https://www.inaturalist.org/observations/172735501,https://inaturalist-open-data.s3.amazonaws.com/photos/299898412/medium.jpeg,Галка,Coloeus monedula,Галка
172893020,research,https://www.inaturalist.org/observations/172893020,https://inaturalist-open-data.s3.amazonaws.com/photos/300187295/medium.jpeg,Галка,Coloeus monedula,Галка
174184404,research,https://www.inaturalist.org/observations/174184404,https://inaturalist-open-data.s3.amazonaws.com/photos/302577504/medium.jpg,Галка,Coloeus monedula,Галка
174461175,research,https://www.inaturalist.org/observations/174461175,https://static.inaturalist.org/photos/303092424/medium.jpeg,Eurasian Jackdaw,Coloeus monedula,Галка
176625896,research,https://www.inaturalist.org/observations/176625896,https://inaturalist-open-data.s3.amazonaws.com/photos/307090771/medium.jpg,Галка,Coloeus monedula,Галка
177374867,research,https://www.inaturalist.org/observations/177374867,https://inaturalist-open-data.s3.amazonaws.com/photos/308483155/medium.jpeg,Галка,Coloeus monedula,Галка
177696393,research,https://www.inaturalist.org/observations/177696393,https://inaturalist-open-data.s3.amazonaws.com/photos/309091406/medium.jpg,Галка,Coloeus monedula,Галка
178241212,research,https://www.inaturalist.org/observations/178241212,https://static.inaturalist.org/photos/310118968/medium.jpeg,Галка,Coloeus monedula,Галка
178965861,research,https://www.inaturalist.org/observations/178965861,https://inaturalist-open-data.s3.amazonaws.com/photos/311512447/medium.jpeg,Галка,Coloeus monedula,Галка
180010732,research,https://www.inaturalist.org/observations/180010732,https://inaturalist-open-data.s3.amazonaws.com/photos/313477384/medium.jpeg,Галка,Coloeus monedula,Галка
180289540,research,https://www.inaturalist.org/observations/180289540,https://static.inaturalist.org/photos/314019706/medium.jpeg,Галка,Coloeus monedula,Галка
180329543,research,https://www.inaturalist.org/observations/180329543,https://inaturalist-open-data.s3.amazonaws.com/photos/314094461/medium.jpeg,Галка,Coloeus monedula,Галка
181886987,research,https://www.inaturalist.org/observations/181886987,https://inaturalist-open-data.s3.amazonaws.com/photos/317023105/medium.jpeg,Галка,Coloeus monedula,Галка
181886990,research,https://www.inaturalist.org/observations/181886990,https://inaturalist-open-data.s3.amazonaws.com/photos/317026292/medium.jpeg,Галка,Coloeus monedula,Галка
182036834,research,https://www.inaturalist.org/observations/182036834,https://inaturalist-open-data.s3.amazonaws.com/photos/317318541/medium.jpeg,Галка,Coloeus monedula,Галка
183400760,research,https://www.inaturalist.org/observations/183400760,https://inaturalist-open-data.s3.amazonaws.com/photos/319958462/medium.jpeg,Галка,Coloeus monedula,Галка
183825857,research,https://www.inaturalist.org/observations/183825857,https://inaturalist-open-data.s3.amazonaws.com/photos/320766989/medium.jpeg,Галка,Coloeus monedula,Галка
184286638,research,https://www.inaturalist.org/observations/184286638,https://inaturalist-open-data.s3.amazonaws.com/photos/321657326/medium.jpeg,Галка,Coloeus monedula,Галка
185118660,research,https://www.inaturalist.org/observations/185118660,https://inaturalist-open-data.s3.amazonaws.com/photos/323251252/medium.jpeg,Галка,Coloeus monedula,Галка
185255156,research,https://www.inaturalist.org/observations/185255156,https://inaturalist-open-data.s3.amazonaws.com/photos/323516697/medium.jpeg,Галка,Coloeus monedula,Галка
185444524,research,https://www.inaturalist.org/observations/185444524,https://inaturalist-open-data.s3.amazonaws.com/photos/323870589/medium.jpeg,Галка,Coloeus monedula,Галка
185469291,research,https://www.inaturalist.org/observations/185469291,https://inaturalist-open-data.s3.amazonaws.com/photos/323913887/medium.jpeg,Галка,Coloeus monedula,Галка
185469332,research,https://www.inaturalist.org/observations/185469332,https://inaturalist-open-data.s3.amazonaws.com/photos/323914642/medium.jpeg,Галка,Coloeus monedula,Галка
186255519,research,https://www.inaturalist.org/observations/186255519,https://inaturalist-open-data.s3.amazonaws.com/photos/325458412/medium.jpg,Галка,Coloeus monedula,Галка
186262139,research,https://www.inaturalist.org/observations/186262139,https://inaturalist-open-data.s3.amazonaws.com/photos/325469653/medium.jpeg,Галка,Coloeus monedula,Галка
186379445,research,https://www.inaturalist.org/observations/186379445,https://inaturalist-open-data.s3.amazonaws.com/photos/325703908/medium.jpeg,Галка,Coloeus monedula,Галка
188368946,research,https://www.inaturalist.org/observations/188368946,https://inaturalist-open-data.s3.amazonaws.com/photos/329673698/medium.jpeg,Eurasian Jackdaw,Coloeus monedula,Галка
188432004,research,https://www.inaturalist.org/observations/188432004,https://inaturalist-open-data.s3.amazonaws.com/photos/329796010/medium.jpg,Галка,Coloeus monedula,Галка
188512769,research,https://www.inaturalist.org/observations/188512769,https://inaturalist-open-data.s3.amazonaws.com/photos/329963890/medium.jpeg,Галка,Coloeus monedula,Галка
188519759,research,https://www.inaturalist.org/observations/188519759,https://static.inaturalist.org/photos/329978471/medium.jpg,Галка,Coloeus monedula,Галка
188570957,research,https://www.inaturalist.org/observations/188570957,https://static.inaturalist.org/photos/330080956/medium.jpeg,Eurasian Jackdaw,Coloeus monedula,Галка
188873926,research,https://www.inaturalist.org/observations/188873926,https://inaturalist-open-data.s3.amazonaws.com/photos/330707476/medium.jpeg,Галка,Coloeus monedula,Галка
189061346,research,https://www.inaturalist.org/observations/189061346,https://inaturalist-open-data.s3.amazonaws.com/photos/331080948/medium.jpg,Галка,Coloeus monedula,Галка
189098154,research,https://www.inaturalist.org/observations/189098154,https://inaturalist-open-data.s3.amazonaws.com/photos/331161877/medium.jpeg,Галка,Coloeus monedula,Галка
189098161,research,https://www.inaturalist.org/observations/189098161,https://inaturalist-open-data.s3.amazonaws.com/photos/331161888/medium.jpeg,Галка,Coloeus monedula,Галка
189149466,research,https://www.inaturalist.org/observations/189149466,https://static.inaturalist.org/photos/331263118/medium.jpeg,Галка,Coloeus monedula,Галка
189219234,research,https://www.inaturalist.org/observations/189219234,https://inaturalist-open-data.s3.amazonaws.com/photos/331408420/medium.jpeg,Галка,Coloeus monedula,Галка
189248590,research,https://www.inaturalist.org/observations/189248590,https://inaturalist-open-data.s3.amazonaws.com/photos/331465362/medium.jpeg,Галка,Coloeus monedula,Галка
189457308,research,https://www.inaturalist.org/observations/189457308,https://inaturalist-open-data.s3.amazonaws.com/photos/331898495/medium.jpeg,Eurasian Jackdaw,Coloeus monedula,Галка
189470811,research,https://www.inaturalist.org/observations/189470811,https://inaturalist-open-data.s3.amazonaws.com/photos/331926711/medium.jpg,Галка,Coloeus monedula,Галка
189549897,research,https://www.inaturalist.org/observations/189549897,https://inaturalist-open-data.s3.amazonaws.com/photos/332086026/medium.jpeg,Галка,Coloeus monedula,Галка
189851230,research,https://www.inaturalist.org/observations/189851230,https://inaturalist-open-data.s3.amazonaws.com/photos/332678225/medium.jpeg,Галка,Coloeus monedula,Галка
190389868,research,https://www.inaturalist.org/observations/190389868,https://inaturalist-open-data.s3.amazonaws.com/photos/333742890/medium.jpeg,Галка,Coloeus monedula,Галка
190810989,research,https://www.inaturalist.org/observations/190810989,https://inaturalist-open-data.s3.amazonaws.com/photos/334585894/medium.jpeg,Галка,Coloeus monedula,Галка
190917009,research,https://www.inaturalist.org/observations/190917009,https://inaturalist-open-data.s3.amazonaws.com/photos/334794286/medium.jpg,Галка,Coloeus monedula,Галка
190976219,research,https://www.inaturalist.org/observations/190976219,https://inaturalist-open-data.s3.amazonaws.com/photos/334912770/medium.jpeg,Галка,Coloeus monedula,Галка
191204598,research,https://www.inaturalist.org/observations/191204598,https://inaturalist-open-data.s3.amazonaws.com/photos/335372870/medium.jpg,Галка,Coloeus monedula,Галка
191310754,research,https://www.inaturalist.org/observations/191310754,https://inaturalist-open-data.s3.amazonaws.com/photos/335579832/medium.jpg,Галка,Coloeus monedula,Галка
191466161,research,https://www.inaturalist.org/observations/191466161,https://inaturalist-open-data.s3.amazonaws.com/photos/335896869/medium.jpeg,Галка,Coloeus monedula,Галка
191571342,research,https://www.inaturalist.org/observations/191571342,https://inaturalist-open-data.s3.amazonaws.com/photos/336106937/medium.jpeg,Галка,Coloeus monedula,Галка
191593814,research,https://www.inaturalist.org/observations/191593814,https://inaturalist-open-data.s3.amazonaws.com/photos/336149786/medium.jpeg,Галка,Coloeus monedula,Галка
191783548,research,https://www.inaturalist.org/observations/191783548,https://inaturalist-open-data.s3.amazonaws.com/photos/336527319/medium.jpeg,Галка,Coloeus monedula,Галка
191783563,research,https://www.inaturalist.org/observations/191783563,https://inaturalist-open-data.s3.amazonaws.com/photos/336528080/medium.jpeg,Галка,Coloeus monedula,Галка
191881905,research,https://www.inaturalist.org/observations/191881905,https://inaturalist-open-data.s3.amazonaws.com/photos/336677374/medium.jpg,Галка,Coloeus monedula,Галка
192078622,research,https://www.inaturalist.org/observations/192078622,https://inaturalist-open-data.s3.amazonaws.com/photos/337113446/medium.jpeg,Галка,Coloeus monedula,Галка
192258547,research,https://www.inaturalist.org/observations/192258547,https://inaturalist-open-data.s3.amazonaws.com/photos/337467284/medium.jpg,Галка,Coloeus monedula,Галка
192464286,research,https://www.inaturalist.org/observations/192464286,https://static.inaturalist.org/photos/337871496/medium.jpeg,Галка,Coloeus monedula,Галка
192538014,research,https://www.inaturalist.org/observations/192538014,https://inaturalist-open-data.s3.amazonaws.com/photos/338018659/medium.jpeg,Галка,Coloeus monedula,Галка
192625525,research,https://www.inaturalist.org/observations/192625525,https://static.inaturalist.org/photos/338195483/medium.jpeg,Галка,Coloeus monedula,Галка
192627801,research,https://www.inaturalist.org/observations/192627801,https://inaturalist-open-data.s3.amazonaws.com/photos/338199154/medium.jpeg,Галка,Coloeus monedula,Галка
192664889,research,https://www.inaturalist.org/observations/192664889,https://static.inaturalist.org/photos/338273992/medium.jpeg,Галка,Coloeus monedula,Галка
192665422,research,https://www.inaturalist.org/observations/192665422,https://static.inaturalist.org/photos/338274644/medium.jpeg,Галка,Coloeus monedula,Галка
192717528,research,https://www.inaturalist.org/observations/192717528,https://inaturalist-open-data.s3.amazonaws.com/photos/338378632/medium.jpeg,Галка,Coloeus monedula,Галка
192717541,research,https://www.inaturalist.org/observations/192717541,https://inaturalist-open-data.s3.amazonaws.com/photos/338378676/medium.jpeg,Галка,Coloeus monedula,Галка
192718655,research,https://www.inaturalist.org/observations/192718655,https://inaturalist-open-data.s3.amazonaws.com/photos/338380259/medium.jpeg,Галка,Coloeus monedula,Галка
192718662,research,https://www.inaturalist.org/observations/192718662,https://inaturalist-open-data.s3.amazonaws.com/photos/338380341/medium.jpeg,Галка,Coloeus monedula,Галка
192718663,research,https://www.inaturalist.org/observations/192718663,https://inaturalist-open-data.s3.amazonaws.com/photos/338380344/medium.jpeg,Галка,Coloeus monedula,Галка
192938026,research,https://www.inaturalist.org/observations/192938026,https://inaturalist-open-data.s3.amazonaws.com/photos/338816294/medium.jpeg,Галка,Coloeus monedula,Галка
192938091,research,https://www.inaturalist.org/observations/192938091,https://inaturalist-open-data.s3.amazonaws.com/photos/338817143/medium.jpeg,Галка,Coloeus monedula,Галка
193138597,research,https://www.inaturalist.org/observations/193138597,https://inaturalist-open-data.s3.amazonaws.com/photos/339229652/medium.jpg,Галка,Coloeus monedula,Галка
193154608,research,https://www.inaturalist.org/observations/193154608,https://inaturalist-open-data.s3.amazonaws.com/photos/339262269/medium.jpg,Галка,Coloeus monedula,Галка
193213869,research,https://www.inaturalist.org/observations/193213869,https://inaturalist-open-data.s3.amazonaws.com/photos/339381320/medium.jpeg,Галка,Coloeus monedula,Галка
193288370,research,https://www.inaturalist.org/observations/193288370,https://inaturalist-open-data.s3.amazonaws.com/photos/339528062/medium.jpg,Галка,Coloeus monedula,Галка
193291850,research,https://www.inaturalist.org/observations/193291850,https://inaturalist-open-data.s3.amazonaws.com/photos/339533690/medium.jpeg,Галка,Coloeus monedula,Галка
193309776,research,https://www.inaturalist.org/observations/193309776,https://static.inaturalist.org/photos/339568545/medium.jpeg,Галка,Coloeus monedula,Галка
193428352,research,https://www.inaturalist.org/observations/193428352,https://inaturalist-open-data.s3.amazonaws.com/photos/339787897/medium.jpeg,Галка,Coloeus monedula,Галка
193463378,research,https://www.inaturalist.org/observations/193463378,https://inaturalist-open-data.s3.amazonaws.com/photos/339853709/medium.jpeg,Галка,Coloeus monedula,Галка
193529368,research,https://www.inaturalist.org/observations/193529368,https://inaturalist-open-data.s3.amazonaws.com/photos/339974639/medium.jpeg,Галка,Coloeus monedula,Галка
193530826,research,https://www.inaturalist.org/observations/193530826,https://inaturalist-open-data.s3.amazonaws.com/photos/339977159/medium.jpeg,Галка,Coloeus monedula,Галка
193592189,research,https://www.inaturalist.org/observations/193592189,https://inaturalist-open-data.s3.amazonaws.com/photos/340096182/medium.jpeg,Галка,Coloeus monedula,Галка
193592191,research,https://www.inaturalist.org/observations/193592191,https://inaturalist-open-data.s3.amazonaws.com/photos/340096183/medium.jpeg,Галка,Coloeus monedula,Галка
193737207,research,https://www.inaturalist.org/observations/193737207,https://inaturalist-open-data.s3.amazonaws.com/photos/340362873/medium.jpg,Галка,Coloeus monedula,Галка
193792986,research,https://www.inaturalist.org/observations/193792986,https://inaturalist-open-data.s3.amazonaws.com/photos/340477408/medium.jpeg,Галка,Coloeus monedula,Галка
193812645,research,https://www.inaturalist.org/observations/193812645,https://inaturalist-open-data.s3.amazonaws.com/photos/340518652/medium.jpg,Галка,Coloeus monedula,Галка
193946422,research,https://www.inaturalist.org/observations/193946422,https://inaturalist-open-data.s3.amazonaws.com/photos/340786554/medium.jpeg,Галка,Coloeus monedula,Галка
193946424,research,https://www.inaturalist.org/observations/193946424,https://inaturalist-open-data.s3.amazonaws.com/photos/340786553/medium.jpeg,Галка,Coloeus monedula,Галка
194026136,research,https://www.inaturalist.org/observations/194026136,https://inaturalist-open-data.s3.amazonaws.com/photos/340946731/medium.jpeg,Галка,Coloeus monedula,Галка
194104204,research,https://www.inaturalist.org/observations/194104204,https://static.inaturalist.org/photos/341101032/medium.jpeg,Галка,Coloeus monedula,Галка
194105557,research,https://www.inaturalist.org/observations/194105557,https://static.inaturalist.org/photos/341103546/medium.jpeg,Галка,Coloeus monedula,Галка
194275855,research,https://www.inaturalist.org/observations/194275855,https://static.inaturalist.org/photos/341450972/medium.jpeg,Галка,Coloeus monedula,Галка
194275860,research,https://www.inaturalist.org/observations/194275860,https://static.inaturalist.org/photos/341450985/medium.jpeg,Галка,Coloeus monedula,Галка
194417479,research,https://www.inaturalist.org/observations/194417479,https://inaturalist-open-data.s3.amazonaws.com/photos/341738868/medium.jpeg,Галка,Coloeus monedula,Галка
194971083,research,https://www.inaturalist.org/observations/194971083,https://inaturalist-open-data.s3.amazonaws.com/photos/342873739/medium.jpeg,Галка,Coloeus monedula,Галка
194982207,research,https://www.inaturalist.org/observations/194982207,https://static.inaturalist.org/photos/342897111/medium.jpeg,Галка,Coloeus monedula,Галка
195200594,research,https://www.inaturalist.org/observations/195200594,https://inaturalist-open-data.s3.amazonaws.com/photos/343338448/medium.jpeg,Галка,Coloeus monedula,Галка
195447362,research,https://www.inaturalist.org/observations/195447362,https://inaturalist-open-data.s3.amazonaws.com/photos/343844581/medium.jpg,Eurasian Jackdaw,Coloeus monedula,Галка
195447375,research,https://www.inaturalist.org/observations/195447375,https://inaturalist-open-data.s3.amazonaws.com/photos/343844617/medium.jpg,Eurasian Jackdaw,Coloeus monedula,Галка
195468459,research,https://www.inaturalist.org/observations/195468459,https://inaturalist-open-data.s3.amazonaws.com/photos/343885810/medium.jpeg,Галка,Coloeus monedula,Галка
195468463,research,https://www.inaturalist.org/observations/195468463,https://inaturalist-open-data.s3.amazonaws.com/photos/343885843/medium.jpeg,Галка,Coloeus monedula,Галка
195558324,research,https://www.inaturalist.org/observations/195558324,https://static.inaturalist.org/photos/344071196/medium.jpeg,Галка,Coloeus monedula,Галка
195567920,research,https://www.inaturalist.org/observations/195567920,https://inaturalist-open-data.s3.amazonaws.com/photos/344090685/medium.jpg,Галка,Coloeus monedula,Галка
195682304,research,https://www.inaturalist.org/observations/195682304,https://inaturalist-open-data.s3.amazonaws.com/photos/344314864/medium.jpeg,Галка,Coloeus monedula,Галка
195745312,research,https://www.inaturalist.org/observations/195745312,https://static.inaturalist.org/photos/344447305/medium.jpeg,Галка,Coloeus monedula,Галка
195767299,research,https://www.inaturalist.org/observations/195767299,https://inaturalist-open-data.s3.amazonaws.com/photos/344490887/medium.jpeg,Галка,Coloeus monedula,Галка
195831917,research,https://www.inaturalist.org/observations/195831917,https://static.inaturalist.org/photos/344621586/medium.jpeg,Галка,Coloeus monedula,Галка
195833872,research,https://www.inaturalist.org/observations/195833872,https://inaturalist-open-data.s3.amazonaws.com/photos/344625476/medium.jpeg,Галка,Coloeus monedula,Галка
195835358,research,https://www.inaturalist.org/observations/195835358,https://inaturalist-open-data.s3.amazonaws.com/photos/344628525/medium.jpeg,Галка,Coloeus monedula,Галка
195860543,research,https://www.inaturalist.org/observations/195860543,https://inaturalist-open-data.s3.amazonaws.com/photos/344677396/medium.jpeg,Галка,Coloeus monedula,Галка
195923620,research,https://www.inaturalist.org/observations/195923620,https://inaturalist-open-data.s3.amazonaws.com/photos/344807913/medium.jpeg,Галка,Coloeus monedula,Галка
195923627,research,https://www.inaturalist.org/observations/195923627,https://inaturalist-open-data.s3.amazonaws.com/photos/344807931/medium.jpeg,Галка,Coloeus monedula,Галка
195923628,research,https://www.inaturalist.org/observations/195923628,https://inaturalist-open-data.s3.amazonaws.com/photos/344807933/medium.jpeg,Галка,Coloeus monedula,Галка
195923917,research,https://www.inaturalist.org/observations/195923917,https://inaturalist-open-data.s3.amazonaws.com/photos/344808819/medium.jpeg,Галка,Coloeus monedula,Галка
196124496,research,https://www.inaturalist.org/observations/196124496,https://inaturalist-open-data.s3.amazonaws.com/photos/345207804/medium.jpeg,Галка,Coloeus monedula,Галка
196139874,research,https://www.inaturalist.org/observations/196139874,https://inaturalist-open-data.s3.amazonaws.com/photos/345237091/medium.jpeg,Галка,Coloeus monedula soemmerringii,
196342771,research,https://www.inaturalist.org/observations/196342771,https://static.inaturalist.org/photos/345649003/medium.jpeg,Галка,Coloeus monedula,Галка
196381986,research,https://www.inaturalist.org/observations/196381986,https://inaturalist-open-data.s3.amazonaws.com/photos/345728699/medium.jpg,Галка,Coloeus monedula,Галка
196411861,research,https://www.inaturalist.org/observations/196411861,https://inaturalist-open-data.s3.amazonaws.com/photos/345792231/medium.jpeg,Галка,Coloeus monedula,Галка
196423888,research,https://www.inaturalist.org/observations/196423888,https://inaturalist-open-data.s3.amazonaws.com/photos/345816382/medium.jpeg,Галка,Coloeus monedula,Галка
196772326,research,https://www.inaturalist.org/observations/196772326,https://static.inaturalist.org/photos/346395163/medium.jpeg,Eurasian Jackdaw,Coloeus monedula,Галка
196835226,research,https://www.inaturalist.org/observations/196835226,https://inaturalist-open-data.s3.amazonaws.com/photos/346522011/medium.jpeg,Галка,Coloeus monedula,Галка
196843973,research,https://www.inaturalist.org/observations/196843973,https://inaturalist-open-data.s3.amazonaws.com/photos/346539977/medium.jpeg,Галка,Coloeus monedula,Галка
196855554,research,https://www.inaturalist.org/observations/196855554,https://inaturalist-open-data.s3.amazonaws.com/photos/346563141/medium.jpeg,Галка,Coloeus monedula,Галка
197062676,research,https://www.inaturalist.org/observations/197062676,https://inaturalist-open-data.s3.amazonaws.com/photos/346985027/medium.jpg,Галка,Coloeus monedula,Галка
197076621,research,https://www.inaturalist.org/observations/197076621,https://inaturalist-open-data.s3.amazonaws.com/photos/347013004/medium.jpeg,Галка,Coloeus monedula,Галка
197139403,research,https://www.inaturalist.org/observations/197139403,https://inaturalist-open-data.s3.amazonaws.com/photos/347140348/medium.jpeg,Галка,Coloeus monedula,Галка
197218565,research,https://www.inaturalist.org/observations/197218565,https://static.inaturalist.org/photos/347299547/medium.jpg,Галка,Coloeus monedula,Галка
197383304,research,https://www.inaturalist.org/observations/197383304,https://static.inaturalist.org/photos/347631459/medium.jpeg,Галка,Coloeus monedula,Галка
197443773,research,https://www.inaturalist.org/observations/197443773,https://inaturalist-open-data.s3.amazonaws.com/photos/347754475/medium.jpg,Галка,Coloeus monedula,Галка
197564095,research,https://www.inaturalist.org/observations/197564095,https://inaturalist-open-data.s3.amazonaws.com/photos/347994327/medium.jpg,Галка,Coloeus monedula,Галка
197607909,research,https://www.inaturalist.org/observations/197607909,https://inaturalist-open-data.s3.amazonaws.com/photos/348088029/medium.jpg,Галка,Coloeus monedula,Галка
197616987,research,https://www.inaturalist.org/observations/197616987,https://static.inaturalist.org/photos/348105952/medium.jpeg,Галка,Coloeus monedula,Галка
197617113,research,https://www.inaturalist.org/observations/197617113,https://static.inaturalist.org/photos/348106121/medium.jpeg,Галка,Coloeus monedula,Галка
197617698,research,https://www.inaturalist.org/observations/197617698,https://inaturalist-open-data.s3.amazonaws.com/photos/348106980/medium.jpg,Галка,Coloeus monedula,Галка
197632214,research,https://www.inaturalist.org/observations/197632214,https://static.inaturalist.org/photos/348136261/medium.jpeg,Галка,Coloeus monedula,Галка
197636907,research,https://www.inaturalist.org/observations/197636907,https://static.inaturalist.org/photos/348144570/medium.jpeg,Галка,Coloeus monedula,Галка
197641781,research,https://www.inaturalist.org/observations/197641781,https://static.inaturalist.org/photos/348153560/medium.jpeg,Галка,Coloeus monedula,Галка
197642398,research,https://www.inaturalist.org/observations/197642398,https://inaturalist-open-data.s3.amazonaws.com/photos/348152841/medium.jpeg,Галка,Coloeus monedula,Галка
197698519,research,https://www.inaturalist.org/observations/197698519,https://inaturalist-open-data.s3.amazonaws.com/photos/348265424/medium.jpeg,Галка,Coloeus monedula,Галка
197706019,research,https://www.inaturalist.org/observations/197706019,https://inaturalist-open-data.s3.amazonaws.com/photos/348281355/medium.jpeg,Галка,Coloeus monedula,Галка
197713697,research,https://www.inaturalist.org/observations/197713697,https://inaturalist-open-data.s3.amazonaws.com/photos/348296307/medium.jpg,Галка,Coloeus monedula,Галка
197726871,research,https://www.inaturalist.org/observations/197726871,https://static.inaturalist.org/photos/348320319/medium.jpeg,Галка,Coloeus monedula,Галка
197726909,research,https://www.inaturalist.org/observations/197726909,https://static.inaturalist.org/photos/348320646/medium.jpeg,Галка,Coloeus monedula,Галка
197808791,research,https://www.inaturalist.org/observations/197808791,https://inaturalist-open-data.s3.amazonaws.com/photos/348486070/medium.jpeg,Галка,Coloeus monedula,Галка
197889009,research,https://www.inaturalist.org/observations/197889009,https://inaturalist-open-data.s3.amazonaws.com/photos/348653543/medium.jpg,Галка,Coloeus monedula,Галка
197990394,research,https://www.inaturalist.org/observations/197990394,https://static.inaturalist.org/photos/348857847/medium.jpeg,Галка,Coloeus monedula,Галка
197992415,research,https://www.inaturalist.org/observations/197992415,https://static.inaturalist.org/photos/348862327/medium.jpeg,Галка,Coloeus monedula,Галка
198060228,research,https://www.inaturalist.org/observations/198060228,https://static.inaturalist.org/photos/348997381/medium.jpeg,Галка,Coloeus monedula,Галка
198207255,research,https://www.inaturalist.org/observations/198207255,https://inaturalist-open-data.s3.amazonaws.com/photos/349293148/medium.jpeg,Галка,Coloeus monedula,Галка
198207256,research,https://www.inaturalist.org/observations/198207256,https://inaturalist-open-data.s3.amazonaws.com/photos/349293151/medium.jpeg,Галка,Coloeus monedula,Галка
198387143,research,https://www.inaturalist.org/observations/198387143,https://static.inaturalist.org/photos/349654527/medium.jpeg,Галка,Coloeus monedula,Галка
198410278,research,https://www.inaturalist.org/observations/198410278,https://inaturalist-open-data.s3.amazonaws.com/photos/349700327/medium.jpeg,Галка,Coloeus monedula,Галка
198493517,research,https://www.inaturalist.org/observations/198493517,https://inaturalist-open-data.s3.amazonaws.com/photos/349866243/medium.jpg,Галка,Coloeus monedula,Галка
198554472,research,https://www.inaturalist.org/observations/198554472,https://inaturalist-open-data.s3.amazonaws.com/photos/349986863/medium.jpeg,Галка,Coloeus monedula,Галка
198554596,research,https://www.inaturalist.org/observations/198554596,https://inaturalist-open-data.s3.amazonaws.com/photos/349986998/medium.jpeg,Галка,Coloeus monedula,Галка
198704117,research,https://www.inaturalist.org/observations/198704117,https://inaturalist-open-data.s3.amazonaws.com/photos/350281981/medium.jpeg,Галка,Coloeus monedula,Галка
198715820,research,https://www.inaturalist.org/observations/198715820,https://inaturalist-open-data.s3.amazonaws.com/photos/350305492/medium.jpeg,Галка,Coloeus monedula,Галка
198720969,research,https://www.inaturalist.org/observations/198720969,https://static.inaturalist.org/photos/350315202/medium.jpeg,Галка,Coloeus monedula,Галка
198721539,research,https://www.inaturalist.org/observations/198721539,https://static.inaturalist.org/photos/350316504/medium.jpeg,Галка,Coloeus monedula,Галка
198739065,research,https://www.inaturalist.org/observations/198739065,https://inaturalist-open-data.s3.amazonaws.com/photos/350344804/medium.jpeg,Галка,Coloeus monedula,Галка
198739095,research,https://www.inaturalist.org/observations/198739095,https://inaturalist-open-data.s3.amazonaws.com/photos/350344877/medium.jpeg,Галка,Coloeus monedula,Галка
198829508,research,https://www.inaturalist.org/observations/198829508,https://static.inaturalist.org/photos/350521641/medium.jpeg,Галка,Coloeus monedula,Галка
198842757,research,https://www.inaturalist.org/observations/198842757,https://static.inaturalist.org/photos/350547273/medium.jpeg,Галка,Coloeus monedula,Галка
198904494,research,https://www.inaturalist.org/observations/198904494,https://inaturalist-open-data.s3.amazonaws.com/photos/350666843/medium.jpg,Галка,Coloeus monedula,Галка
198905365,research,https://www.inaturalist.org/observations/198905365,https://inaturalist-open-data.s3.amazonaws.com/photos/350668394/medium.jpg,Галка,Coloeus monedula,Галка
199018658,research,https://www.inaturalist.org/observations/199018658,https://inaturalist-open-data.s3.amazonaws.com/photos/350891977/medium.jpg,Галка,Coloeus monedula,Галка
199025639,research,https://www.inaturalist.org/observations/199025639,https://inaturalist-open-data.s3.amazonaws.com/photos/350903939/medium.jpeg,Галка,Coloeus monedula,Галка
199101958,research,https://www.inaturalist.org/observations/199101958,https://inaturalist-open-data.s3.amazonaws.com/photos/351058108/medium.jpeg,Галка,Coloeus monedula,Галка
199138948,research,https://www.inaturalist.org/observations/199138948,https://static.inaturalist.org/photos/351132480/medium.jpeg,Галка,Coloeus monedula,Галка
199203314,research,https://www.inaturalist.org/observations/199203314,https://inaturalist-open-data.s3.amazonaws.com/photos/351259717/medium.jpeg,Галка,Coloeus monedula,Галка
199561011,research,https://www.inaturalist.org/observations/199561011,https://inaturalist-open-data.s3.amazonaws.com/photos/351949067/medium.jpeg,Галка,Coloeus monedula,Галка
199799094,research,https://www.inaturalist.org/observations/199799094,https://inaturalist-open-data.s3.amazonaws.com/photos/352395549/medium.jpeg,Галка,Coloeus monedula,Галка
199799096,research,https://www.inaturalist.org/observations/199799096,https://inaturalist-open-data.s3.amazonaws.com/photos/352395557/medium.jpeg,Галка,Coloeus monedula,Галка
199799098,research,https://www.inaturalist.org/observations/199799098,https://inaturalist-open-data.s3.amazonaws.com/photos/352395562/medium.jpeg,Галка,Coloeus monedula,Галка
199818578,research,https://www.inaturalist.org/observations/199818578,https://inaturalist-open-data.s3.amazonaws.com/photos/352433379/medium.jpeg,Галка,Coloeus monedula,Галка
199892802,research,https://www.inaturalist.org/observations/199892802,https://inaturalist-open-data.s3.amazonaws.com/photos/352577249/medium.jpeg,Галка,Coloeus monedula,Галка
200020234,research,https://www.inaturalist.org/observations/200020234,https://static.inaturalist.org/photos/352817324/medium.jpeg,Галка,Coloeus monedula,Галка
200059562,research,https://www.inaturalist.org/observations/200059562,https://inaturalist-open-data.s3.amazonaws.com/photos/352896127/medium.jpeg,Галка,Coloeus monedula,Галка
200059743,research,https://www.inaturalist.org/observations/200059743,https://inaturalist-open-data.s3.amazonaws.com/photos/352896540/medium.jpeg,Галка,Coloeus monedula,Галка
200122758,research,https://www.inaturalist.org/observations/200122758,https://inaturalist-open-data.s3.amazonaws.com/photos/353018939/medium.jpg,Галка,Coloeus monedula,Галка
200196824,research,https://www.inaturalist.org/observations/200196824,https://inaturalist-open-data.s3.amazonaws.com/photos/353161313/medium.png,Eurasian Jackdaw,Coloeus monedula,Галка
200532953,research,https://www.inaturalist.org/observations/200532953,https://inaturalist-open-data.s3.amazonaws.com/photos/353824231/medium.jpeg,Галка,Coloeus monedula,Галка
200751118,research,https://www.inaturalist.org/observations/200751118,https://static.inaturalist.org/photos/354243496/medium.jpeg,Галка,Coloeus monedula,Галка
200812885,research,https://www.inaturalist.org/observations/200812885,https://inaturalist-open-data.s3.amazonaws.com/photos/354366088/medium.jpeg,Галка,Coloeus monedula,Галка
200812890,research,https://www.inaturalist.org/observations/200812890,https://inaturalist-open-data.s3.amazonaws.com/photos/354366105/medium.jpeg,Галка,Coloeus monedula,Галка
200822982,research,https://www.inaturalist.org/observations/200822982,https://static.inaturalist.org/photos/354385480/medium.jpeg,Галка,Coloeus monedula,Галка
200823001,research,https://www.inaturalist.org/observations/200823001,https://static.inaturalist.org/photos/354385517/medium.jpeg,Галка,Coloeus monedula,Галка
200909791,research,https://www.inaturalist.org/observations/200909791,https://inaturalist-open-data.s3.amazonaws.com/photos/354553384/medium.jpeg,Галка,Coloeus monedula,Галка
200909794,research,https://www.inaturalist.org/observations/200909794,https://inaturalist-open-data.s3.amazonaws.com/photos/354553457/medium.jpg,Галка,Coloeus monedula,Галка
200909795,research,https://www.inaturalist.org/observations/200909795,https://inaturalist-open-data.s3.amazonaws.com/photos/354553413/medium.jpeg,Галка,Coloeus monedula,Галка
200910926,research,https://www.inaturalist.org/observations/200910926,https://static.inaturalist.org/photos/354559024/medium.jpeg,Галка,Coloeus monedula,Галка
200915337,research,https://www.inaturalist.org/observations/200915337,https://static.inaturalist.org/photos/354567416/medium.jpeg,Галка,Coloeus monedula,Галка
200915345,research,https://www.inaturalist.org/observations/200915345,https://static.inaturalist.org/photos/354567453/medium.jpeg,Галка,Coloeus monedula,Галка
201143593,research,https://www.inaturalist.org/observations/201143593,https://inaturalist-open-data.s3.amazonaws.com/photos/355014356/medium.jpeg,Галка,Coloeus monedula,Галка
201159425,research,https://www.inaturalist.org/observations/201159425,https://inaturalist-open-data.s3.amazonaws.com/photos/355044249/medium.jpeg,Галка,Coloeus monedula,Галка
201285904,research,https://www.inaturalist.org/observations/201285904,https://static.inaturalist.org/photos/355294603/medium.jpeg,Галка,Coloeus monedula,Галка
201370045,research,https://www.inaturalist.org/observations/201370045,https://inaturalist-open-data.s3.amazonaws.com/photos/355456956/medium.jpeg,Галка,Coloeus monedula,Галка
201370046,research,https://www.inaturalist.org/observations/201370046,https://inaturalist-open-data.s3.amazonaws.com/photos/355456958/medium.jpeg,Галка,Coloeus monedula,Галка
201574212,research,https://www.inaturalist.org/observations/201574212,https://inaturalist-open-data.s3.amazonaws.com/photos/355852640/medium.jpeg,Галка,Coloeus monedula,Галка
201574234,research,https://www.inaturalist.org/observations/201574234,https://inaturalist-open-data.s3.amazonaws.com/photos/355852684/medium.jpeg,Галка,Coloeus monedula,Галка
201776233,research,https://www.inaturalist.org/observations/201776233,https://inaturalist-open-data.s3.amazonaws.com/photos/356241688/medium.jpeg,Галка,Coloeus monedula,Галка
201788053,research,https://www.inaturalist.org/observations/201788053,https://static.inaturalist.org/photos/356264107/medium.jpg,Галка,Coloeus monedula,Галка
201911787,research,https://www.inaturalist.org/observations/201911787,https://static.inaturalist.org/photos/356507767/medium.jpg,Галка,Coloeus monedula,Галка
201973505,research,https://www.inaturalist.org/observations/201973505,https://static.inaturalist.org/photos/356622038/medium.jpeg,Галка,Coloeus monedula,Галка
202134962,research,https://www.inaturalist.org/observations/202134962,https://inaturalist-open-data.s3.amazonaws.com/photos/356940939/medium.jpeg,Coloeus monedula soemmerringii,Coloeus monedula soemmerringii,
202176715,research,https://www.inaturalist.org/observations/202176715,https://inaturalist-open-data.s3.amazonaws.com/photos/357021535/medium.jpeg,Галка,Coloeus monedula,Галка
202177881,research,https://www.inaturalist.org/observations/202177881,https://static.inaturalist.org/photos/357024387/medium.jpeg,Галка,Coloeus monedula,Галка
202269310,research,https://www.inaturalist.org/observations/202269310,https://inaturalist-open-data.s3.amazonaws.com/photos/357205255/medium.jpeg,Галка,Coloeus monedula,Галка
202555011,research,https://www.inaturalist.org/observations/202555011,https://inaturalist-open-data.s3.amazonaws.com/photos/357749524/medium.jpeg,Галка,Coloeus monedula,Галка
203068036,research,https://www.inaturalist.org/observations/203068036,https://inaturalist-open-data.s3.amazonaws.com/photos/358732839/medium.jpg,Галка,Coloeus monedula,Галка
203109279,research,https://www.inaturalist.org/observations/203109279,https://inaturalist-open-data.s3.amazonaws.com/photos/358806378/medium.jpeg,Галка,Coloeus monedula,Галка
203259616,research,https://www.inaturalist.org/observations/203259616,https://inaturalist-open-data.s3.amazonaws.com/photos/359092815/medium.jpg,Галка,Coloeus monedula,Галка
203434505,research,https://www.inaturalist.org/observations/203434505,https://inaturalist-open-data.s3.amazonaws.com/photos/359432361/medium.jpeg,Галка,Coloeus monedula,Галка
203584419,research,https://www.inaturalist.org/observations/203584419,https://inaturalist-open-data.s3.amazonaws.com/photos/359718758/medium.jpeg,Галка,Coloeus monedula,Галка
203596892,research,https://www.inaturalist.org/observations/203596892,https://inaturalist-open-data.s3.amazonaws.com/photos/359741063/medium.jpeg,Галка,Coloeus monedula,Галка
203598610,research,https://www.inaturalist.org/observations/203598610,https://inaturalist-open-data.s3.amazonaws.com/photos/359744424/medium.jpeg,Галка,Coloeus monedula,Галка
203646186,research,https://www.inaturalist.org/observations/203646186,https://static.inaturalist.org/photos/359833345/medium.jpeg,Галка,Coloeus monedula,Галка
203892600,research,https://www.inaturalist.org/observations/203892600,https://inaturalist-open-data.s3.amazonaws.com/photos/360308778/medium.jpeg,Coloeus monedula soemmerringii,Coloeus monedula soemmerringii,
203892607,research,https://www.inaturalist.org/observations/203892607,https://inaturalist-open-data.s3.amazonaws.com/photos/360308801/medium.jpeg,Coloeus monedula soemmerringii,Coloeus monedula soemmerringii,
204021120,research,https://www.inaturalist.org/observations/204021120,https://inaturalist-open-data.s3.amazonaws.com/photos/360554110/medium.jpeg,Галка,Coloeus monedula,Галка
204021127,research,https://www.inaturalist.org/observations/204021127,https://inaturalist-open-data.s3.amazonaws.com/photos/360554160/medium.jpeg,Галка,Coloeus monedula,Галка
204132141,research,https://www.inaturalist.org/observations/204132141,https://inaturalist-open-data.s3.amazonaws.com/photos/360770182/medium.jpeg,Галка,Coloeus monedula,Галка
204250584,research,https://www.inaturalist.org/observations/204250584,https://inaturalist-open-data.s3.amazonaws.com/photos/361000153/medium.jpeg,Галка,Coloeus monedula,Галка
204283305,research,https://www.inaturalist.org/observations/204283305,https://inaturalist-open-data.s3.amazonaws.com/photos/361060771/medium.jpeg,Галка,Coloeus monedula,Галка
204304776,research,https://www.inaturalist.org/observations/204304776,https://inaturalist-open-data.s3.amazonaws.com/photos/361097015/medium.jpg,Галка,Coloeus monedula,Галка
204307888,research,https://www.inaturalist.org/observations/204307888,https://inaturalist-open-data.s3.amazonaws.com/photos/361101627/medium.jpeg,Галка,Coloeus monedula,Галка
204372305,research,https://www.inaturalist.org/observations/204372305,https://inaturalist-open-data.s3.amazonaws.com/photos/361234629/medium.jpeg,Галка,Coloeus monedula,Галка
204411386,research,https://www.inaturalist.org/observations/204411386,https://inaturalist-open-data.s3.amazonaws.com/photos/361306105/medium.jpeg,Галка,Coloeus monedula,Галка
204630092,research,https://www.inaturalist.org/observations/204630092,https://inaturalist-open-data.s3.amazonaws.com/photos/361715396/medium.jpg,Галка,Coloeus monedula,Галка
204803890,research,https://www.inaturalist.org/observations/204803890,https://static.inaturalist.org/photos/362041340/medium.jpeg,Галка,Coloeus monedula,Галка
204991577,research,https://www.inaturalist.org/observations/204991577,https://inaturalist-open-data.s3.amazonaws.com/photos/362390428/medium.jpeg,Галка,Coloeus monedula,Галка
205095924,research,https://www.inaturalist.org/observations/205095924,https://inaturalist-open-data.s3.amazonaws.com/photos/362594473/medium.jpg,Галка,Coloeus monedula,Галка
205441565,research,https://www.inaturalist.org/observations/205441565,https://static.inaturalist.org/photos/363258518/medium.jpeg,Галка,Coloeus monedula,Галка
205478663,research,https://www.inaturalist.org/observations/205478663,https://inaturalist-open-data.s3.amazonaws.com/photos/363332538/medium.jpeg,Галка,Coloeus monedula,Галка
205533253,research,https://www.inaturalist.org/observations/205533253,https://static.inaturalist.org/photos/363431384/medium.jpeg,Галка,Coloeus monedula,Галка
205564122,research,https://www.inaturalist.org/observations/205564122,https://inaturalist-open-data.s3.amazonaws.com/photos/363486051/medium.jpeg,Галка,Coloeus monedula,Галка
205564123,research,https://www.inaturalist.org/observations/205564123,https://inaturalist-open-data.s3.amazonaws.com/photos/363486069/medium.jpeg,Галка,Coloeus monedula,Галка
205653459,research,https://www.inaturalist.org/observations/205653459,https://static.inaturalist.org/photos/363660799/medium.jpeg,Галка,Coloeus monedula,Галка
206467811,research,https://www.inaturalist.org/observations/206467811,https://inaturalist-open-data.s3.amazonaws.com/photos/365164561/medium.jpeg,Галка,Coloeus monedula,Галка
206470903,research,https://www.inaturalist.org/observations/206470903,https://inaturalist-open-data.s3.amazonaws.com/photos/365169496/medium.jpeg,Галка,Coloeus monedula,Галка
206471243,research,https://www.inaturalist.org/observations/206471243,https://inaturalist-open-data.s3.amazonaws.com/photos/365170195/medium.jpeg,Галка,Coloeus monedula,Галка
206649108,research,https://www.inaturalist.org/observations/206649108,https://inaturalist-open-data.s3.amazonaws.com/photos/365440641/medium.jpeg,Галка,Coloeus monedula,Галка
207030702,research,https://www.inaturalist.org/observations/207030702,https://static.inaturalist.org/photos/366154733/medium.jpeg,Галка,Coloeus monedula,Галка
207365374,research,https://www.inaturalist.org/observations/207365374,https://inaturalist-open-data.s3.amazonaws.com/photos/366788749/medium.jpeg,Галка,Coloeus monedula,Галка
207366458,research,https://www.inaturalist.org/observations/207366458,https://static.inaturalist.org/photos/366790463/medium.jpeg,Галка,Coloeus monedula,Галка
207810392,research,https://www.inaturalist.org/observations/207810392,https://inaturalist-open-data.s3.amazonaws.com/photos/367617921/medium.jpg,Галка,Coloeus monedula,Галка
208450611,research,https://www.inaturalist.org/observations/208450611,https://inaturalist-open-data.s3.amazonaws.com/photos/368819684/medium.jpg,Галка,Coloeus monedula,Галка
208698841,research,https://www.inaturalist.org/observations/208698841,https://inaturalist-open-data.s3.amazonaws.com/photos/369281235/medium.jpeg,Галка,Coloeus monedula,Галка
208862157,research,https://www.inaturalist.org/observations/208862157,https://inaturalist-open-data.s3.amazonaws.com/photos/369581795/medium.jpeg,Галка,Coloeus monedula,Галка
208862213,research,https://www.inaturalist.org/observations/208862213,https://inaturalist-open-data.s3.amazonaws.com/photos/369581911/medium.jpeg,Галка,Coloeus monedula,Галка
209696183,research,https://www.inaturalist.org/observations/209696183,https://static.inaturalist.org/photos/371027665/medium.jpeg,Eurasian Jackdaw,Coloeus monedula,Галка
210348086,research,https://www.inaturalist.org/observations/210348086,https://inaturalist-open-data.s3.amazonaws.com/photos/372054951/medium.jpeg,Галка,Coloeus monedula,Галка
211069163,research,https://www.inaturalist.org/observations/211069163,https://inaturalist-open-data.s3.amazonaws.com/photos/373210726/medium.jpg,Галка,Coloeus monedula,Галка
211851380,research,https://www.inaturalist.org/observations/211851380,https://inaturalist-open-data.s3.amazonaws.com/photos/374435515/medium.jpg,Галка,Coloeus monedula,Галка
211851421,research,https://www.inaturalist.org/observations/211851421,https://inaturalist-open-data.s3.amazonaws.com/photos/374435764/medium.jpg,Галка,Coloeus monedula,Галка
212374347,research,https://www.inaturalist.org/observations/212374347,https://inaturalist-open-data.s3.amazonaws.com/photos/375311350/medium.jpg,Галка,Coloeus monedula,Галка
213130055,research,https://www.inaturalist.org/observations/213130055,https://inaturalist-open-data.s3.amazonaws.com/photos/376640978/medium.jpeg,Галка,Coloeus monedula,Галка
213130112,research,https://www.inaturalist.org/observations/213130112,https://inaturalist-open-data.s3.amazonaws.com/photos/376645098/medium.jpeg,Галка,Coloeus monedula,Галка
213174817,research,https://www.inaturalist.org/observations/213174817,https://inaturalist-open-data.s3.amazonaws.com/photos/376729666/medium.jpeg,Галка,Coloeus monedula,Галка
213232353,research,https://www.inaturalist.org/observations/213232353,https://inaturalist-open-data.s3.amazonaws.com/photos/376823557/medium.jpeg,Галка,Coloeus monedula,Галка
213505262,research,https://www.inaturalist.org/observations/213505262,https://inaturalist-open-data.s3.amazonaws.com/photos/377323240/medium.jpg,Галка,Coloeus monedula,Галка
213505273,research,https://www.inaturalist.org/observations/213505273,https://inaturalist-open-data.s3.amazonaws.com/photos/377323396/medium.jpg,Галка,Coloeus monedula,Галка
215332805,research,https://www.inaturalist.org/observations/215332805,https://inaturalist-open-data.s3.amazonaws.com/photos/380693007/medium.jpeg,Галка,Coloeus monedula,Галка
215887016,research,https://www.inaturalist.org/observations/215887016,https://inaturalist-open-data.s3.amazonaws.com/photos/381744764/medium.jpeg,Галка,Coloeus monedula,Галка
216615812,research,https://www.inaturalist.org/observations/216615812,https://inaturalist-open-data.s3.amazonaws.com/photos/383102446/medium.jpeg,Галка,Coloeus monedula,Галка
216918321,research,https://www.inaturalist.org/observations/216918321,https://inaturalist-open-data.s3.amazonaws.com/photos/383675355/medium.jpeg,Галка,Coloeus monedula,Галка
217288062,research,https://www.inaturalist.org/observations/217288062,https://inaturalist-open-data.s3.amazonaws.com/photos/384380086/medium.jpeg,Галка,Coloeus monedula,Галка
217295453,research,https://www.inaturalist.org/observations/217295453,https://inaturalist-open-data.s3.amazonaws.com/photos/384394634/medium.jpeg,Галка,Coloeus monedula,Галка
218619443,research,https://www.inaturalist.org/observations/218619443,https://inaturalist-open-data.s3.amazonaws.com/photos/386864438/medium.jpeg,Галка,Coloeus monedula,Галка
218619473,research,https://www.inaturalist.org/observations/218619473,https://inaturalist-open-data.s3.amazonaws.com/photos/386864882/medium.jpeg,Галка,Coloeus monedula,Галка
218619489,research,https://www.inaturalist.org/observations/218619489,https://inaturalist-open-data.s3.amazonaws.com/photos/386864907/medium.jpeg,Галка,Coloeus monedula,Галка
218619503,research,https://www.inaturalist.org/observations/218619503,https://inaturalist-open-data.s3.amazonaws.com/photos/386864964/medium.jpeg,Галка,Coloeus monedula,Галка
219212690,research,https://www.inaturalist.org/observations/219212690,https://inaturalist-open-data.s3.amazonaws.com/photos/387979425/medium.jpeg,Галка,Coloeus monedula,Галка
219290380,research,https://www.inaturalist.org/observations/219290380,https://static.inaturalist.org/photos/388135543/medium.jpeg,Галка,Coloeus monedula,Галка
219488815,research,https://www.inaturalist.org/observations/219488815,https://inaturalist-open-data.s3.amazonaws.com/photos/388506117/medium.jpeg,Галка,Coloeus monedula,Галка
219506769,research,https://www.inaturalist.org/observations/219506769,https://inaturalist-open-data.s3.amazonaws.com/photos/388538771/medium.jpeg,Галка,Coloeus monedula,Галка
219507030,research,https://www.inaturalist.org/observations/219507030,https://inaturalist-open-data.s3.amazonaws.com/photos/388539248/medium.jpeg,Галка,Coloeus monedula,Галка
219935118,research,https://www.inaturalist.org/observations/219935118,https://static.inaturalist.org/photos/389340739/medium.jpeg,Галка,Coloeus monedula,Галка
220218669,research,https://www.inaturalist.org/observations/220218669,https://inaturalist-open-data.s3.amazonaws.com/photos/389867240/medium.jpg,Галка,Coloeus monedula,Галка
221639824,research,https://www.inaturalist.org/observations/221639824,https://static.inaturalist.org/photos/392515368/medium.jpeg,Галка,Coloeus monedula,Галка
221639827,research,https://www.inaturalist.org/observations/221639827,https://static.inaturalist.org/photos/392515445/medium.jpeg,Галка,Coloeus monedula,Галка
221856358,research,https://www.inaturalist.org/observations/221856358,https://inaturalist-open-data.s3.amazonaws.com/photos/392907709/medium.jpg,Галка,Coloeus monedula,Галка
222046088,research,https://www.inaturalist.org/observations/222046088,https://inaturalist-open-data.s3.amazonaws.com/photos/393285708/medium.jpg,Галка,Coloeus monedula,Галка
223614567,research,https://www.inaturalist.org/observations/223614567,https://inaturalist-open-data.s3.amazonaws.com/photos/396236640/medium.jpg,Галка,Coloeus monedula,Галка
224261699,research,https://www.inaturalist.org/observations/224261699,https://inaturalist-open-data.s3.amazonaws.com/photos/397442155/medium.jpeg,Галка,Coloeus monedula,Галка
224317383,research,https://www.inaturalist.org/observations/224317383,https://inaturalist-open-data.s3.amazonaws.com/photos/397558136/medium.jpeg,Галка,Coloeus monedula,Галка
224317414,research,https://www.inaturalist.org/observations/224317414,https://inaturalist-open-data.s3.amazonaws.com/photos/397558183/medium.jpeg,Галка,Coloeus monedula,Галка
224317458,research,https://www.inaturalist.org/observations/224317458,https://inaturalist-open-data.s3.amazonaws.com/photos/397558309/medium.jpeg,Галка,Coloeus monedula,Галка
225543278,research,https://www.inaturalist.org/observations/225543278,https://inaturalist-open-data.s3.amazonaws.com/photos/399889930/medium.jpeg,Галка,Coloeus monedula,Галка
228587888,research,https://www.inaturalist.org/observations/228587888,https://inaturalist-open-data.s3.amazonaws.com/photos/405657200/medium.jpeg,Галка,Coloeus monedula,Галка
228588335,research,https://www.inaturalist.org/observations/228588335,https://inaturalist-open-data.s3.amazonaws.com/photos/405658128/medium.jpeg,Галка,Coloeus monedula,Галка
228804090,research,https://www.inaturalist.org/observations/228804090,https://inaturalist-open-data.s3.amazonaws.com/photos/406069980/medium.jpeg,Галка,Coloeus monedula,Галка
229982341,research,https://www.inaturalist.org/observations/229982341,https://inaturalist-open-data.s3.amazonaws.com/photos/408297084/medium.jpeg,Галка,Coloeus monedula,Галка
231183590,research,https://www.inaturalist.org/observations/231183590,https://inaturalist-open-data.s3.amazonaws.com/photos/410568616/medium.jpeg,Галка,Coloeus monedula,Галка
233891876,research,https://www.inaturalist.org/observations/233891876,https://inaturalist-open-data.s3.amazonaws.com/photos/415726128/medium.jpeg,Галка,Coloeus monedula,Галка
233896402,research,https://www.inaturalist.org/observations/233896402,https://inaturalist-open-data.s3.amazonaws.com/photos/415735375/medium.jpeg,Галка,Coloeus monedula,Галка
233896903,research,https://www.inaturalist.org/observations/233896903,https://inaturalist-open-data.s3.amazonaws.com/photos/415736227/medium.jpeg,Галка,Coloeus monedula,Галка
233897793,research,https://www.inaturalist.org/observations/233897793,https://inaturalist-open-data.s3.amazonaws.com/photos/415737568/medium.jpeg,Галка,Coloeus monedula,Галка
234233493,research,https://www.inaturalist.org/observations/234233493,https://inaturalist-open-data.s3.amazonaws.com/photos/416371717/medium.jpg,Галка,Coloeus monedula,Галка
235860147,research,https://www.inaturalist.org/observations/235860147,https://static.inaturalist.org/photos/419524876/medium.jpeg,寒鸦,Coloeus monedula,Галка
239057017,research,https://www.inaturalist.org/observations/239057017,https://inaturalist-open-data.s3.amazonaws.com/photos/425690902/medium.jpg,Галка,Coloeus monedula,Галка
239771726,research,https://www.inaturalist.org/observations/239771726,https://inaturalist-open-data.s3.amazonaws.com/photos/427088685/medium.jpeg,Галка,Coloeus monedula,Галка
240037320,research,https://www.inaturalist.org/observations/240037320,https://inaturalist-open-data.s3.amazonaws.com/photos/427593414/medium.jpeg,Eurasian Jackdaw,Coloeus monedula,Галка
241077317,research,https://www.inaturalist.org/observations/241077317,https://inaturalist-open-data.s3.amazonaws.com/photos/429607156/medium.jpeg,Галка,Coloeus monedula,Галка
241077488,research,https://www.inaturalist.org/observations/241077488,https://inaturalist-open-data.s3.amazonaws.com/photos/429607434/medium.jpeg,Галка,Coloeus monedula,Галка
241077612,research,https://www.inaturalist.org/observations/241077612,https://inaturalist-open-data.s3.amazonaws.com/photos/429607808/medium.jpeg,Галка,Coloeus monedula,Галка
241077709,research,https://www.inaturalist.org/observations/241077709,https://inaturalist-open-data.s3.amazonaws.com/photos/429607980/medium.jpeg,Галка,Coloeus monedula,Галка
241078020,research,https://www.inaturalist.org/observations/241078020,https://inaturalist-open-data.s3.amazonaws.com/photos/429608701/medium.jpeg,Галка,Coloeus monedula,Галка
241333076,research,https://www.inaturalist.org/observations/241333076,https://inaturalist-open-data.s3.amazonaws.com/photos/430086527/medium.jpg,Галка,Coloeus monedula,Галка
241816333,research,https://www.inaturalist.org/observations/241816333,https://static.inaturalist.org/photos/431028735/medium.jpeg,Галка,Coloeus monedula,Галка
242668069,research,https://www.inaturalist.org/observations/242668069,https://inaturalist-open-data.s3.amazonaws.com/photos/432630369/medium.jpeg,Галка,Coloeus monedula,Галка
242842812,research,https://www.inaturalist.org/observations/242842812,https://inaturalist-open-data.s3.amazonaws.com/photos/432961645/medium.jpeg,Галка,Coloeus monedula,Галка
243539966,research,https://www.inaturalist.org/observations/243539966,https://static.inaturalist.org/photos/434283021/medium.jpeg,Галка,Coloeus monedula,Галка
243965736,research,https://www.inaturalist.org/observations/243965736,https://inaturalist-open-data.s3.amazonaws.com/photos/435109353/medium.jpg,Галка,Coloeus monedula,Галка
244452823,research,https://www.inaturalist.org/observations/244452823,https://static.inaturalist.org/photos/436047321/medium.jpeg,Галка,Coloeus monedula,Галка
244500670,research,https://www.inaturalist.org/observations/244500670,https://inaturalist-open-data.s3.amazonaws.com/photos/436137703/medium.jpeg,Галка,Coloeus monedula,Галка
244523813,research,https://www.inaturalist.org/observations/244523813,https://inaturalist-open-data.s3.amazonaws.com/photos/436181767/medium.jpeg,Eurasian Jackdaw,Coloeus monedula,Галка
244662972,research,https://www.inaturalist.org/observations/244662972,https://static.inaturalist.org/photos/436458448/medium.jpeg,Галка,Coloeus monedula,Галка
244735068,research,https://www.inaturalist.org/observations/244735068,https://inaturalist-open-data.s3.amazonaws.com/photos/436595511/medium.jpg,Галка,Coloeus monedula,Галка
244876897,research,https://www.inaturalist.org/observations/244876897,https://static.inaturalist.org/photos/436881576/medium.jpeg,Галка,Coloeus monedula,Галка
244907971,research,https://www.inaturalist.org/observations/244907971,https://inaturalist-open-data.s3.amazonaws.com/photos/436938576/medium.jpeg,Галка,Coloeus monedula,Галка
245143013,research,https://www.inaturalist.org/observations/245143013,https://inaturalist-open-data.s3.amazonaws.com/photos/437387846/medium.jpg,Галка,Coloeus monedula,Галка
245188815,research,https://www.inaturalist.org/observations/245188815,https://inaturalist-open-data.s3.amazonaws.com/photos/437486872/medium.jpeg,Галка,Coloeus monedula,Галка
245629577,research,https://www.inaturalist.org/observations/245629577,https://inaturalist-open-data.s3.amazonaws.com/photos/438352469/medium.jpg,Галка,Coloeus monedula,Галка
245768252,research,https://www.inaturalist.org/observations/245768252,https://static.inaturalist.org/photos/438622517/medium.jpeg,Галка,Coloeus monedula,Галка
246313473,research,https://www.inaturalist.org/observations/246313473,https://inaturalist-open-data.s3.amazonaws.com/photos/439702326/medium.jpeg,Галка,Coloeus monedula,Галка
246313716,research,https://www.inaturalist.org/observations/246313716,https://inaturalist-open-data.s3.amazonaws.com/photos/439702898/medium.jpeg,Галка,Coloeus monedula,Галка
246313941,research,https://www.inaturalist.org/observations/246313941,https://inaturalist-open-data.s3.amazonaws.com/photos/439703275/medium.jpeg,Галка,Coloeus monedula,Галка
246314134,research,https://www.inaturalist.org/observations/246314134,https://inaturalist-open-data.s3.amazonaws.com/photos/439703605/medium.jpeg,Галка,Coloeus monedula,Галка
246314482,research,https://www.inaturalist.org/observations/246314482,https://inaturalist-open-data.s3.amazonaws.com/photos/439704411/medium.jpeg,Галка,Coloeus monedula,Галка
246346263,research,https://www.inaturalist.org/observations/246346263,https://static.inaturalist.org/photos/439763255/medium.jpeg,Галка,Coloeus monedula,Галка
246346291,research,https://www.inaturalist.org/observations/246346291,https://static.inaturalist.org/photos/439763304/medium.jpeg,Галка,Coloeus monedula,Галка
246451270,research,https://www.inaturalist.org/observations/246451270,https://inaturalist-open-data.s3.amazonaws.com/photos/439978567/medium.jpg,Галка,Coloeus monedula,Галка
247936047,research,https://www.inaturalist.org/observations/247936047,https://inaturalist-open-data.s3.amazonaws.com/photos/442913815/medium.jpeg,Галка,Coloeus monedula,Галка
248052761,research,https://www.inaturalist.org/observations/248052761,https://static.inaturalist.org/photos/443139974/medium.jpeg,Галка,Coloeus monedula,Галка
248681988,research,https://www.inaturalist.org/observations/248681988,https://inaturalist-open-data.s3.amazonaws.com/photos/444394901/medium.jpeg,Галка,Coloeus monedula,Галка
248682000,research,https://www.inaturalist.org/observations/248682000,https://inaturalist-open-data.s3.amazonaws.com/photos/444394964/medium.jpeg,Галка,Coloeus monedula,Галка
249039034,research,https://www.inaturalist.org/observations/249039034,https://inaturalist-open-data.s3.amazonaws.com/photos/445099063/medium.jpg,Галка,Coloeus monedula,Галка
249040167,research,https://www.inaturalist.org/observations/249040167,https://inaturalist-open-data.s3.amazonaws.com/photos/445102401/medium.jpeg,Галка,Coloeus monedula,Галка
249287954,research,https://www.inaturalist.org/observations/249287954,https://inaturalist-open-data.s3.amazonaws.com/photos/445597085/medium.jpeg,Галка,Coloeus monedula,Галка
249617219,research,https://www.inaturalist.org/observations/249617219,https://inaturalist-open-data.s3.amazonaws.com/photos/446251022/medium.jpg,Галка,Coloeus monedula,Галка
249617223,research,https://www.inaturalist.org/observations/249617223,https://inaturalist-open-data.s3.amazonaws.com/photos/446251040/medium.jpg,Галка,Coloeus monedula,Галка
249784069,research,https://www.inaturalist.org/observations/249784069,https://inaturalist-open-data.s3.amazonaws.com/photos/446583623/medium.jpeg,Галка,Coloeus monedula,Галка
250013062,research,https://www.inaturalist.org/observations/250013062,https://inaturalist-open-data.s3.amazonaws.com/photos/447038666/medium.jpeg,Галка,Coloeus monedula,Галка
250318835,research,https://www.inaturalist.org/observations/250318835,https://inaturalist-open-data.s3.amazonaws.com/photos/447656654/medium.jpg,Галка,Coloeus monedula,Галка
250577123,research,https://www.inaturalist.org/observations/250577123,https://inaturalist-open-data.s3.amazonaws.com/photos/448177938/medium.jpeg,Галка,Coloeus monedula,Галка
250697173,research,https://www.inaturalist.org/observations/250697173,https://inaturalist-open-data.s3.amazonaws.com/photos/448420953/medium.jpeg,Галка,Coloeus monedula,Галка
250781160,research,https://www.inaturalist.org/observations/250781160,https://inaturalist-open-data.s3.amazonaws.com/photos/448592839/medium.jpg,Галка,Coloeus monedula,Галка
250824190,research,https://www.inaturalist.org/observations/250824190,https://inaturalist-open-data.s3.amazonaws.com/photos/448675057/medium.jpeg,Галка,Coloeus monedula,Галка
250918002,research,https://www.inaturalist.org/observations/250918002,https://inaturalist-open-data.s3.amazonaws.com/photos/448860075/medium.jpeg,Галка,Coloeus monedula,Галка
251307396,research,https://www.inaturalist.org/observations/251307396,https://inaturalist-open-data.s3.amazonaws.com/photos/449639514/medium.jpg,Галка,Coloeus monedula,Галка
251307398,research,https://www.inaturalist.org/observations/251307398,https://inaturalist-open-data.s3.amazonaws.com/photos/449639515/medium.jpg,Галка,Coloeus monedula,Галка
251443465,research,https://www.inaturalist.org/observations/251443465,https://inaturalist-open-data.s3.amazonaws.com/photos/449907141/medium.jpeg,Галка,Coloeus monedula,Галка
251472034,research,https://www.inaturalist.org/observations/251472034,https://inaturalist-open-data.s3.amazonaws.com/photos/449963679/medium.jpeg,Галка,Coloeus monedula,Галка
252039199,research,https://www.inaturalist.org/observations/252039199,https://inaturalist-open-data.s3.amazonaws.com/photos/451098796/medium.jpeg,Галка,Coloeus monedula,Галка
252042436,research,https://www.inaturalist.org/observations/252042436,https://inaturalist-open-data.s3.amazonaws.com/photos/451104619/medium.jpeg,Галка,Coloeus monedula,Галка
252124754,research,https://www.inaturalist.org/observations/252124754,https://inaturalist-open-data.s3.amazonaws.com/photos/451271283/medium.jpeg,Галка,Coloeus monedula,Галка
252250615,research,https://www.inaturalist.org/observations/252250615,https://inaturalist-open-data.s3.amazonaws.com/photos/451526318/medium.jpeg,Галка,Coloeus monedula,Галка
252306723,research,https://www.inaturalist.org/observations/252306723,https://inaturalist-open-data.s3.amazonaws.com/photos/451632423/medium.jpg,Галка,Coloeus monedula,Галка
252315826,research,https://www.inaturalist.org/observations/252315826,https://inaturalist-open-data.s3.amazonaws.com/photos/451651905/medium.jpeg,Галка,Coloeus monedula,Галка
252321502,research,https://www.inaturalist.org/observations/252321502,https://inaturalist-open-data.s3.amazonaws.com/photos/451662484/medium.jpeg,Галка,Coloeus monedula,Галка
252357513,research,https://www.inaturalist.org/observations/252357513,https://inaturalist-open-data.s3.amazonaws.com/photos/451737457/medium.jpeg,Галка,Coloeus monedula,Галка
252524173,research,https://www.inaturalist.org/observations/252524173,https://inaturalist-open-data.s3.amazonaws.com/photos/452065747/medium.jpeg,Галка,Coloeus monedula,Галка
252590728,research,https://www.inaturalist.org/observations/252590728,https://inaturalist-open-data.s3.amazonaws.com/photos/452198801/medium.jpeg,Галка,Coloeus monedula,Галка
252592046,research,https://www.inaturalist.org/observations/252592046,https://inaturalist-open-data.s3.amazonaws.com/photos/452201545/medium.jpeg,Галка,Coloeus monedula,Галка
252593298,research,https://www.inaturalist.org/observations/252593298,https://inaturalist-open-data.s3.amazonaws.com/photos/452203722/medium.jpeg,Галка,Coloeus monedula,Галка
252599869,research,https://www.inaturalist.org/observations/252599869,https://inaturalist-open-data.s3.amazonaws.com/photos/452214878/medium.jpg,Галка,Coloeus monedula,Галка
252602167,research,https://www.inaturalist.org/observations/252602167,https://inaturalist-open-data.s3.amazonaws.com/photos/452218973/medium.jpeg,Галка,Coloeus monedula,Галка
252617048,research,https://www.inaturalist.org/observations/252617048,https://inaturalist-open-data.s3.amazonaws.com/photos/452245838/medium.jpg,Галка,Coloeus monedula,Галка
252621302,research,https://www.inaturalist.org/observations/252621302,https://inaturalist-open-data.s3.amazonaws.com/photos/452254574/medium.jpeg,Галка,Coloeus monedula,Галка
252700958,research,https://www.inaturalist.org/observations/252700958,https://inaturalist-open-data.s3.amazonaws.com/photos/452407721/medium.jpeg,Галка,Coloeus monedula,Галка
252723945,research,https://www.inaturalist.org/observations/252723945,https://inaturalist-open-data.s3.amazonaws.com/photos/452448570/medium.jpeg,Галка,Coloeus monedula,Галка
252736982,research,https://www.inaturalist.org/observations/252736982,https://inaturalist-open-data.s3.amazonaws.com/photos/452469377/medium.jpeg,Галка,Coloeus monedula,Галка
252773716,research,https://www.inaturalist.org/observations/252773716,https://inaturalist-open-data.s3.amazonaws.com/photos/452534188/medium.jpg,Галка,Coloeus monedula,Галка
253183380,research,https://www.inaturalist.org/observations/253183380,https://inaturalist-open-data.s3.amazonaws.com/photos/453290894/medium.jpeg,Галка,Coloeus monedula,Галка
253293646,research,https://www.inaturalist.org/observations/253293646,https://inaturalist-open-data.s3.amazonaws.com/photos/453504083/medium.jpeg,Галка,Coloeus monedula,Галка
253300331,research,https://www.inaturalist.org/observations/253300331,https://inaturalist-open-data.s3.amazonaws.com/photos/453518510/medium.jpeg,Галка,Coloeus monedula,Галка
253300543,research,https://www.inaturalist.org/observations/253300543,https://inaturalist-open-data.s3.amazonaws.com/photos/453519039/medium.jpeg,Галка,Coloeus monedula,Галка
253303219,research,https://www.inaturalist.org/observations/253303219,https://inaturalist-open-data.s3.amazonaws.com/photos/453523185/medium.jpeg,Галка,Coloeus monedula,Галка
253401019,research,https://www.inaturalist.org/observations/253401019,https://inaturalist-open-data.s3.amazonaws.com/photos/453717424/medium.jpeg,Галка,Coloeus monedula,Галка
253407100,research,https://www.inaturalist.org/observations/253407100,https://inaturalist-open-data.s3.amazonaws.com/photos/453728730/medium.jpeg,Галка,Coloeus monedula,Галка
253408371,research,https://www.inaturalist.org/observations/253408371,https://inaturalist-open-data.s3.amazonaws.com/photos/453731043/medium.jpeg,Галка,Coloeus monedula,Галка
253638721,research,https://www.inaturalist.org/observations/253638721,https://inaturalist-open-data.s3.amazonaws.com/photos/454194084/medium.jpeg,Галка,Coloeus monedula,Галка
253645215,research,https://www.inaturalist.org/observations/253645215,https://inaturalist-open-data.s3.amazonaws.com/photos/454205482/medium.jpg,Галка,Coloeus monedula,Галка
253762934,research,https://www.inaturalist.org/observations/253762934,https://static.inaturalist.org/photos/454436984/medium.jpeg,Галка,Coloeus monedula,Галка
253764303,research,https://www.inaturalist.org/observations/253764303,https://static.inaturalist.org/photos/454439721/medium.jpeg,Галка,Coloeus monedula,Галка
254078799,research,https://www.inaturalist.org/observations/254078799,https://inaturalist-open-data.s3.amazonaws.com/photos/455029058/medium.jpeg,Галка,Coloeus monedula,Галка
254117854,research,https://www.inaturalist.org/observations/254117854,https://inaturalist-open-data.s3.amazonaws.com/photos/455090967/medium.jpeg,Галка,Coloeus monedula,Галка
254391913,research,https://www.inaturalist.org/observations/254391913,https://static.inaturalist.org/photos/455654588/medium.jpeg,Галка,Coloeus monedula,Галка
254391940,research,https://www.inaturalist.org/observations/254391940,https://static.inaturalist.org/photos/455654882/medium.jpeg,Галка,Coloeus monedula,Галка
254391941,research,https://www.inaturalist.org/observations/254391941,https://static.inaturalist.org/photos/455654917/medium.jpeg,Галка,Coloeus monedula,Галка
254393927,research,https://www.inaturalist.org/observations/254393927,https://static.inaturalist.org/photos/455658493/medium.jpeg,Галка,Coloeus monedula,Галка
254393933,research,https://www.inaturalist.org/observations/254393933,https://static.inaturalist.org/photos/455658520/medium.jpeg,Галка,Coloeus monedula,Галка
254393943,research,https://www.inaturalist.org/observations/254393943,https://static.inaturalist.org/photos/455658561/medium.jpeg,Галка,Coloeus monedula,Галка
254393945,research,https://www.inaturalist.org/observations/254393945,https://static.inaturalist.org/photos/455658572/medium.jpeg,Галка,Coloeus monedula,Галка
254409772,research,https://www.inaturalist.org/observations/254409772,https://inaturalist-open-data.s3.amazonaws.com/photos/455686381/medium.jpg,Галка,Coloeus monedula,Галка
254445558,research,https://www.inaturalist.org/observations/254445558,https://inaturalist-open-data.s3.amazonaws.com/photos/455762943/medium.jpg,Галка,Coloeus monedula,Галка
254445574,research,https://www.inaturalist.org/observations/254445574,https://inaturalist-open-data.s3.amazonaws.com/photos/455763024/medium.jpg,Галка,Coloeus monedula,Галка
254503179,research,https://www.inaturalist.org/observations/254503179,https://static.inaturalist.org/photos/455877139/medium.jpeg,Галка,Coloeus monedula,Галка
254504981,research,https://www.inaturalist.org/observations/254504981,https://static.inaturalist.org/photos/455880806/medium.jpeg,Галка,Coloeus monedula,Галка
254512281,research,https://www.inaturalist.org/observations/254512281,https://inaturalist-open-data.s3.amazonaws.com/photos/455894964/medium.jpeg,Галка,Coloeus monedula,Галка
254744756,research,https://www.inaturalist.org/observations/254744756,https://inaturalist-open-data.s3.amazonaws.com/photos/456365592/medium.jpeg,Галка,Coloeus monedula,Галка
254831601,research,https://www.inaturalist.org/observations/254831601,https://inaturalist-open-data.s3.amazonaws.com/photos/456540535/medium.jpg,Галка,Coloeus monedula,Галка
255005144,research,https://www.inaturalist.org/observations/255005144,https://inaturalist-open-data.s3.amazonaws.com/photos/456891674/medium.jpeg,Галка,Coloeus monedula,Галка
255072209,research,https://www.inaturalist.org/observations/255072209,https://inaturalist-open-data.s3.amazonaws.com/photos/457027774/medium.jpg,Галка,Coloeus monedula,Галка
255072319,research,https://www.inaturalist.org/observations/255072319,https://inaturalist-open-data.s3.amazonaws.com/photos/457027956/medium.jpg,Галка,Coloeus monedula,Галка
255116315,research,https://www.inaturalist.org/observations/255116315,https://static.inaturalist.org/photos/457115601/medium.jpeg,Галка,Coloeus monedula,Галка
255528220,research,https://www.inaturalist.org/observations/255528220,https://inaturalist-open-data.s3.amazonaws.com/photos/457934718/medium.jpg,Галка,Coloeus monedula,Галка
255708770,research,https://www.inaturalist.org/observations/255708770,https://inaturalist-open-data.s3.amazonaws.com/photos/458307618/medium.jpeg,Галка,Coloeus monedula,Галка
255719731,research,https://www.inaturalist.org/observations/255719731,https://inaturalist-open-data.s3.amazonaws.com/photos/458329187/medium.jpg,Галка,Coloeus monedula,Галка
256006638,research,https://www.inaturalist.org/observations/256006638,https://inaturalist-open-data.s3.amazonaws.com/photos/458895043/medium.jpeg,Галка,Coloeus monedula,Галка
256102780,research,https://www.inaturalist.org/observations/256102780,https://inaturalist-open-data.s3.amazonaws.com/photos/459095757/medium.jpg,Галка,Coloeus monedula,Галка
256111911,research,https://www.inaturalist.org/observations/256111911,https://inaturalist-open-data.s3.amazonaws.com/photos/459114111/medium.jpeg,Галка,Coloeus monedula,Галка
256168942,research,https://www.inaturalist.org/observations/256168942,https://inaturalist-open-data.s3.amazonaws.com/photos/459231684/medium.jpg,Галка,Coloeus monedula soemmerringii,
256188189,research,https://www.inaturalist.org/observations/256188189,https://inaturalist-open-data.s3.amazonaws.com/photos/459267127/medium.jpg,Галка,Coloeus monedula,Галка
256192048,research,https://www.inaturalist.org/observations/256192048,https://inaturalist-open-data.s3.amazonaws.com/photos/459275047/medium.jpeg,Галка,Coloeus monedula,Галка
256264897,research,https://www.inaturalist.org/observations/256264897,https://inaturalist-open-data.s3.amazonaws.com/photos/459427988/medium.jpg,Галка,Coloeus monedula,Галка
256702843,research,https://www.inaturalist.org/observations/256702843,https://inaturalist-open-data.s3.amazonaws.com/photos/350668315/medium.jpg,Галка,Coloeus monedula,Галка
256757772,research,https://www.inaturalist.org/observations/256757772,https://static.inaturalist.org/photos/460428118/medium.jpg,Галка,Coloeus monedula,Галка
256775571,research,https://www.inaturalist.org/observations/256775571,https://inaturalist-open-data.s3.amazonaws.com/photos/460463006/medium.jpg,Галка,Coloeus monedula,Галка
256779875,research,https://www.inaturalist.org/observations/256779875,https://inaturalist-open-data.s3.amazonaws.com/photos/460470973/medium.jpg,Галка,Coloeus monedula,Галка
256868742,research,https://www.inaturalist.org/observations/256868742,https://static.inaturalist.org/photos/460652026/medium.jpeg,Галка,Coloeus monedula,Галка
256869591,research,https://www.inaturalist.org/observations/256869591,https://static.inaturalist.org/photos/460654197/medium.jpeg,Галка,Coloeus monedula,Галка
256871129,research,https://www.inaturalist.org/observations/256871129,https://inaturalist-open-data.s3.amazonaws.com/photos/460657052/medium.jpeg,Галка,Coloeus monedula,Галка
256903544,research,https://www.inaturalist.org/observations/256903544,https://static.inaturalist.org/photos/460721853/medium.jpeg,Галка,Coloeus monedula,Галка
256903555,research,https://www.inaturalist.org/observations/256903555,https://static.inaturalist.org/photos/460722083/medium.jpeg,Галка,Coloeus monedula,Галка
256912233,research,https://www.inaturalist.org/observations/256912233,https://static.inaturalist.org/photos/460739993/medium.jpeg,Галка,Coloeus monedula,Галка
256912235,research,https://www.inaturalist.org/observations/256912235,https://static.inaturalist.org/photos/460739988/medium.jpeg,Галка,Coloeus monedula,Галка
256967578,research,https://www.inaturalist.org/observations/256967578,https://static.inaturalist.org/photos/460860630/medium.jpeg,Галка,Coloeus monedula,Галка
257013314,research,https://www.inaturalist.org/observations/257013314,https://static.inaturalist.org/photos/460953858/medium.jpeg,Галка,Coloeus monedula,Галка
257013331,research,https://www.inaturalist.org/observations/257013331,https://static.inaturalist.org/photos/460953910/medium.jpeg,Галка,Coloeus monedula,Галка
257013334,research,https://www.inaturalist.org/observations/257013334,https://static.inaturalist.org/photos/460953921/medium.jpg,Галка,Coloeus monedula,Галка
257198379,research,https://www.inaturalist.org/observations/257198379,https://inaturalist-open-data.s3.amazonaws.com/photos/461332502/medium.jpg,Галка,Coloeus monedula,Галка
257516065,research,https://www.inaturalist.org/observations/257516065,https://inaturalist-open-data.s3.amazonaws.com/photos/461970279/medium.jpg,Галка,Coloeus monedula,Галка
257602692,research,https://www.inaturalist.org/observations/257602692,https://inaturalist-open-data.s3.amazonaws.com/photos/462143455/medium.jpg,Галка,Coloeus monedula,Галка
257634871,research,https://www.inaturalist.org/observations/257634871,https://inaturalist-open-data.s3.amazonaws.com/photos/462196450/medium.jpeg,Галка,Coloeus monedula,Галка
257907082,research,https://www.inaturalist.org/observations/257907082,https://static.inaturalist.org/photos/462671412/medium.jpeg,Галка,Coloeus monedula,Галка
257916648,research,https://www.inaturalist.org/observations/257916648,https://inaturalist-open-data.s3.amazonaws.com/photos/462690418/medium.jpg,Галка,Coloeus monedula,Галка
257937108,research,https://www.inaturalist.org/observations/257937108,https://inaturalist-open-data.s3.amazonaws.com/photos/462731726/medium.jpg,Галка,Coloeus monedula,Галка
258154724,research,https://www.inaturalist.org/observations/258154724,https://static.inaturalist.org/photos/463128392/medium.jpeg,Галка,Coloeus monedula,Галка
258213891,research,https://www.inaturalist.org/observations/258213891,https://inaturalist-open-data.s3.amazonaws.com/photos/463250577/medium.jpeg,Eurasian Jackdaw,Coloeus monedula,Галка
258281960,research,https://www.inaturalist.org/observations/258281960,https://inaturalist-open-data.s3.amazonaws.com/photos/463360018/medium.jpg,Галка,Coloeus monedula,Галка
258482080,research,https://www.inaturalist.org/observations/258482080,https://inaturalist-open-data.s3.amazonaws.com/photos/463768411/medium.jpeg,Галка,Coloeus monedula,Галка
258563424,research,https://www.inaturalist.org/observations/258563424,https://inaturalist-open-data.s3.amazonaws.com/photos/463938289/medium.jpg,Галка,Coloeus monedula,Галка
258563430,research,https://www.inaturalist.org/observations/258563430,https://inaturalist-open-data.s3.amazonaws.com/photos/463938305/medium.jpg,Галка,Coloeus monedula,Галка
258733587,research,https://www.inaturalist.org/observations/258733587,https://static.inaturalist.org/photos/464287456/medium.jpeg,Галка,Coloeus monedula,Галка
258810362,research,https://www.inaturalist.org/observations/258810362,https://inaturalist-open-data.s3.amazonaws.com/photos/464442988/medium.jpeg,Галка,Coloeus monedula,Галка
258835845,research,https://www.inaturalist.org/observations/258835845,https://inaturalist-open-data.s3.amazonaws.com/photos/464495534/medium.jpg,Галка,Coloeus monedula,Галка
258857099,research,https://www.inaturalist.org/observations/258857099,https://inaturalist-open-data.s3.amazonaws.com/photos/464533121/medium.jpg,Галка,Coloeus monedula,Галка
258973355,research,https://www.inaturalist.org/observations/258973355,https://inaturalist-open-data.s3.amazonaws.com/photos/464772476/medium.jpg,Галка,Coloeus monedula,Галка
259082750,research,https://www.inaturalist.org/observations/259082750,https://inaturalist-open-data.s3.amazonaws.com/photos/464996044/medium.jpeg,Галка,Coloeus monedula,Галка
259178759,research,https://www.inaturalist.org/observations/259178759,https://inaturalist-open-data.s3.amazonaws.com/photos/465191505/medium.jpeg,Галка,Coloeus monedula,Галка
259785123,research,https://www.inaturalist.org/observations/259785123,https://inaturalist-open-data.s3.amazonaws.com/photos/466413668/medium.jpg,Галка,Coloeus monedula,Галка
259785124,research,https://www.inaturalist.org/observations/259785124,https://inaturalist-open-data.s3.amazonaws.com/photos/466413676/medium.jpg,Галка,Coloeus monedula,Галка
259785128,research,https://www.inaturalist.org/observations/259785128,https://inaturalist-open-data.s3.amazonaws.com/photos/466413675/medium.jpg,Галка,Coloeus monedula,Галка
259785129,research,https://www.inaturalist.org/observations/259785129,https://inaturalist-open-data.s3.amazonaws.com/photos/466413682/medium.jpg,Галка,Coloeus monedula,Галка
259785132,research,https://www.inaturalist.org/observations/259785132,https://inaturalist-open-data.s3.amazonaws.com/photos/466413693/medium.jpg,Галка,Coloeus monedula,Галка
259896754,research,https://www.inaturalist.org/observations/259896754,https://inaturalist-open-data.s3.amazonaws.com/photos/466628242/medium.jpeg,Галка,Coloeus monedula,Галка
259896951,research,https://www.inaturalist.org/observations/259896951,https://inaturalist-open-data.s3.amazonaws.com/photos/466628715/medium.jpeg,Галка,Coloeus monedula,Галка
259897082,research,https://www.inaturalist.org/observations/259897082,https://inaturalist-open-data.s3.amazonaws.com/photos/466628992/medium.jpeg,Галка,Coloeus monedula,Галка
259897246,research,https://www.inaturalist.org/observations/259897246,https://inaturalist-open-data.s3.amazonaws.com/photos/466629419/medium.jpeg,Галка,Coloeus monedula,Галка
260093670,research,https://www.inaturalist.org/observations/260093670,https://inaturalist-open-data.s3.amazonaws.com/photos/467019461/medium.jpg,Галка,Coloeus monedula,Галка
260141305,research,https://www.inaturalist.org/observations/260141305,https://inaturalist-open-data.s3.amazonaws.com/photos/467115830/medium.jpeg,Галка,Coloeus monedula,Галка
260171427,research,https://www.inaturalist.org/observations/260171427,https://inaturalist-open-data.s3.amazonaws.com/photos/467175695/medium.jpeg,Галка,Coloeus monedula,Галка
260288458,research,https://www.inaturalist.org/observations/260288458,https://inaturalist-open-data.s3.amazonaws.com/photos/467404578/medium.jpg,Галка,Coloeus monedula,Галка
260371522,research,https://www.inaturalist.org/observations/260371522,https://inaturalist-open-data.s3.amazonaws.com/photos/467575198/medium.jpg,Галка,Coloeus monedula,Галка
260393925,research,https://www.inaturalist.org/observations/260393925,https://inaturalist-open-data.s3.amazonaws.com/photos/467619858/medium.jpeg,Галка,Coloeus monedula,Галка
260412437,research,https://www.inaturalist.org/observations/260412437,https://inaturalist-open-data.s3.amazonaws.com/photos/467654735/medium.jpeg,Галка,Coloeus monedula,Галка
260485985,research,https://www.inaturalist.org/observations/260485985,https://inaturalist-open-data.s3.amazonaws.com/photos/467804924/medium.jpeg,Галка,Coloeus monedula,Галка
260514402,research,https://www.inaturalist.org/observations/260514402,https://inaturalist-open-data.s3.amazonaws.com/photos/467858079/medium.jpeg,Галка,Coloeus monedula,Галка
260548665,research,https://www.inaturalist.org/observations/260548665,https://inaturalist-open-data.s3.amazonaws.com/photos/467924822/medium.jpg,Галка,Coloeus monedula,Галка
260548667,research,https://www.inaturalist.org/observations/260548667,https://inaturalist-open-data.s3.amazonaws.com/photos/467924829/medium.jpg,Галка,Coloeus monedula,Галка
260548673,research,https://www.inaturalist.org/observations/260548673,https://inaturalist-open-data.s3.amazonaws.com/photos/467924867/medium.jpg,Галка,Coloeus monedula,Галка
260548691,research,https://www.inaturalist.org/observations/260548691,https://inaturalist-open-data.s3.amazonaws.com/photos/467924982/medium.jpg,Галка,Coloeus monedula,Галка
260715169,research,https://www.inaturalist.org/observations/260715169,https://inaturalist-open-data.s3.amazonaws.com/photos/468250370/medium.jpeg,Галка,Coloeus monedula,Галка
260726896,research,https://www.inaturalist.org/observations/260726896,https://inaturalist-open-data.s3.amazonaws.com/photos/468273525/medium.jpeg,Галка,Coloeus monedula,Галка
260935775,research,https://www.inaturalist.org/observations/260935775,https://inaturalist-open-data.s3.amazonaws.com/photos/468688695/medium.jpg,Галка,Coloeus monedula,Галка
260935779,research,https://www.inaturalist.org/observations/260935779,https://inaturalist-open-data.s3.amazonaws.com/photos/468688722/medium.jpg,Галка,Coloeus monedula,Галка
260938023,research,https://www.inaturalist.org/observations/260938023,https://inaturalist-open-data.s3.amazonaws.com/photos/468689156/medium.jpg,Галка,Coloeus monedula,Галка
261160730,research,https://www.inaturalist.org/observations/261160730,https://inaturalist-open-data.s3.amazonaws.com/photos/469134431/medium.jpeg,Галка,Coloeus monedula,Галка
261166053,research,https://www.inaturalist.org/observations/261166053,https://inaturalist-open-data.s3.amazonaws.com/photos/469143950/medium.jpg,Галка,Coloeus monedula,Галка
261166670,research,https://www.inaturalist.org/observations/261166670,https://inaturalist-open-data.s3.amazonaws.com/photos/469146037/medium.jpeg,Галка,Coloeus monedula,Галка
261170338,research,https://www.inaturalist.org/observations/261170338,https://inaturalist-open-data.s3.amazonaws.com/photos/469153355/medium.jpeg,Галка,Coloeus monedula,Галка
261624150,research,https://www.inaturalist.org/observations/261624150,https://inaturalist-open-data.s3.amazonaws.com/photos/470056469/medium.jpg,Галка,Coloeus monedula,Галка
261624154,research,https://www.inaturalist.org/observations/261624154,https://inaturalist-open-data.s3.amazonaws.com/photos/470056504/medium.jpg,Галка,Coloeus monedula,Галка
261624157,research,https://www.inaturalist.org/observations/261624157,https://inaturalist-open-data.s3.amazonaws.com/photos/470056551/medium.jpg,Галка,Coloeus monedula,Галка
261624167,research,https://www.inaturalist.org/observations/261624167,https://inaturalist-open-data.s3.amazonaws.com/photos/470057579/medium.jpg,Галка,Coloeus monedula,Галка
261740757,research,https://www.inaturalist.org/observations/261740757,https://inaturalist-open-data.s3.amazonaws.com/photos/470287246/medium.jpg,Галка,Coloeus monedula,Галка
261740819,research,https://www.inaturalist.org/observations/261740819,https://inaturalist-open-data.s3.amazonaws.com/photos/470287800/medium.jpg,Галка,Coloeus monedula,Галка
261745070,research,https://www.inaturalist.org/observations/261745070,https://inaturalist-open-data.s3.amazonaws.com/photos/470298635/medium.jpg,Галка,Coloeus monedula,Галка
262671376,research,https://www.inaturalist.org/observations/262671376,https://inaturalist-open-data.s3.amazonaws.com/photos/471732624/medium.jpeg,Галка,Coloeus monedula,Галка
263060501,research,https://www.inaturalist.org/observations/263060501,https://inaturalist-open-data.s3.amazonaws.com/photos/472512428/medium.jpg,Галка,Coloeus monedula,Галка
263060502,research,https://www.inaturalist.org/observations/263060502,https://inaturalist-open-data.s3.amazonaws.com/photos/472512427/medium.jpg,Галка,Coloeus monedula,Галка
263287321,research,https://www.inaturalist.org/observations/263287321,https://inaturalist-open-data.s3.amazonaws.com/photos/472963328/medium.jpg,Eurasian Jackdaw,Coloeus monedula,Галка
263407092,research,https://www.inaturalist.org/observations/263407092,https://inaturalist-open-data.s3.amazonaws.com/photos/473198984/medium.jpg,Галка,Coloeus monedula,Галка
263680915,research,https://www.inaturalist.org/observations/263680915,https://inaturalist-open-data.s3.amazonaws.com/photos/473738822/medium.jpg,Галка,Coloeus monedula,Галка
263755489,research,https://www.inaturalist.org/observations/263755489,https://inaturalist-open-data.s3.amazonaws.com/photos/473886084/medium.jpeg,Галка,Coloeus monedula,Галка
263757439,research,https://www.inaturalist.org/observations/263757439,https://inaturalist-open-data.s3.amazonaws.com/photos/473886849/medium.jpeg,Галка,Coloeus monedula,Галка
263760696,research,https://www.inaturalist.org/observations/263760696,https://inaturalist-open-data.s3.amazonaws.com/photos/473895998/medium.jpeg,Галка,Coloeus monedula,Галка
263763077,research,https://www.inaturalist.org/observations/263763077,https://inaturalist-open-data.s3.amazonaws.com/photos/473901443/medium.jpeg,Галка,Coloeus monedula,Галка
264215809,research,https://www.inaturalist.org/observations/264215809,https://inaturalist-open-data.s3.amazonaws.com/photos/474696995/medium.jpeg,Галка,Coloeus monedula,Галка
264820284,research,https://www.inaturalist.org/observations/264820284,https://inaturalist-open-data.s3.amazonaws.com/photos/475567768/medium.jpg,Галка,Coloeus monedula,Галка
265025716,research,https://www.inaturalist.org/observations/265025716,https://inaturalist-open-data.s3.amazonaws.com/photos/475964483/medium.jpg,Галка,Coloeus monedula,Галка
265315808,research,https://www.inaturalist.org/observations/265315808,https://inaturalist-open-data.s3.amazonaws.com/photos/476541297/medium.jpg,Галка,Coloeus monedula,Галка
265415079,research,https://www.inaturalist.org/observations/265415079,https://inaturalist-open-data.s3.amazonaws.com/photos/476735968/medium.jpeg,Галка,Coloeus monedula,Галка
265415542,research,https://www.inaturalist.org/observations/265415542,https://inaturalist-open-data.s3.amazonaws.com/photos/476738487/medium.jpeg,Галка,Coloeus monedula,Галка
265548783,research,https://www.inaturalist.org/observations/265548783,https://inaturalist-open-data.s3.amazonaws.com/photos/476997940/medium.jpeg,Галка,Coloeus monedula,Галка
266389816,research,https://www.inaturalist.org/observations/266389816,https://inaturalist-open-data.s3.amazonaws.com/photos/478627923/medium.jpg,Галка,Coloeus monedula,Галка
266614848,research,https://www.inaturalist.org/observations/266614848,https://inaturalist-open-data.s3.amazonaws.com/photos/479042865/medium.jpeg,Галка,Coloeus monedula,Галка
266614870,research,https://www.inaturalist.org/observations/266614870,https://inaturalist-open-data.s3.amazonaws.com/photos/479043091/medium.jpeg,Галка,Coloeus monedula,Галка
266732501,research,https://www.inaturalist.org/observations/266732501,https://inaturalist-open-data.s3.amazonaws.com/photos/479256803/medium.jpg,Галка,Coloeus monedula,Галка
266743393,research,https://www.inaturalist.org/observations/266743393,https://inaturalist-open-data.s3.amazonaws.com/photos/479277758/medium.jpeg,Галка,Coloeus monedula,Галка
267184032,research,https://www.inaturalist.org/observations/267184032,https://inaturalist-open-data.s3.amazonaws.com/photos/480125317/medium.jpg,Галка,Coloeus monedula,Галка
267689761,research,https://www.inaturalist.org/observations/267689761,https://static.inaturalist.org/photos/481094809/medium.jpeg,Галка,Coloeus monedula,Галка
267689769,research,https://www.inaturalist.org/observations/267689769,https://static.inaturalist.org/photos/481094874/medium.jpeg,Галка,Coloeus monedula,Галка
267689782,research,https://www.inaturalist.org/observations/267689782,https://static.inaturalist.org/photos/481094929/medium.jpeg,Галка,Coloeus monedula,Галка
267689809,research,https://www.inaturalist.org/observations/267689809,https://static.inaturalist.org/photos/481095073/medium.jpeg,Галка,Coloeus monedula,Галка
267689816,research,https://www.inaturalist.org/observations/267689816,https://static.inaturalist.org/photos/481095136/medium.jpeg,Галка,Coloeus monedula,Галка
268054647,research,https://www.inaturalist.org/observations/268054647,https://inaturalist-open-data.s3.amazonaws.com/photos/481785864/medium.jpeg,Галка,Coloeus monedula,Галка
268251782,research,https://www.inaturalist.org/observations/268251782,https://inaturalist-open-data.s3.amazonaws.com/photos/482158534/medium.jpeg,Галка,Coloeus monedula,Галка
268339333,research,https://www.inaturalist.org/observations/268339333,https://inaturalist-open-data.s3.amazonaws.com/photos/482330452/medium.jpeg,Галка,Coloeus monedula,Галка
268430082,research,https://www.inaturalist.org/observations/268430082,https://inaturalist-open-data.s3.amazonaws.com/photos/482500732/medium.jpeg,Галка,Coloeus monedula,Галка
268443120,research,https://www.inaturalist.org/observations/268443120,https://inaturalist-open-data.s3.amazonaws.com/photos/482525003/medium.jpg,Галка,Coloeus monedula,Галка
268443669,research,https://www.inaturalist.org/observations/268443669,https://inaturalist-open-data.s3.amazonaws.com/photos/482522344/medium.jpg,Галка,Coloeus monedula,Галка
268510668,research,https://www.inaturalist.org/observations/268510668,https://inaturalist-open-data.s3.amazonaws.com/photos/482662049/medium.jpeg,Галка,Coloeus monedula,Галка
268603297,research,https://www.inaturalist.org/observations/268603297,https://inaturalist-open-data.s3.amazonaws.com/photos/482832659/medium.jpg,Галка,Coloeus monedula,Галка
268625552,research,https://www.inaturalist.org/observations/268625552,https://inaturalist-open-data.s3.amazonaws.com/photos/482876656/medium.jpeg,Галка,Coloeus monedula,Галка
268991624,research,https://www.inaturalist.org/observations/268991624,https://inaturalist-open-data.s3.amazonaws.com/photos/483577783/medium.jpg,Галка,Coloeus monedula,Галка
268991633,research,https://www.inaturalist.org/observations/268991633,https://inaturalist-open-data.s3.amazonaws.com/photos/483578067/medium.jpg,Галка,Coloeus monedula,Галка
268997906,research,https://www.inaturalist.org/observations/268997906,https://inaturalist-open-data.s3.amazonaws.com/photos/483591636/medium.jpg,Галка,Coloeus monedula,Галка
268997908,research,https://www.inaturalist.org/observations/268997908,https://inaturalist-open-data.s3.amazonaws.com/photos/483591771/medium.jpg,Галка,Coloeus monedula,Галка
269617414,research,https://www.inaturalist.org/observations/269617414,https://inaturalist-open-data.s3.amazonaws.com/photos/484794610/medium.jpg,Галка,Coloeus monedula,Галка
270161047,research,https://www.inaturalist.org/observations/270161047,https://inaturalist-open-data.s3.amazonaws.com/photos/485830474/medium.jpg,Галка,Coloeus monedula,Галка
270431601,research,https://www.inaturalist.org/observations/270431601,https://inaturalist-open-data.s3.amazonaws.com/photos/486350220/medium.jpeg,Галка,Coloeus monedula,Галка
270431756,research,https://www.inaturalist.org/observations/270431756,https://inaturalist-open-data.s3.amazonaws.com/photos/486350511/medium.jpeg,Галка,Coloeus monedula,Галка
270432027,research,https://www.inaturalist.org/observations/270432027,https://inaturalist-open-data.s3.amazonaws.com/photos/486351040/medium.jpeg,Галка,Coloeus monedula,Галка
270432420,research,https://www.inaturalist.org/observations/270432420,https://inaturalist-open-data.s3.amazonaws.com/photos/486351640/medium.jpeg,Галка,Coloeus monedula,Галка
270439169,research,https://www.inaturalist.org/observations/270439169,https://inaturalist-open-data.s3.amazonaws.com/photos/486364109/medium.jpeg,Галка,Coloeus monedula,Галка
270495938,research,https://www.inaturalist.org/observations/270495938,https://inaturalist-open-data.s3.amazonaws.com/photos/486467526/medium.jpg,Галка,Coloeus monedula,Галка
270520502,research,https://www.inaturalist.org/observations/270520502,https://inaturalist-open-data.s3.amazonaws.com/photos/486511821/medium.jpg,Галка,Coloeus monedula,Галка
271234025,research,https://www.inaturalist.org/observations/271234025,https://inaturalist-open-data.s3.amazonaws.com/photos/487871936/medium.jpeg,Галка,Coloeus monedula,Галка
271729280,research,https://www.inaturalist.org/observations/271729280,https://inaturalist-open-data.s3.amazonaws.com/photos/488804705/medium.jpeg,Eurasian Jackdaw,Coloeus monedula,Галка
271759089,research,https://www.inaturalist.org/observations/271759089,https://inaturalist-open-data.s3.amazonaws.com/photos/488859844/medium.jpg,Галка,Coloeus monedula,Галка
272132961,research,https://www.inaturalist.org/observations/272132961,https://inaturalist-open-data.s3.amazonaws.com/photos/489575610/medium.jpeg,Галка,Coloeus monedula,Галка
272450703,research,https://www.inaturalist.org/observations/272450703,https://inaturalist-open-data.s3.amazonaws.com/photos/490166087/medium.jpg,Галка,Coloeus monedula,Галка
272734184,research,https://www.inaturalist.org/observations/272734184,https://inaturalist-open-data.s3.amazonaws.com/photos/490678269/medium.jpeg,Галка,Coloeus monedula,Галка
272734403,research,https://www.inaturalist.org/observations/272734403,https://inaturalist-open-data.s3.amazonaws.com/photos/490678598/medium.jpeg,Галка,Coloeus monedula,Галка
274054234,research,https://www.inaturalist.org/observations/274054234,https://static.inaturalist.org/photos/492736875/medium.jpeg,Галка,Coloeus monedula,Галка
274905387,research,https://www.inaturalist.org/observations/274905387,https://inaturalist-open-data.s3.amazonaws.com/photos/494099073/medium.jpeg,Галка,Coloeus monedula,Галка
276711868,research,https://www.inaturalist.org/observations/276711868,https://inaturalist-open-data.s3.amazonaws.com/photos/496892949/medium.jpeg,Галка,Coloeus monedula,Галка
279555265,research,https://www.inaturalist.org/observations/279555265,https://inaturalist-open-data.s3.amazonaws.com/photos/501981856/medium.jpeg,Галка,Coloeus monedula,Галка
279931149,research,https://www.inaturalist.org/observations/279931149,https://inaturalist-open-data.s3.amazonaws.com/photos/502724542/medium.jpeg,Галка,Coloeus monedula,Галка
281349441,research,https://www.inaturalist.org/observations/281349441,https://inaturalist-open-data.s3.amazonaws.com/photos/505763082/medium.jpg,Галка,Coloeus monedula,Галка
281507039,research,https://www.inaturalist.org/observations/281507039,https://inaturalist-open-data.s3.amazonaws.com/photos/505697148/medium.jpg,Галка,Coloeus monedula,Галка
281517867,research,https://www.inaturalist.org/observations/281517867,https://inaturalist-open-data.s3.amazonaws.com/photos/505707669/medium.jpg,Галка,Coloeus monedula,Галка
281871682,research,https://www.inaturalist.org/observations/281871682,https://inaturalist-open-data.s3.amazonaws.com/photos/506369730/medium.jpg,Галка,Coloeus monedula,Галка
283185898,research,https://www.inaturalist.org/observations/283185898,https://inaturalist-open-data.s3.amazonaws.com/photos/508818454/medium.jpg,Галка,Coloeus monedula,Галка
283339424,research,https://www.inaturalist.org/observations/283339424,https://static.inaturalist.org/photos/509113416/medium.jpg,Галка,Coloeus monedula,Галка
284887742,research,https://www.inaturalist.org/observations/284887742,https://static.inaturalist.org/photos/512031127/medium.jpg,Галка,Coloeus monedula,Галка
285011825,research,https://www.inaturalist.org/observations/285011825,https://inaturalist-open-data.s3.amazonaws.com/photos/512271625/medium.jpg,Галка,Coloeus monedula,Галка
285049372,research,https://www.inaturalist.org/observations/285049372,https://static.inaturalist.org/photos/512338692/medium.jpg,Галка,Coloeus monedula,Галка
285295394,research,https://www.inaturalist.org/observations/285295394,https://inaturalist-open-data.s3.amazonaws.com/photos/512802707/medium.jpg,Галка,Coloeus monedula,Галка
286187426,research,https://www.inaturalist.org/observations/286187426,https://inaturalist-open-data.s3.amazonaws.com/photos/514470348/medium.jpg,Галка,Coloeus monedula,Галка
286535952,research,https://www.inaturalist.org/observations/286535952,https://inaturalist-open-data.s3.amazonaws.com/photos/515130852/medium.jpg,Галка,Coloeus monedula,Галка
286597059,research,https://www.inaturalist.org/observations/286597059,https://inaturalist-open-data.s3.amazonaws.com/photos/515241955/medium.jpg,Галка,Coloeus monedula,Галка
286649772,research,https://www.inaturalist.org/observations/286649772,https://inaturalist-open-data.s3.amazonaws.com/photos/515343484/medium.jpg,Галка,Coloeus monedula,Галка
288557320,research,https://www.inaturalist.org/observations/288557320,https://inaturalist-open-data.s3.amazonaws.com/photos/518938204/medium.jpg,Галка,Coloeus monedula,Галка
292900279,research,https://www.inaturalist.org/observations/292900279,https://inaturalist-open-data.s3.amazonaws.com/photos/527131777/medium.jpg,Галка,Coloeus monedula,Галка
293859205,research,https://www.inaturalist.org/observations/293859205,https://inaturalist-open-data.s3.amazonaws.com/photos/528881543/medium.jpg,Галка,Coloeus monedula,Галка
294068082,research,https://www.inaturalist.org/observations/294068082,https://inaturalist-open-data.s3.amazonaws.com/photos/529277310/medium.jpg,Галка,Coloeus monedula,Галка
294591239,research,https://www.inaturalist.org/observations/294591239,https://static.inaturalist.org/photos/530257359/medium.jpg,Галка,Coloeus monedula,Галка
294973641,research,https://www.inaturalist.org/observations/294973641,https://inaturalist-open-data.s3.amazonaws.com/photos/530978897/medium.jpg,Галка,Coloeus monedula,Галка
294975289,research,https://www.inaturalist.org/observations/294975289,https://inaturalist-open-data.s3.amazonaws.com/photos/530982346/medium.jpg,Галка,Coloeus monedula,Галка
296113891,research,https://www.inaturalist.org/observations/296113891,https://inaturalist-open-data.s3.amazonaws.com/photos/533150479/medium.jpg,Галка,Coloeus monedula,Галка
297041635,research,https://www.inaturalist.org/observations/297041635,https://inaturalist-open-data.s3.amazonaws.com/photos/534917030/medium.jpg,Галка,Coloeus monedula,Галка
298769736,research,https://www.inaturalist.org/observations/298769736,https://inaturalist-open-data.s3.amazonaws.com/photos/538200211/medium.jpg,Галка,Coloeus monedula,Галка
299644953,research,https://www.inaturalist.org/observations/299644953,https://inaturalist-open-data.s3.amazonaws.com/photos/539831189/medium.jpg,Галка,Coloeus monedula,Галка
299681886,research,https://www.inaturalist.org/observations/299681886,https://inaturalist-open-data.s3.amazonaws.com/photos/539909384/medium.jpg,Галка,Coloeus monedula,Галка
300400794,needs_id,https://www.inaturalist.org/observations/300400794,https://inaturalist-open-data.s3.amazonaws.com/photos/541259873/medium.jpg,Галка,Coloeus monedula,Галка
300747972,research,https://www.inaturalist.org/observations/300747972,https://inaturalist-open-data.s3.amazonaws.com/photos/541898961/medium.jpg,Галка,Coloeus monedula,Галка
301925164,research,https://www.inaturalist.org/observations/301925164,https://inaturalist-open-data.s3.amazonaws.com/photos/544095853/medium.jpg,Галка,Coloeus monedula,Галка
302397666,research,https://www.inaturalist.org/observations/302397666,https://inaturalist-open-data.s3.amazonaws.com/photos/544981521/medium.jpg,Галка,Coloeus monedula,Галка
302478099,research,https://www.inaturalist.org/observations/302478099,https://inaturalist-open-data.s3.amazonaws.com/photos/545124564/medium.jpg,Галка,Coloeus monedula,Галка
302923841,research,https://www.inaturalist.org/observations/302923841,https://inaturalist-open-data.s3.amazonaws.com/photos/545950683/medium.jpg,Галка,Coloeus monedula,Галка
303401632,research,https://www.inaturalist.org/observations/303401632,https://inaturalist-open-data.s3.amazonaws.com/photos/546851144/medium.jpg,Галка,Coloeus monedula,Галка
304009091,research,https://www.inaturalist.org/observations/304009091,https://inaturalist-open-data.s3.amazonaws.com/photos/548002511/medium.jpg,Галка,Coloeus monedula,Галка
304290018,research,https://www.inaturalist.org/observations/304290018,https://inaturalist-open-data.s3.amazonaws.com/photos/548532499/medium.jpg,Галка,Coloeus monedula,Галка
304775252,research,https://www.inaturalist.org/observations/304775252,https://inaturalist-open-data.s3.amazonaws.com/photos/549460200/medium.jpg,Галка,Coloeus monedula,Галка
304814007,research,https://www.inaturalist.org/observations/304814007,https://inaturalist-open-data.s3.amazonaws.com/photos/549531134/medium.jpg,Галка,Coloeus monedula,Галка
304820734,research,https://www.inaturalist.org/observations/304820734,https://inaturalist-open-data.s3.amazonaws.com/photos/549546750/medium.jpg,Галка,Coloeus monedula,Галка
305277713,research,https://www.inaturalist.org/observations/305277713,https://inaturalist-open-data.s3.amazonaws.com/photos/550406865/medium.jpg,Галка,Coloeus monedula,Галка
305281774,research,https://www.inaturalist.org/observations/305281774,https://static.inaturalist.org/photos/550402959/medium.jpg,Галка,Coloeus monedula,Галка
305281796,research,https://www.inaturalist.org/observations/305281796,https://static.inaturalist.org/photos/550403089/medium.jpg,Галка,Coloeus monedula,Галка
305281799,research,https://www.inaturalist.org/observations/305281799,https://static.inaturalist.org/photos/550403122/medium.jpg,Галка,Coloeus monedula,Галка
306144189,research,https://www.inaturalist.org/observations/306144189,https://inaturalist-open-data.s3.amazonaws.com/photos/552058104/medium.jpg,Галка,Coloeus monedula,Галка
306182472,research,https://www.inaturalist.org/observations/306182472,https://inaturalist-open-data.s3.amazonaws.com/photos/552135173/medium.jpg,Галка,Coloeus monedula,Галка
306184851,research,https://www.inaturalist.org/observations/306184851,https://inaturalist-open-data.s3.amazonaws.com/photos/552139390/medium.jpg,Галка,Coloeus monedula,Галка
306955096,research,https://www.inaturalist.org/observations/306955096,https://inaturalist-open-data.s3.amazonaws.com/photos/553597061/medium.jpg,Галка,Coloeus monedula,Галка
306984350,research,https://www.inaturalist.org/observations/306984350,https://static.inaturalist.org/photos/553659113/medium.jpg,Eurasian Jackdaw,Coloeus monedula,Галка
307353910,research,https://www.inaturalist.org/observations/307353910,https://inaturalist-open-data.s3.amazonaws.com/photos/554370670/medium.jpg,Галка,Coloeus monedula,Галка
307650885,needs_id,https://www.inaturalist.org/observations/307650885,https://inaturalist-open-data.s3.amazonaws.com/photos/554947804/medium.jpg,Галка,Coloeus monedula,Галка
307753594,research,https://www.inaturalist.org/observations/307753594,https://inaturalist-open-data.s3.amazonaws.com/photos/555145323/medium.jpg,Галка,Coloeus monedula,Галка
307981435,research,https://www.inaturalist.org/observations/307981435,https://inaturalist-open-data.s3.amazonaws.com/photos/555588126/medium.jpg,Галка,Coloeus monedula,Галка
308226151,research,https://www.inaturalist.org/observations/308226151,https://inaturalist-open-data.s3.amazonaws.com/photos/556058237/medium.jpg,Галка,Coloeus monedula,Галка
308229654,research,https://www.inaturalist.org/observations/308229654,https://inaturalist-open-data.s3.amazonaws.com/photos/556064253/medium.jpg,Галка,Coloeus monedula,Галка
308676417,research,https://www.inaturalist.org/observations/308676417,https://inaturalist-open-data.s3.amazonaws.com/photos/556920036/medium.jpg,Галка,Coloeus monedula,Галка
310380555,research,https://www.inaturalist.org/observations/310380555,https://inaturalist-open-data.s3.amazonaws.com/photos/560175011/medium.jpg,Галка,Coloeus monedula,Галка
310380734,research,https://www.inaturalist.org/observations/310380734,https://inaturalist-open-data.s3.amazonaws.com/photos/560175194/medium.jpg,Галка,Coloeus monedula,Галка
310702006,research,https://www.inaturalist.org/observations/310702006,https://inaturalist-open-data.s3.amazonaws.com/photos/560789438/medium.jpg,Галка,Coloeus monedula,Галка
310714558,research,https://www.inaturalist.org/observations/310714558,https://inaturalist-open-data.s3.amazonaws.com/photos/560814830/medium.jpg,Галка,Coloeus monedula,Галка
310996220,research,https://www.inaturalist.org/observations/310996220,https://inaturalist-open-data.s3.amazonaws.com/photos/561355324/medium.jpg,Галка,Coloeus monedula,Галка
311457678,research,https://www.inaturalist.org/observations/311457678,https://inaturalist-open-data.s3.amazonaws.com/photos/562244333/medium.jpg,Галка,Coloeus monedula,Галка
312435218,research,https://www.inaturalist.org/observations/312435218,https://inaturalist-open-data.s3.amazonaws.com/photos/564099550/medium.jpg,Галка,Coloeus monedula,Галка
313161405,research,https://www.inaturalist.org/observations/313161405,https://inaturalist-open-data.s3.amazonaws.com/photos/565495213/medium.jpg,Eurasian Jackdaw,Coloeus monedula,Галка
313528094,research,https://www.inaturalist.org/observations/313528094,https://inaturalist-open-data.s3.amazonaws.com/photos/566203449/medium.jpg,Галка,Coloeus monedula,Галка
313795218,research,https://www.inaturalist.org/observations/313795218,https://inaturalist-open-data.s3.amazonaws.com/photos/566706579/medium.jpg,Галка,Coloeus monedula,Галка
315135398,research,https://www.inaturalist.org/observations/315135398,https://inaturalist-open-data.s3.amazonaws.com/photos/569260857/medium.jpg,Галка,Coloeus monedula,Галка
316499870,research,https://www.inaturalist.org/observations/316499870,https://inaturalist-open-data.s3.amazonaws.com/photos/571838248/medium.jpg,Eurasian Jackdaw,Coloeus monedula,Галка
317620340,research,https://www.inaturalist.org/observations/317620340,https://inaturalist-open-data.s3.amazonaws.com/photos/573955481/medium.jpg,Галка,Coloeus monedula,Галка
319612031,research,https://www.inaturalist.org/observations/319612031,https://inaturalist-open-data.s3.amazonaws.com/photos/577763406/medium.jpg,Галка,Coloeus monedula,Галка
319716241,research,https://www.inaturalist.org/observations/319716241,https://static.inaturalist.org/photos/577970661/medium.jpg,Галка,Coloeus monedula,Галка
320005290,research,https://www.inaturalist.org/observations/320005290,https://inaturalist-open-data.s3.amazonaws.com/photos/578517286/medium.jpg,Галка,Coloeus monedula,Галка
320006812,research,https://www.inaturalist.org/observations/320006812,https://inaturalist-open-data.s3.amazonaws.com/photos/578520072/medium.jpg,Галка,Coloeus monedula,Галка
320116391,research,https://www.inaturalist.org/observations/320116391,https://inaturalist-open-data.s3.amazonaws.com/photos/578738718/medium.jpg,Галка,Coloeus monedula,Галка
320124080,research,https://www.inaturalist.org/observations/320124080,https://static.inaturalist.org/photos/578753874/medium.jpg,Галка,Coloeus monedula,Галка
320822676,needs_id,https://www.inaturalist.org/observations/320822676,https://static.inaturalist.org/photos/580119749/medium.jpg,Галка,Coloeus monedula,Галка
321462256,research,https://www.inaturalist.org/observations/321462256,https://inaturalist-open-data.s3.amazonaws.com/photos/581374292/medium.jpg,Галка,Coloeus monedula,Галка
321671163,research,https://www.inaturalist.org/observations/321671163,https://static.inaturalist.org/photos/581771915/medium.jpg,Галка,Coloeus monedula,Галка
322530730,research,https://www.inaturalist.org/observations/322530730,https://inaturalist-open-data.s3.amazonaws.com/photos/583485142/medium.jpg,Галка,Coloeus monedula,Галка
322990987,research,https://www.inaturalist.org/observations/322990987,https://inaturalist-open-data.s3.amazonaws.com/photos/584386409/medium.jpg,Галка,Coloeus monedula,Галка
323171278,research,https://www.inaturalist.org/observations/323171278,https://inaturalist-open-data.s3.amazonaws.com/photos/584744611/medium.jpg,Галка,Coloeus monedula,Галка
323235489,research,https://www.inaturalist.org/observations/323235489,https://inaturalist-open-data.s3.amazonaws.com/photos/584861008/medium.jpg,Галка,Coloeus monedula,Галка
323692765,research,https://www.inaturalist.org/observations/323692765,https://inaturalist-open-data.s3.amazonaws.com/photos/585742338/medium.jpg,Галка,Coloeus monedula,Галка
323695361,research,https://www.inaturalist.org/observations/323695361,https://inaturalist-open-data.s3.amazonaws.com/photos/585747369/medium.jpg,Галка,Coloeus monedula,Галка
323989393,research,https://www.inaturalist.org/observations/323989393,https://inaturalist-open-data.s3.amazonaws.com/photos/586324984/medium.jpg,Галка,Coloeus monedula,Галка
324338404,research,https://www.inaturalist.org/observations/324338404,https://inaturalist-open-data.s3.amazonaws.com/photos/587015941/medium.jpg,Галка,Coloeus monedula,Галка
325375780,research,https://www.inaturalist.org/observations/325375780,https://inaturalist-open-data.s3.amazonaws.com/photos/589098831/medium.jpg,Галка,Coloeus monedula,Галка
325384686,research,https://www.inaturalist.org/observations/325384686,https://inaturalist-open-data.s3.amazonaws.com/photos/589118548/medium.jpg,Галка,Coloeus monedula,Галка
325467633,research,https://www.inaturalist.org/observations/325467633,https://static.inaturalist.org/photos/589286734/medium.jpg,Eurasian Jackdaw,Coloeus monedula,Галка
325493268,research,https://www.inaturalist.org/observations/325493268,https://inaturalist-open-data.s3.amazonaws.com/photos/589337864/medium.jpg,Галка,Coloeus monedula,Галка
325693769,research,https://www.inaturalist.org/observations/325693769,https://inaturalist-open-data.s3.amazonaws.com/photos/589733863/medium.jpg,Галка,Coloeus monedula,Галка
326045009,research,https://www.inaturalist.org/observations/326045009,https://inaturalist-open-data.s3.amazonaws.com/photos/590432254/medium.jpg,Галка,Coloeus monedula,Галка
326047099,research,https://www.inaturalist.org/observations/326047099,https://inaturalist-open-data.s3.amazonaws.com/photos/590436406/medium.jpg,Галка,Coloeus monedula,Галка
326180761,research,https://www.inaturalist.org/observations/326180761,https://inaturalist-open-data.s3.amazonaws.com/photos/590709254/medium.jpg,Галка,Coloeus monedula,Галка
326253893,research,https://www.inaturalist.org/observations/326253893,https://inaturalist-open-data.s3.amazonaws.com/photos/590849559/medium.jpg,Галка,Coloeus monedula,Галка
326649438,research,https://www.inaturalist.org/observations/326649438,https://inaturalist-open-data.s3.amazonaws.com/photos/591637411/medium.jpg,Галка,Coloeus monedula,Галка
326766891,research,https://www.inaturalist.org/observations/326766891,https://static.inaturalist.org/photos/591876685/medium.jpg,Coloeus monedula,Coloeus monedula,Галка
326999427,research,https://www.inaturalist.org/observations/326999427,https://inaturalist-open-data.s3.amazonaws.com/photos/592337587/medium.jpg,Галка,Coloeus monedula,Галка
327104829,research,https://www.inaturalist.org/observations/327104829,https://inaturalist-open-data.s3.amazonaws.com/photos/592545290/medium.jpg,Галка,Coloeus monedula,Галка
327105990,research,https://www.inaturalist.org/observations/327105990,https://inaturalist-open-data.s3.amazonaws.com/photos/592547672/medium.jpg,Галка,Coloeus monedula,Галка
327108435,research,https://www.inaturalist.org/observations/327108435,https://inaturalist-open-data.s3.amazonaws.com/photos/592552037/medium.jpg,Галка,Coloeus monedula,Галка
327264321,research,https://www.inaturalist.org/observations/327264321,https://inaturalist-open-data.s3.amazonaws.com/photos/592861641/medium.jpg,Галка,Coloeus monedula,Галка
327402505,research,https://www.inaturalist.org/observations/327402505,https://inaturalist-open-data.s3.amazonaws.com/photos/593141739/medium.jpg,Галка,Coloeus monedula,Галка
327520080,research,https://www.inaturalist.org/observations/327520080,https://inaturalist-open-data.s3.amazonaws.com/photos/593375047/medium.jpg,Галка,Coloeus monedula,Галка
327638466,research,https://www.inaturalist.org/observations/327638466,https://static.inaturalist.org/photos/593608294/medium.jpg,Галка,Coloeus monedula,Галка
327657195,research,https://www.inaturalist.org/observations/327657195,https://inaturalist-open-data.s3.amazonaws.com/photos/593645351/medium.jpg,Галка,Coloeus monedula,Галка
327725722,research,https://www.inaturalist.org/observations/327725722,https://inaturalist-open-data.s3.amazonaws.com/photos/593770525/medium.jpg,Галка,Coloeus monedula,Галка
327819788,research,https://www.inaturalist.org/observations/327819788,https://static.inaturalist.org/photos/593952770/medium.jpg,Галка,Coloeus monedula,Галка
327831592,research,https://www.inaturalist.org/observations/327831592,https://inaturalist-open-data.s3.amazonaws.com/photos/593975337/medium.jpg,Галка,Coloeus monedula,Галка
327866704,research,https://www.inaturalist.org/observations/327866704,https://inaturalist-open-data.s3.amazonaws.com/photos/594040625/medium.jpg,Галка,Coloeus monedula,Галка
328192012,research,https://www.inaturalist.org/observations/328192012,https://inaturalist-open-data.s3.amazonaws.com/photos/594657619/medium.jpg,Галка,Coloeus monedula,Галка
328296991,research,https://www.inaturalist.org/observations/328296991,https://inaturalist-open-data.s3.amazonaws.com/photos/594867677/medium.jpg,Галка,Coloeus monedula,Галка
328381911,research,https://www.inaturalist.org/observations/328381911,https://inaturalist-open-data.s3.amazonaws.com/photos/595035659/medium.jpg,Галка,Coloeus monedula,Галка
328743401,research,https://www.inaturalist.org/observations/328743401,https://inaturalist-open-data.s3.amazonaws.com/photos/595773655/medium.jpg,Галка,Coloeus monedula,Галка
328744040,research,https://www.inaturalist.org/observations/328744040,https://inaturalist-open-data.s3.amazonaws.com/photos/595775107/medium.jpg,Галка,Coloeus monedula,Галка
328785940,research,https://www.inaturalist.org/observations/328785940,https://inaturalist-open-data.s3.amazonaws.com/photos/595856398/medium.jpg,Галка,Coloeus monedula,Галка
328949801,research,https://www.inaturalist.org/observations/328949801,https://inaturalist-open-data.s3.amazonaws.com/photos/596187596/medium.jpg,Галка,Coloeus monedula,Галка
329023550,research,https://www.inaturalist.org/observations/329023550,https://inaturalist-open-data.s3.amazonaws.com/photos/596334135/medium.jpg,Галка,Coloeus monedula,Галка
329067776,research,https://www.inaturalist.org/observations/329067776,https://inaturalist-open-data.s3.amazonaws.com/photos/596422114/medium.jpg,Галка,Coloeus monedula,Галка
329352000,research,https://www.inaturalist.org/observations/329352000,https://static.inaturalist.org/photos/596991319/medium.jpg,Галка,Coloeus monedula,Галка
329357201,research,https://www.inaturalist.org/observations/329357201,https://static.inaturalist.org/photos/597002488/medium.jpg,Галка,Coloeus monedula,Галка
329357203,research,https://www.inaturalist.org/observations/329357203,https://static.inaturalist.org/photos/597002506/medium.jpg,Галка,Coloeus monedula,Галка
329566855,research,https://www.inaturalist.org/observations/329566855,https://inaturalist-open-data.s3.amazonaws.com/photos/597426236/medium.jpg,Галка,Coloeus monedula,Галка
329574122,research,https://www.inaturalist.org/observations/329574122,https://inaturalist-open-data.s3.amazonaws.com/photos/597439568/medium.jpg,Галка,Coloeus monedula,Галка
329577101,research,https://www.inaturalist.org/observations/329577101,https://inaturalist-open-data.s3.amazonaws.com/photos/597445651/medium.jpg,Галка,Coloeus monedula,Галка
329577119,research,https://www.inaturalist.org/observations/329577119,https://inaturalist-open-data.s3.amazonaws.com/photos/597445741/medium.jpg,Галка,Coloeus monedula,Галка
329691670,research,https://www.inaturalist.org/observations/329691670,https://inaturalist-open-data.s3.amazonaws.com/photos/597677216/medium.jpg,Галка,Coloeus monedula,Галка
329694690,research,https://www.inaturalist.org/observations/329694690,https://static.inaturalist.org/photos/597683215/medium.jpg,Галка,Coloeus monedula,Галка
329719747,research,https://www.inaturalist.org/observations/329719747,https://inaturalist-open-data.s3.amazonaws.com/photos/597730723/medium.jpg,Галка,Coloeus monedula,Галка
329824586,research,https://www.inaturalist.org/observations/329824586,https://inaturalist-open-data.s3.amazonaws.com/photos/597944911/medium.jpg,Галка,Coloeus monedula,Галка
329826810,research,https://www.inaturalist.org/observations/329826810,https://inaturalist-open-data.s3.amazonaws.com/photos/597950174/medium.jpg,Галка,Coloeus monedula,Галка
329879728,research,https://www.inaturalist.org/observations/329879728,https://inaturalist-open-data.s3.amazonaws.com/photos/598056517/medium.jpg,Галка,Coloeus monedula,Галка
329945183,research,https://www.inaturalist.org/observations/329945183,https://inaturalist-open-data.s3.amazonaws.com/photos/598192097/medium.jpg,Галка,Coloeus monedula,Галка
330099582,research,https://www.inaturalist.org/observations/330099582,https://inaturalist-open-data.s3.amazonaws.com/photos/598505873/medium.jpg,Галка,Coloeus monedula,Галка
330335836,research,https://www.inaturalist.org/observations/330335836,https://inaturalist-open-data.s3.amazonaws.com/photos/598985306/medium.jpg,Галка,Coloeus monedula,Галка
330443312,research,https://www.inaturalist.org/observations/330443312,https://inaturalist-open-data.s3.amazonaws.com/photos/599206684/medium.jpg,Eurasian Jackdaw,Coloeus monedula,Галка
330460639,research,https://www.inaturalist.org/observations/330460639,https://inaturalist-open-data.s3.amazonaws.com/photos/599241642/medium.jpg,Галка,Coloeus monedula,Галка
330488931,research,https://www.inaturalist.org/observations/330488931,https://inaturalist-open-data.s3.amazonaws.com/photos/599299919/medium.jpg,Галка,Coloeus monedula,Галка
330708567,research,https://www.inaturalist.org/observations/330708567,https://inaturalist-open-data.s3.amazonaws.com/photos/599758833/medium.jpg,Галка,Coloeus monedula,Галка
330737746,research,https://www.inaturalist.org/observations/330737746,https://inaturalist-open-data.s3.amazonaws.com/photos/599818490/medium.jpg,Галка,Coloeus monedula,Галка
330826819,research,https://www.inaturalist.org/observations/330826819,https://inaturalist-open-data.s3.amazonaws.com/photos/599998689/medium.jpg,Eurasian Jackdaw,Coloeus monedula,Галка
330850653,research,https://www.inaturalist.org/observations/330850653,https://inaturalist-open-data.s3.amazonaws.com/photos/600046151/medium.jpg,Галка,Coloeus monedula,Галка
330853627,research,https://www.inaturalist.org/observations/330853627,https://inaturalist-open-data.s3.amazonaws.com/photos/600052993/medium.jpg,Галка,Coloeus monedula,Галка
330988710,research,https://www.inaturalist.org/observations/330988710,https://inaturalist-open-data.s3.amazonaws.com/photos/600337251/medium.jpg,Галка,Coloeus monedula,Галка
330989830,research,https://www.inaturalist.org/observations/330989830,https://inaturalist-open-data.s3.amazonaws.com/photos/600338626/medium.jpg,Галка,Coloeus monedula,Галка
331009665,research,https://www.inaturalist.org/observations/331009665,https://inaturalist-open-data.s3.amazonaws.com/photos/600379898/medium.jpg,Галка,Coloeus monedula,Галка
331190358,research,https://www.inaturalist.org/observations/331190358,https://inaturalist-open-data.s3.amazonaws.com/photos/600748174/medium.jpg,Галка,Coloeus monedula,Галка
331192057,research,https://www.inaturalist.org/observations/331192057,https://inaturalist-open-data.s3.amazonaws.com/photos/600752090/medium.jpg,Галка,Coloeus monedula,Галка
331208232,research,https://www.inaturalist.org/observations/331208232,https://inaturalist-open-data.s3.amazonaws.com/photos/600785528/medium.jpg,Галка,Coloeus monedula,Галка
331303600,research,https://www.inaturalist.org/observations/331303600,https://inaturalist-open-data.s3.amazonaws.com/photos/600986417/medium.jpg,Галка,Coloeus monedula,Галка
331334354,research,https://www.inaturalist.org/observations/331334354,https://inaturalist-open-data.s3.amazonaws.com/photos/601048244/medium.jpg,Eurasian Jackdaw,Coloeus monedula,Галка
331403602,research,https://www.inaturalist.org/observations/331403602,https://static.inaturalist.org/photos/601189117/medium.jpg,Галка,Coloeus monedula,Галка
331403604,research,https://www.inaturalist.org/observations/331403604,https://static.inaturalist.org/photos/601189131/medium.jpg,Галка,Coloeus monedula,Галка
331403607,research,https://www.inaturalist.org/observations/331403607,https://static.inaturalist.org/photos/601189141/medium.jpg,Галка,Coloeus monedula,Галка
331403617,research,https://www.inaturalist.org/observations/331403617,https://static.inaturalist.org/photos/601189170/medium.jpg,Галка,Coloeus monedula,Галка
331403825,research,https://www.inaturalist.org/observations/331403825,https://static.inaturalist.org/photos/601189804/medium.jpg,Галка,Coloeus monedula,Галка
331403828,research,https://www.inaturalist.org/observations/331403828,https://static.inaturalist.org/photos/601189811/medium.jpg,Галка,Coloeus monedula,Галка
331418445,research,https://www.inaturalist.org/observations/331418445,https://inaturalist-open-data.s3.amazonaws.com/photos/601222013/medium.jpg,Галка,Coloeus monedula,Галка
331418699,research,https://www.inaturalist.org/observations/331418699,https://inaturalist-open-data.s3.amazonaws.com/photos/601222578/medium.jpg,Галка,Coloeus monedula,Галка
