id,quality_grade,url,image_url,species_guess,scientific_name,common_name
9353836,research,https://www.inaturalist.org/observations/9353836,https://static.inaturalist.org/photos/12697102/medium.jpg,Feral Pigeon,Columba livia domestica,Домашний голубь
12293213,research,https://www.inaturalist.org/observations/12293213,https://static.inaturalist.org/photos/17684724/medium.jpg,Gołąb miejski,Columba livia domestica,Домашний голубь
12983522,research,https://www.inaturalist.org/observations/12983522,https://static.inaturalist.org/photos/18881481/medium.jpg,Feral Pigeon,Columba livia domestica,Домашний голубь
21000173,research,https://www.inaturalist.org/observations/21000173,https://inaturalist-open-data.s3.amazonaws.com/photos/32433671/medium.jpeg,Домашний голубь,Columba livia domestica,Домашний голубь
22368345,research,https://www.inaturalist.org/observations/22368345,https://inaturalist-open-data.s3.amazonaws.com/photos/34644692/medium.jpg,Feral Pigeon,Columba livia domestica,Домашний голубь
23898630,research,https://www.inaturalist.org/observations/23898630,https://static.inaturalist.org/photos/36975077/medium.jpg,Gołąb miejski,Columba livia domestica,Домашний голубь
24507124,research,https://www.inaturalist.org/observations/24507124,https://inaturalist-open-data.s3.amazonaws.com/photos/37896405/medium.jpg,Colombo domestico,Columba livia domestica,Домашний голубь
25933917,research,https://www.inaturalist.org/observations/25933917,https://static.inaturalist.org/photos/40225749/medium.jpg,Haustaube,Columba livia domestica,Домашний голубь
26091016,research,https://www.inaturalist.org/observations/26091016,https://inaturalist-open-data.s3.amazonaws.com/photos/40482281/medium.jpeg,Feral Pigeon,Columba livia domestica,Домашний голубь
27706532,research,https://www.inaturalist.org/observations/27706532,https://static.inaturalist.org/photos/43137756/medium.jpeg,Feral Pigeon,Columba livia domestica,Домашний голубь
27862164,research,https://www.inaturalist.org/observations/27862164,https://static.inaturalist.org/photos/43394417/medium.jpeg,Gołąb miejski,Columba livia domestica,Домашний голубь
29311583,research,https://www.inaturalist.org/observations/29311583,https://static.inaturalist.org/photos/45740292/medium.jpeg,Feral Pigeon,Columba livia domestica,Домашний голубь
30442354,research,https://www.inaturalist.org/observations/30442354,https://inaturalist-open-data.s3.amazonaws.com/photos/47560109/medium.jpg,Feral Pigeon,Columba livia domestica,Домашний голубь
31116705,research,https://www.inaturalist.org/observations/31116705,https://inaturalist-open-data.s3.amazonaws.com/photos/48668891/medium.jpg,Домашний голубь,Columba livia domestica,Домашний голубь
32096616,research,https://www.inaturalist.org/observations/32096616,https://inaturalist-open-data.s3.amazonaws.com/photos/50308531/medium.jpg,Feral Pigeon,Columba livia domestica,Домашний голубь
33790672,research,https://www.inaturalist.org/observations/33790672,https://inaturalist-open-data.s3.amazonaws.com/photos/53109235/medium.jpg,Feral Pigeon,Columba livia domestica,Домашний голубь
33819363,research,https://www.inaturalist.org/observations/33819363,https://inaturalist-open-data.s3.amazonaws.com/photos/53157977/medium.jpg,Haustaube,Columba livia domestica,Домашний голубь
35481588,research,https://www.inaturalist.org/observations/35481588,https://inaturalist-open-data.s3.amazonaws.com/photos/55950969/medium.jpeg,Домашний голубь,Columba livia domestica,Домашний голубь
37451160,research,https://www.inaturalist.org/observations/37451160,https://inaturalist-open-data.s3.amazonaws.com/photos/59373409/medium.jpeg,Gołąb miejski,Columba livia domestica,Домашний голубь
37451363,research,https://www.inaturalist.org/observations/37451363,https://inaturalist-open-data.s3.amazonaws.com/photos/59373791/medium.jpeg,Haustaube,Columba livia domestica,Домашний голубь
37451684,research,https://www.inaturalist.org/observations/37451684,https://inaturalist-open-data.s3.amazonaws.com/photos/59374055/medium.jpeg,Haustaube,Columba livia domestica,Домашний голубь
37451689,research,https://www.inaturalist.org/observations/37451689,https://inaturalist-open-data.s3.amazonaws.com/photos/59374099/medium.jpeg,Haustaube,Columba livia domestica,Домашний голубь
37451692,research,https://www.inaturalist.org/observations/37451692,https://inaturalist-open-data.s3.amazonaws.com/photos/59374121/medium.jpeg,Haustaube,Columba livia domestica,Домашний голубь
37451697,research,https://www.inaturalist.org/observations/37451697,https://inaturalist-open-data.s3.amazonaws.com/photos/59374160/medium.jpeg,Haustaube,Columba livia domestica,Домашний голубь
37451709,research,https://www.inaturalist.org/observations/37451709,https://inaturalist-open-data.s3.amazonaws.com/photos/59374273/medium.jpeg,Haustaube,Columba livia domestica,Домашний голубь
38397525,research,https://www.inaturalist.org/observations/38397525,https://inaturalist-open-data.s3.amazonaws.com/photos/61018265/medium.jpeg,Haustaube,Columba livia domestica,Домашний голубь
39057277,research,https://www.inaturalist.org/observations/39057277,https://inaturalist-open-data.s3.amazonaws.com/photos/61972793/medium.jpg,Домашний голубь,Columba livia domestica,Домашний голубь
41096655,research,https://www.inaturalist.org/observations/41096655,https://inaturalist-open-data.s3.amazonaws.com/photos/65164380/medium.jpeg,Feral Pigeon,Columba livia domestica,Домашний голубь
41485183,research,https://www.inaturalist.org/observations/41485183,https://inaturalist-open-data.s3.amazonaws.com/photos/65814391/medium.jpg,Feral Pigeon,Columba livia domestica,Домашний голубь
42316591,research,https://www.inaturalist.org/observations/42316591,https://inaturalist-open-data.s3.amazonaws.com/photos/67185307/medium.jpg,Gołąb miejski,Columba livia domestica,Домашний голубь
42829404,research,https://www.inaturalist.org/observations/42829404,https://static.inaturalist.org/photos/68695753/medium.jpg,Pigeon biset domestique,Columba livia domestica,Домашний голубь
44114737,research,https://www.inaturalist.org/observations/44114737,https://inaturalist-open-data.s3.amazonaws.com/photos/69941485/medium.jpeg,Домашний голубь,Columba livia domestica,Домашний голубь
46204472,research,https://www.inaturalist.org/observations/46204472,https://inaturalist-open-data.s3.amazonaws.com/photos/73283538/medium.jpg,Feral Pigeon,Columba livia domestica,Домашний голубь
51293398,research,https://www.inaturalist.org/observations/51293398,https://static.inaturalist.org/photos/81482627/medium.jpg,Домашний голубь,Columba livia domestica,Домашний голубь
53236034,research,https://www.inaturalist.org/observations/53236034,https://static.inaturalist.org/photos/84662775/medium.jpeg,Haustaube,Columba livia domestica,Домашний голубь
56920257,research,https://www.inaturalist.org/observations/56920257,https://inaturalist-open-data.s3.amazonaws.com/photos/90746190/medium.jpeg,Colombo domestico,Columba livia domestica,Домашний голубь
56927843,research,https://www.inaturalist.org/observations/56927843,https://static.inaturalist.org/photos/90758799/medium.jpeg,Feral Pigeon,Columba livia domestica,Домашний голубь
57213147,research,https://www.inaturalist.org/observations/57213147,https://static.inaturalist.org/photos/91241354/medium.jpg,Feral Pigeon,Columba livia domestica,Домашний голубь
57335248,research,https://www.inaturalist.org/observations/57335248,https://static.inaturalist.org/photos/91444282/medium.jpg,Домашний голубь,Columba livia domestica,Домашний голубь
57335442,research,https://www.inaturalist.org/observations/57335442,https://static.inaturalist.org/photos/91444634/medium.jpg,Gołąb miejski,Columba livia domestica,Домашний голубь
57426599,research,https://www.inaturalist.org/observations/57426599,https://static.inaturalist.org/photos/91597952/medium.jpg,Gołąb miejski,Columba livia domestica,Домашний голубь
57427973,research,https://www.inaturalist.org/observations/57427973,https://static.inaturalist.org/photos/91606361/medium.jpg,Gołąb miejski,Columba livia domestica,Домашний голубь
57437255,research,https://www.inaturalist.org/observations/57437255,https://static.inaturalist.org/photos/91616126/medium.jpg,Gołąb miejski,Columba livia domestica,Домашний голубь
58317316,research,https://www.inaturalist.org/observations/58317316,https://inaturalist-open-data.s3.amazonaws.com/photos/93095793/medium.jpeg,Feral Pigeon,Columba livia domestica,Домашний голубь
60431564,research,https://www.inaturalist.org/observations/60431564,https://inaturalist-open-data.s3.amazonaws.com/photos/96629856/medium.jpg,Gołąb miejski,Columba livia domestica,Домашний голубь
60710637,research,https://www.inaturalist.org/observations/60710637,https://static.inaturalist.org/photos/97096851/medium.jpeg,Домашний голубь,Columba livia domestica,Домашний голубь
61332848,research,https://www.inaturalist.org/observations/61332848,https://static.inaturalist.org/photos/98132677/medium.jpeg,Kesykyyhky,Columba livia domestica,Домашний голубь
64590604,research,https://www.inaturalist.org/observations/64590604,https://inaturalist-open-data.s3.amazonaws.com/photos/103863032/medium.jpeg,Домашний голубь,Columba livia domestica,Домашний голубь
64604301,research,https://www.inaturalist.org/observations/64604301,https://inaturalist-open-data.s3.amazonaws.com/photos/103883582/medium.jpg,Домашний голубь,Columba livia domestica,Домашний голубь
64610332,research,https://www.inaturalist.org/observations/64610332,https://inaturalist-open-data.s3.amazonaws.com/photos/103894407/medium.jpg,Pombo-doméstico,Columba livia domestica,Домашний голубь
64817865,research,https://www.inaturalist.org/observations/64817865,https://inaturalist-open-data.s3.amazonaws.com/photos/104267905/medium.jpeg,Feral Pigeon,Columba livia domestica,Домашний голубь
65597838,research,https://www.inaturalist.org/observations/65597838,https://inaturalist-open-data.s3.amazonaws.com/photos/105609372/medium.jpg,Feral Pigeon,Columba livia domestica,Домашний голубь
66108105,research,https://www.inaturalist.org/observations/66108105,https://inaturalist-open-data.s3.amazonaws.com/photos/106495892/medium.jpeg,Домашний голубь,Columba livia domestica,Домашний голубь
67523853,research,https://www.inaturalist.org/observations/67523853,https://inaturalist-open-data.s3.amazonaws.com/photos/109113062/medium.jpeg,Pigeon biset domestique,Columba livia domestica,Домашний голубь
67670074,research,https://www.inaturalist.org/observations/67670074,https://inaturalist-open-data.s3.amazonaws.com/photos/109390020/medium.jpg,Gołąb miejski,Columba livia domestica,Домашний голубь
68859442,research,https://www.inaturalist.org/observations/68859442,https://static.inaturalist.org/photos/111602518/medium.jpg,Feral Pigeon,Columba livia domestica,Домашний голубь
68859492,research,https://www.inaturalist.org/observations/68859492,https://static.inaturalist.org/photos/111602580/medium.jpg,Feral Pigeon,Columba livia domestica,Домашний голубь
69002056,research,https://www.inaturalist.org/observations/69002056,https://inaturalist-open-data.s3.amazonaws.com/photos/111867551/medium.jpeg,Домашний голубь,Columba livia domestica,Домашний голубь
69063683,research,https://www.inaturalist.org/observations/69063683,https://inaturalist-open-data.s3.amazonaws.com/photos/111981095/medium.jpeg,Домашний голубь,Columba livia domestica,Домашний голубь
70320940,research,https://www.inaturalist.org/observations/70320940,https://inaturalist-open-data.s3.amazonaws.com/photos/114293704/medium.jpg,Домашний голубь,Columba livia domestica,Домашний голубь
70321036,research,https://www.inaturalist.org/observations/70321036,https://inaturalist-open-data.s3.amazonaws.com/photos/114293978/medium.jpg,Домашний голубь,Columba livia domestica,Домашний голубь
70321144,research,https://www.inaturalist.org/observations/70321144,https://inaturalist-open-data.s3.amazonaws.com/photos/114294218/medium.jpg,Домашний голубь,Columba livia domestica,Домашний голубь
70321226,research,https://www.inaturalist.org/observations/70321226,https://inaturalist-open-data.s3.amazonaws.com/photos/114294401/medium.jpg,Домашний голубь,Columba livia domestica,Домашний голубь
70608238,research,https://www.inaturalist.org/observations/70608238,https://inaturalist-open-data.s3.amazonaws.com/photos/114818848/medium.jpg,Домашний голубь,Columba livia domestica,Домашний голубь
70608314,research,https://www.inaturalist.org/observations/70608314,https://inaturalist-open-data.s3.amazonaws.com/photos/114818972/medium.jpg,Домашний голубь,Columba livia domestica,Домашний голубь
70880809,research,https://www.inaturalist.org/observations/70880809,https://inaturalist-open-data.s3.amazonaws.com/photos/115309854/medium.jpg,Домашний голубь,Columba livia domestica,Домашний голубь
71207423,research,https://www.inaturalist.org/observations/71207423,https://inaturalist-open-data.s3.amazonaws.com/photos/115895835/medium.jpeg,Домашний голубь,Columba livia domestica,Домашний голубь
71433769,research,https://www.inaturalist.org/observations/71433769,https://inaturalist-open-data.s3.amazonaws.com/photos/116303370/medium.jpeg,Feral Pigeon,Columba livia domestica,Домашний голубь
71492600,research,https://www.inaturalist.org/observations/71492600,https://inaturalist-open-data.s3.amazonaws.com/photos/116407406/medium.jpg,Feral Pigeon,Columba livia domestica,Домашний голубь
71505171,research,https://www.inaturalist.org/observations/71505171,https://inaturalist-open-data.s3.amazonaws.com/photos/116430134/medium.jpeg,Feral Pigeon,Columba livia domestica,Домашний голубь
71952195,research,https://www.inaturalist.org/observations/71952195,https://inaturalist-open-data.s3.amazonaws.com/photos/117228943/medium.jpg,Kesykyyhky,Columba livia domestica,Домашний голубь
73186625,research,https://www.inaturalist.org/observations/73186625,https://static.inaturalist.org/photos/119456988/medium.jpg,Holub Domácí,Columba livia domestica,Домашний голубь
75029471,research,https://www.inaturalist.org/observations/75029471,https://inaturalist-open-data.s3.amazonaws.com/photos/122700634/medium.jpg,Домашний голубь,Columba livia domestica,Домашний голубь
77720927,research,https://www.inaturalist.org/observations/77720927,https://static.inaturalist.org/photos/127133160/medium.jpeg,Feral Pigeon,Columba livia domestica,Домашний голубь
78739032,research,https://www.inaturalist.org/observations/78739032,https://inaturalist-open-data.s3.amazonaws.com/photos/128895861/medium.jpeg,Feral Pigeon,Columba livia domestica,Домашний голубь
79393549,research,https://www.inaturalist.org/observations/79393549,https://inaturalist-open-data.s3.amazonaws.com/photos/130042709/medium.jpeg,Домашний голубь,Columba livia domestica,Домашний голубь
79897676,research,https://www.inaturalist.org/observations/79897676,https://inaturalist-open-data.s3.amazonaws.com/photos/130904894/medium.jpeg,Домашний голубь,Columba livia domestica,Домашний голубь
79898841,research,https://www.inaturalist.org/observations/79898841,https://inaturalist-open-data.s3.amazonaws.com/photos/130907217/medium.jpeg,Домашний голубь,Columba livia domestica,Домашний голубь
80478093,research,https://www.inaturalist.org/observations/80478093,https://inaturalist-open-data.s3.amazonaws.com/photos/131908880/medium.jpeg,Домашний голубь,Columba livia domestica,Домашний голубь
80865179,research,https://www.inaturalist.org/observations/80865179,https://inaturalist-open-data.s3.amazonaws.com/photos/132577852/medium.jpeg,Gołąb miejski,Columba livia domestica,Домашний голубь
82544311,research,https://www.inaturalist.org/observations/82544311,https://inaturalist-open-data.s3.amazonaws.com/photos/135493246/medium.jpeg,Домашний голубь,Columba livia domestica,Домашний голубь
84443934,research,https://www.inaturalist.org/observations/84443934,https://inaturalist-open-data.s3.amazonaws.com/photos/138791701/medium.jpeg,Gołąb miejski,Columba livia domestica,Домашний голубь
85451520,research,https://www.inaturalist.org/observations/85451520,https://static.inaturalist.org/photos/140599276/medium.jpg,Домашний голубь,Columba livia domestica,Домашний голубь
87398525,research,https://www.inaturalist.org/observations/87398525,https://static.inaturalist.org/photos/144090645/medium.jpeg,Feral Pigeon,Columba livia domestica,Домашний голубь
90024339,research,https://www.inaturalist.org/observations/90024339,https://inaturalist-open-data.s3.amazonaws.com/photos/148728890/medium.jpg,Feral Pigeon,Columba livia domestica,Домашний голубь
90525418,research,https://www.inaturalist.org/observations/90525418,https://inaturalist-open-data.s3.amazonaws.com/photos/149628050/medium.jpg,Kesykyyhky,Columba livia domestica,Домашний голубь
92931332,research,https://www.inaturalist.org/observations/92931332,https://inaturalist-open-data.s3.amazonaws.com/photos/153945974/medium.jpeg,Feral Pigeon,Columba livia domestica,Домашний голубь
92934731,research,https://www.inaturalist.org/observations/92934731,https://inaturalist-open-data.s3.amazonaws.com/photos/153951848/medium.jpeg,Домашний голубь,Columba livia domestica,Домашний голубь
96765390,research,https://www.inaturalist.org/observations/96765390,https://static.inaturalist.org/photos/160812517/medium.jpeg,Домашний голубь,Columba livia domestica,Домашний голубь
97865233,research,https://www.inaturalist.org/observations/97865233,https://inaturalist-open-data.s3.amazonaws.com/photos/162830841/medium.jpg,Feral Pigeon,Columba livia domestica,Домашний голубь
98411943,research,https://www.inaturalist.org/observations/98411943,https://inaturalist-open-data.s3.amazonaws.com/photos/163837948/medium.jpeg,Gołąb miejski,Columba livia domestica,Домашний голубь
100069322,research,https://www.inaturalist.org/observations/100069322,https://inaturalist-open-data.s3.amazonaws.com/photos/166966039/medium.jpeg,Домашний голубь,Columba livia domestica,Домашний голубь
101203235,research,https://www.inaturalist.org/observations/101203235,https://inaturalist-open-data.s3.amazonaws.com/photos/168977491/medium.jpeg,Gołąb miejski,Columba livia domestica,Домашний голубь
102604055,research,https://www.inaturalist.org/observations/102604055,https://inaturalist-open-data.s3.amazonaws.com/photos/171554962/medium.jpeg,Kesykyyhky,Columba livia domestica,Домашний голубь
102861784,research,https://www.inaturalist.org/observations/102861784,https://static.inaturalist.org/photos/172037211/medium.jpeg,Домашний голубь,Columba livia domestica,Домашний голубь
103704732,research,https://www.inaturalist.org/observations/103704732,https://inaturalist-open-data.s3.amazonaws.com/photos/173628858/medium.jpeg,Gołąb miejski,Columba livia domestica,Домашний голубь
104452739,research,https://www.inaturalist.org/observations/104452739,https://inaturalist-open-data.s3.amazonaws.com/photos/175025158/medium.jpeg,Домашний голубь,Columba livia domestica,Домашний голубь
104520237,research,https://www.inaturalist.org/observations/104520237,https://inaturalist-open-data.s3.amazonaws.com/photos/175150897/medium.jpg,Gołąb miejski,Columba livia domestica,Домашний голубь
104759845,research,https://www.inaturalist.org/observations/104759845,https://inaturalist-open-data.s3.amazonaws.com/photos/175610894/medium.jpeg,Gołąb miejski,Columba livia domestica,Домашний голубь
104821480,research,https://www.inaturalist.org/observations/104821480,https://inaturalist-open-data.s3.amazonaws.com/photos/175727953/medium.jpeg,Haustaube,Columba livia domestica,Домашний голубь
104864500,research,https://www.inaturalist.org/observations/104864500,https://inaturalist-open-data.s3.amazonaws.com/photos/175809638/medium.jpeg,Gołąb miejski,Columba livia domestica,Домашний голубь
105096379,research,https://www.inaturalist.org/observations/105096379,https://inaturalist-open-data.s3.amazonaws.com/photos/176256778/medium.jpeg,Gołąb miejski,Columba livia domestica,Домашний голубь
105096608,research,https://www.inaturalist.org/observations/105096608,https://inaturalist-open-data.s3.amazonaws.com/photos/176257272/medium.jpeg,Gołąb miejski,Columba livia domestica,Домашний голубь
105149610,research,https://www.inaturalist.org/observations/105149610,https://inaturalist-open-data.s3.amazonaws.com/photos/176360511/medium.jpeg,Gołąb miejski,Columba livia domestica,Домашний голубь
105203623,research,https://www.inaturalist.org/observations/105203623,https://inaturalist-open-data.s3.amazonaws.com/photos/176463981/medium.jpeg,Feral Pigeon,Columba livia domestica,Домашний голубь
105256602,research,https://www.inaturalist.org/observations/105256602,https://inaturalist-open-data.s3.amazonaws.com/photos/176565465/medium.jpeg,Feral Pigeon,Columba livia domestica,Домашний голубь
105422567,research,https://www.inaturalist.org/observations/105422567,https://inaturalist-open-data.s3.amazonaws.com/photos/176880829/medium.jpeg,Feral Pigeon,Columba livia domestica,Домашний голубь
105550718,research,https://www.inaturalist.org/observations/105550718,https://inaturalist-open-data.s3.amazonaws.com/photos/177124991/medium.jpeg,Feral Pigeon,Columba livia domestica,Домашний голубь
105612639,research,https://www.inaturalist.org/observations/105612639,https://inaturalist-open-data.s3.amazonaws.com/photos/177240814/medium.jpeg,Домашний голубь,Columba livia domestica,Домашний голубь
105612775,research,https://www.inaturalist.org/observations/105612775,https://inaturalist-open-data.s3.amazonaws.com/photos/177241036/medium.jpeg,Домашний голубь,Columba livia domestica,Домашний голубь
105613131,research,https://www.inaturalist.org/observations/105613131,https://inaturalist-open-data.s3.amazonaws.com/photos/177242216/medium.jpeg,Gołąb miejski,Columba livia domestica,Домашний голубь
105669083,research,https://www.inaturalist.org/observations/105669083,https://inaturalist-open-data.s3.amazonaws.com/photos/177348480/medium.jpeg,Домашний голубь,Columba livia domestica,Домашний голубь
105778466,research,https://www.inaturalist.org/observations/105778466,https://inaturalist-open-data.s3.amazonaws.com/photos/177559216/medium.jpeg,Домашний голубь,Columba livia domestica,Домашний голубь
105837772,research,https://www.inaturalist.org/observations/105837772,https://inaturalist-open-data.s3.amazonaws.com/photos/177674332/medium.jpeg,Gołąb miejski,Columba livia domestica,Домашний голубь
106072336,research,https://www.inaturalist.org/observations/106072336,https://inaturalist-open-data.s3.amazonaws.com/photos/178118506/medium.jpeg,Feral Pigeon,Columba livia domestica,Домашний голубь
106083808,research,https://www.inaturalist.org/observations/106083808,https://inaturalist-open-data.s3.amazonaws.com/photos/178140289/medium.jpeg,Домашний голубь,Columba livia domestica,Домашний голубь
106327623,research,https://www.inaturalist.org/observations/106327623,https://inaturalist-open-data.s3.amazonaws.com/photos/178594725/medium.jpeg,Feral Pigeon,Columba livia domestica,Домашний голубь
106491296,research,https://www.inaturalist.org/observations/106491296,https://inaturalist-open-data.s3.amazonaws.com/photos/178898707/medium.jpeg,Домашний голубь,Columba livia domestica,Домашний голубь
106808412,research,https://www.inaturalist.org/observations/106808412,https://inaturalist-open-data.s3.amazonaws.com/photos/179509206/medium.jpeg,Feral Pigeon,Columba livia domestica,Домашний голубь
106946217,research,https://www.inaturalist.org/observations/106946217,https://inaturalist-open-data.s3.amazonaws.com/photos/179769139/medium.jpg,Feral Pigeon,Columba livia domestica,Домашний голубь
106946227,research,https://www.inaturalist.org/observations/106946227,https://inaturalist-open-data.s3.amazonaws.com/photos/179769335/medium.jpg,Feral Pigeon,Columba livia domestica,Домашний голубь
107173644,research,https://www.inaturalist.org/observations/107173644,https://static.inaturalist.org/photos/180203373/medium.jpeg,Feral Pigeon,Columba livia domestica,Домашний голубь
107173756,research,https://www.inaturalist.org/observations/107173756,https://static.inaturalist.org/photos/180203575/medium.jpeg,Домашний голубь,Columba livia domestica,Домашний голубь
107627258,research,https://www.inaturalist.org/observations/107627258,https://inaturalist-open-data.s3.amazonaws.com/photos/181054591/medium.jpeg,Pigeon biset domestique,Columba livia domestica,Домашний голубь
107714453,research,https://www.inaturalist.org/observations/107714453,https://inaturalist-open-data.s3.amazonaws.com/photos/181218376/medium.jpeg,Feral Pigeon,Columba livia domestica,Домашний голубь
108506154,research,https://www.inaturalist.org/observations/108506154,https://inaturalist-open-data.s3.amazonaws.com/photos/182699674/medium.jpeg,Gołąb miejski,Columba livia domestica,Домашний голубь
109308838,research,https://www.inaturalist.org/observations/109308838,https://inaturalist-open-data.s3.amazonaws.com/photos/184201881/medium.jpeg,Домашний голубь,Columba livia domestica,Домашний голубь
110581854,research,https://www.inaturalist.org/observations/110581854,https://inaturalist-open-data.s3.amazonaws.com/photos/186566697/medium.jpg,Домашний голубь,Columba livia domestica,Домашний голубь
110836261,research,https://www.inaturalist.org/observations/110836261,https://inaturalist-open-data.s3.amazonaws.com/photos/187038406/medium.jpg,Домашний голубь,Columba livia domestica,Домашний голубь
110836263,research,https://www.inaturalist.org/observations/110836263,https://inaturalist-open-data.s3.amazonaws.com/photos/187038275/medium.jpg,Gołąb miejski,Columba livia domestica,Домашний голубь
111224370,research,https://www.inaturalist.org/observations/111224370,https://static.inaturalist.org/photos/187735301/medium.jpeg,Feral Pigeon,Columba livia domestica,Домашний голубь
111563661,research,https://www.inaturalist.org/observations/111563661,https://static.inaturalist.org/photos/188343996/medium.jpeg,Gołąb miejski,Columba livia domestica,Домашний голубь
112265415,research,https://www.inaturalist.org/observations/112265415,https://inaturalist-open-data.s3.amazonaws.com/photos/189617976/medium.jpeg,Feral Pigeon,Columba livia domestica,Домашний голубь
112265428,research,https://www.inaturalist.org/observations/112265428,https://inaturalist-open-data.s3.amazonaws.com/photos/189619993/medium.jpeg,Paloma doméstica,Columba livia domestica,Домашний голубь
112265447,research,https://www.inaturalist.org/observations/112265447,https://inaturalist-open-data.s3.amazonaws.com/photos/189620818/medium.jpeg,Feral Pigeon,Columba livia domestica,Домашний голубь
112269723,research,https://www.inaturalist.org/observations/112269723,https://inaturalist-open-data.s3.amazonaws.com/photos/189628700/medium.jpeg,Paloma doméstica,Columba livia domestica,Домашний голубь
113714918,research,https://www.inaturalist.org/observations/113714918,https://inaturalist-open-data.s3.amazonaws.com/photos/192104295/medium.jpeg,Feral Pigeon,Columba livia domestica,Домашний голубь
114784969,research,https://www.inaturalist.org/observations/114784969,https://inaturalist-open-data.s3.amazonaws.com/photos/193788496/medium.jpg,Домашний голубь,Columba livia domestica,Домашний голубь
114794729,research,https://www.inaturalist.org/observations/114794729,https://inaturalist-open-data.s3.amazonaws.com/photos/193803569/medium.jpg,Домашний голубь,Columba livia domestica,Домашний голубь
115621256,research,https://www.inaturalist.org/observations/115621256,https://static.inaturalist.org/photos/195136058/medium.jpeg,Feral Pigeon,Columba livia domestica,Домашний голубь
115621326,research,https://www.inaturalist.org/observations/115621326,https://static.inaturalist.org/photos/195136268/medium.jpeg,Feral Pigeon,Columba livia domestica,Домашний голубь
115621433,research,https://www.inaturalist.org/observations/115621433,https://static.inaturalist.org/photos/195136432/medium.jpeg,Feral Pigeon,Columba livia domestica,Домашний голубь
115623928,research,https://www.inaturalist.org/observations/115623928,https://static.inaturalist.org/photos/195140848/medium.jpeg,Feral Pigeon,Columba livia domestica,Домашний голубь
115624098,research,https://www.inaturalist.org/observations/115624098,https://static.inaturalist.org/photos/195141114/medium.jpeg,Feral Pigeon,Columba livia domestica,Домашний голубь
116247047,research,https://www.inaturalist.org/observations/116247047,https://static.inaturalist.org/photos/196210400/medium.jpeg,Feral Pigeon,Columba livia domestica,Домашний голубь
116256336,research,https://www.inaturalist.org/observations/116256336,https://static.inaturalist.org/photos/196227143/medium.jpeg,Feral Pigeon,Columba livia domestica,Домашний голубь
116400355,research,https://www.inaturalist.org/observations/116400355,https://inaturalist-open-data.s3.amazonaws.com/photos/196485634/medium.jpeg,Домашний голубь,Columba livia domestica,Домашний голубь
116954394,research,https://www.inaturalist.org/observations/116954394,https://inaturalist-open-data.s3.amazonaws.com/photos/197466098/medium.jpg,Feral Pigeon,Columba livia domestica,Домашний голубь
118233602,research,https://www.inaturalist.org/observations/118233602,https://inaturalist-open-data.s3.amazonaws.com/photos/199735642/medium.jpg,Feral Pigeon,Columba livia domestica,Домашний голубь
118349249,research,https://www.inaturalist.org/observations/118349249,https://inaturalist-open-data.s3.amazonaws.com/photos/199949385/medium.jpg,Домашний голубь,Columba livia domestica,Домашний голубь
118374671,research,https://www.inaturalist.org/observations/118374671,https://inaturalist-open-data.s3.amazonaws.com/photos/199994145/medium.jpeg,Домашний голубь,Columba livia domestica,Домашний голубь
118380413,research,https://www.inaturalist.org/observations/118380413,https://static.inaturalist.org/photos/200003626/medium.jpeg,Домашний голубь,Columba livia domestica,Домашний голубь
118381056,research,https://www.inaturalist.org/observations/118381056,https://static.inaturalist.org/photos/200004631/medium.jpeg,Домашний голубь,Columba livia domestica,Домашний голубь
118382141,research,https://www.inaturalist.org/observations/118382141,https://static.inaturalist.org/photos/200006466/medium.jpeg,Домашний голубь,Columba livia domestica,Домашний голубь
118382718,research,https://www.inaturalist.org/observations/118382718,https://static.inaturalist.org/photos/200007394/medium.jpeg,Домашний голубь,Columba livia domestica,Домашний голубь
119727210,research,https://www.inaturalist.org/observations/119727210,https://static.inaturalist.org/photos/202698541/medium.jpg,Домашний голубь,Columba livia domestica,Домашний голубь
120331184,research,https://www.inaturalist.org/observations/120331184,https://static.inaturalist.org/photos/203509023/medium.jpeg,Feral Pigeon,Columba livia domestica,Домашний голубь
120331633,research,https://www.inaturalist.org/observations/120331633,https://static.inaturalist.org/photos/203509715/medium.jpeg,Gołąb miejski,Columba livia domestica,Домашний голубь
120331689,research,https://www.inaturalist.org/observations/120331689,https://static.inaturalist.org/photos/203509784/medium.jpeg,Gołąb miejski,Columba livia domestica,Домашний голубь
120332087,research,https://www.inaturalist.org/observations/120332087,https://static.inaturalist.org/photos/203510843/medium.jpeg,Gołąb miejski,Columba livia domestica,Домашний голубь
121235177,research,https://www.inaturalist.org/observations/121235177,https://inaturalist-open-data.s3.amazonaws.com/photos/205133525/medium.jpg,Gołąb miejski,Columba livia domestica,Домашний голубь
122980896,research,https://www.inaturalist.org/observations/122980896,https://static.inaturalist.org/photos/208285348/medium.jpeg,Gołąb miejski,Columba livia domestica,Домашний голубь
123056707,research,https://www.inaturalist.org/observations/123056707,https://inaturalist-open-data.s3.amazonaws.com/photos/208427614/medium.jpeg,Домашний голубь,Columba livia domestica,Домашний голубь
123490722,research,https://www.inaturalist.org/observations/123490722,https://static.inaturalist.org/photos/209209018/medium.jpg,Feral Pigeon,Columba livia domestica,Домашний голубь
123802727,research,https://www.inaturalist.org/observations/123802727,https://inaturalist-open-data.s3.amazonaws.com/photos/209774176/medium.jpeg,Домашний голубь,Columba livia domestica,Домашний голубь
124087475,research,https://www.inaturalist.org/observations/124087475,https://inaturalist-open-data.s3.amazonaws.com/photos/210289581/medium.jpg,Feral Pigeon,Columba livia domestica,Домашний голубь
124262899,research,https://www.inaturalist.org/observations/124262899,https://inaturalist-open-data.s3.amazonaws.com/photos/210602024/medium.jpeg,Домашний голубь,Columba livia domestica,Домашний голубь
124861518,research,https://www.inaturalist.org/observations/124861518,https://inaturalist-open-data.s3.amazonaws.com/photos/211685119/medium.jpeg,Gołąb miejski,Columba livia domestica,Домашний голубь
124987075,research,https://www.inaturalist.org/observations/124987075,https://inaturalist-open-data.s3.amazonaws.com/photos/211943964/medium.jpeg,Gołąb miejski,Columba livia domestica,Домашний голубь
125905049,research,https://www.inaturalist.org/observations/125905049,https://static.inaturalist.org/photos/213569587/medium.jpeg,Gołąb miejski,Columba livia domestica,Домашний голубь
127214678,research,https://www.inaturalist.org/observations/127214678,https://static.inaturalist.org/photos/215947192/medium.jpeg,Gołąb miejski,Columba livia domestica,Домашний голубь
127317864,research,https://www.inaturalist.org/observations/127317864,https://inaturalist-open-data.s3.amazonaws.com/photos/216137183/medium.jpeg,Домашний голубь,Columba livia domestica,Домашний голубь
127317865,research,https://www.inaturalist.org/observations/127317865,https://inaturalist-open-data.s3.amazonaws.com/photos/216137403/medium.jpg,Домашний голубь,Columba livia domestica,Домашний голубь
127317885,research,https://www.inaturalist.org/observations/127317885,https://inaturalist-open-data.s3.amazonaws.com/photos/216137856/medium.jpeg,Домашний голубь,Columba livia domestica,Домашний голубь
127317891,research,https://www.inaturalist.org/observations/127317891,https://inaturalist-open-data.s3.amazonaws.com/photos/216137882/medium.jpeg,Домашний голубь,Columba livia domestica,Домашний голубь
127317896,research,https://www.inaturalist.org/observations/127317896,https://inaturalist-open-data.s3.amazonaws.com/photos/216138082/medium.jpeg,Домашний голубь,Columba livia domestica,Домашний голубь
127317899,research,https://www.inaturalist.org/observations/127317899,https://inaturalist-open-data.s3.amazonaws.com/photos/216138058/medium.jpg,Домашний голубь,Columba livia domestica,Домашний голубь
128045996,research,https://www.inaturalist.org/observations/128045996,https://static.inaturalist.org/photos/217458001/medium.jpeg,Gołąb miejski,Columba livia domestica,Домашний голубь
128047027,research,https://www.inaturalist.org/observations/128047027,https://static.inaturalist.org/photos/217459710/medium.jpeg,Gołąb miejski,Columba livia domestica,Домашний голубь
128270847,research,https://www.inaturalist.org/observations/128270847,https://static.inaturalist.org/photos/217866108/medium.jpeg,Feral Pigeon,Columba livia domestica,Домашний голубь
128272322,research,https://www.inaturalist.org/observations/128272322,https://static.inaturalist.org/photos/217868443/medium.jpeg,Feral Pigeon,Columba livia domestica,Домашний голубь
130393264,research,https://www.inaturalist.org/observations/130393264,https://inaturalist-open-data.s3.amazonaws.com/photos/221744534/medium.jpg,Feral Pigeon,Columba livia domestica,Домашний голубь
130755869,research,https://www.inaturalist.org/observations/130755869,https://inaturalist-open-data.s3.amazonaws.com/photos/222416504/medium.jpeg,Feral Pigeon,Columba livia domestica,Домашний голубь
131489924,research,https://www.inaturalist.org/observations/131489924,https://inaturalist-open-data.s3.amazonaws.com/photos/223774980/medium.jpeg,Feral Pigeon,Columba livia domestica,Домашний голубь
132044452,research,https://www.inaturalist.org/observations/132044452,https://inaturalist-open-data.s3.amazonaws.com/photos/224804296/medium.jpeg,Feral Pigeon,Columba livia domestica,Домашний голубь
133050926,research,https://www.inaturalist.org/observations/133050926,https://inaturalist-open-data.s3.amazonaws.com/photos/226575575/medium.jpg,นกพิราบพันธุ์เลี้ยง,Columba livia domestica,Домашний голубь
134140260,research,https://www.inaturalist.org/observations/134140260,https://inaturalist-open-data.s3.amazonaws.com/photos/228599947/medium.jpg,Naminis karvelis,Columba livia domestica,Домашний голубь
134196288,research,https://www.inaturalist.org/observations/134196288,https://static.inaturalist.org/photos/228699607/medium.jpeg,Домашний голубь,Columba livia domestica,Домашний голубь
136132100,research,https://www.inaturalist.org/observations/136132100,https://static.inaturalist.org/photos/232290637/medium.jpeg,Gołąb miejski,Columba livia domestica,Домашний голубь
136666577,research,https://www.inaturalist.org/observations/136666577,https://static.inaturalist.org/photos/233286292/medium.jpg,Feral Pigeon,Columba livia domestica,Домашний голубь
142534979,research,https://www.inaturalist.org/observations/142534979,https://inaturalist-open-data.s3.amazonaws.com/photos/244382315/medium.jpeg,Gołąb miejski,Columba livia domestica,Домашний голубь
142732708,research,https://www.inaturalist.org/observations/142732708,https://inaturalist-open-data.s3.amazonaws.com/photos/244759281/medium.jpeg,Feral Pigeon,Columba livia domestica,Домашний голубь
143264563,research,https://www.inaturalist.org/observations/143264563,https://inaturalist-open-data.s3.amazonaws.com/photos/245680606/medium.jpeg,Colombo domestico,Columba livia domestica,Домашний голубь
143339937,research,https://www.inaturalist.org/observations/143339937,https://inaturalist-open-data.s3.amazonaws.com/photos/245813679/medium.jpeg,Feral Pigeon,Columba livia domestica,Домашний голубь
143447476,research,https://www.inaturalist.org/observations/143447476,https://inaturalist-open-data.s3.amazonaws.com/photos/246009274/medium.jpeg,Naminis karvelis,Columba livia domestica,Домашний голубь
143492704,research,https://www.inaturalist.org/observations/143492704,https://static.inaturalist.org/photos/246096467/medium.jpeg,Feral Pigeon,Columba livia domestica,Домашний голубь
143855302,research,https://www.inaturalist.org/observations/143855302,https://inaturalist-open-data.s3.amazonaws.com/photos/246785721/medium.jpeg,Haustaube,Columba livia domestica,Домашний голубь
144303026,research,https://www.inaturalist.org/observations/144303026,https://inaturalist-open-data.s3.amazonaws.com/photos/247641438/medium.jpg,Kesykyyhky,Columba livia domestica,Домашний голубь
145679034,research,https://www.inaturalist.org/observations/145679034,https://inaturalist-open-data.s3.amazonaws.com/photos/250278182/medium.jpeg,Feral Pigeon,Columba livia domestica,Домашний голубь
145786788,research,https://www.inaturalist.org/observations/145786788,https://inaturalist-open-data.s3.amazonaws.com/photos/250489272/medium.jpg,Feral Pigeon,Columba livia domestica,Домашний голубь
146334286,research,https://www.inaturalist.org/observations/146334286,https://inaturalist-open-data.s3.amazonaws.com/photos/251560558/medium.jpg,Feral Pigeon,Columba livia domestica,Домашний голубь
147789041,research,https://www.inaturalist.org/observations/147789041,https://inaturalist-open-data.s3.amazonaws.com/photos/254369478/medium.jpg,Feral Pigeon,Columba livia domestica,Домашний голубь
147948853,research,https://www.inaturalist.org/observations/147948853,https://inaturalist-open-data.s3.amazonaws.com/photos/254679866/medium.jpeg,Feral Pigeon,Columba livia domestica,Домашний голубь
148186335,research,https://www.inaturalist.org/observations/148186335,https://inaturalist-open-data.s3.amazonaws.com/photos/255135072/medium.jpg,Feral Pigeon,Columba livia domestica,Домашний голубь
148245030,research,https://www.inaturalist.org/observations/148245030,https://inaturalist-open-data.s3.amazonaws.com/photos/255248517/medium.jpg,Feral Pigeon,Columba livia domestica,Домашний голубь
148392269,research,https://www.inaturalist.org/observations/148392269,https://inaturalist-open-data.s3.amazonaws.com/photos/255531881/medium.jpeg,Feral Pigeon,Columba livia domestica,Домашний голубь
148395835,research,https://www.inaturalist.org/observations/148395835,https://inaturalist-open-data.s3.amazonaws.com/photos/255538485/medium.jpg,Домашний голубь,Columba livia domestica,Домашний голубь
148439413,research,https://www.inaturalist.org/observations/148439413,https://inaturalist-open-data.s3.amazonaws.com/photos/255624587/medium.jpeg,Gołąb miejski,Columba livia domestica,Домашний голубь
148767944,research,https://www.inaturalist.org/observations/148767944,https://inaturalist-open-data.s3.amazonaws.com/photos/256248888/medium.jpeg,Домашний голубь,Columba livia domestica,Домашний голубь
148837455,research,https://www.inaturalist.org/observations/148837455,https://inaturalist-open-data.s3.amazonaws.com/photos/256379771/medium.jpg,Домашний голубь,Columba livia domestica,Домашний голубь
148893681,research,https://www.inaturalist.org/observations/148893681,https://inaturalist-open-data.s3.amazonaws.com/photos/256486081/medium.jpeg,Gołąb miejski,Columba livia domestica,Домашний голубь
149232724,research,https://www.inaturalist.org/observations/149232724,https://inaturalist-open-data.s3.amazonaws.com/photos/257121950/medium.jpeg,Feral Pigeon,Columba livia domestica,Домашний голубь
149410056,research,https://www.inaturalist.org/observations/149410056,https://inaturalist-open-data.s3.amazonaws.com/photos/257453836/medium.jpg,Feral Pigeon,Columba livia domestica,Домашний голубь
149570249,research,https://www.inaturalist.org/observations/149570249,https://inaturalist-open-data.s3.amazonaws.com/photos/257756147/medium.jpeg,Домашний голубь,Columba livia domestica,Домашний голубь
150429653,research,https://www.inaturalist.org/observations/150429653,https://inaturalist-open-data.s3.amazonaws.com/photos/259386779/medium.jpg,Домашний голубь,Columba livia domestica,Домашний голубь
150583619,research,https://www.inaturalist.org/observations/150583619,https://inaturalist-open-data.s3.amazonaws.com/photos/259686019/medium.jpg,Pigeon biset domestique,Columba livia domestica,Домашний голубь
151033409,research,https://www.inaturalist.org/observations/151033409,https://inaturalist-open-data.s3.amazonaws.com/photos/260535490/medium.jpeg,Домашний голубь,Columba livia domestica,Домашний голубь
152430088,research,https://www.inaturalist.org/observations/152430088,https://inaturalist-open-data.s3.amazonaws.com/photos/263136822/medium.jpg,Gołąb miejski,Columba livia domestica,Домашний голубь
152610339,research,https://www.inaturalist.org/observations/152610339,https://inaturalist-open-data.s3.amazonaws.com/photos/263471310/medium.jpg,Gołąb miejski,Columba livia domestica,Домашний голубь
153807183,research,https://www.inaturalist.org/observations/153807183,https://inaturalist-open-data.s3.amazonaws.com/photos/265691432/medium.jpg,Gołąb miejski,Columba livia domestica,Домашний голубь
153945172,research,https://www.inaturalist.org/observations/153945172,https://inaturalist-open-data.s3.amazonaws.com/photos/265949184/medium.jpg,Gołąb miejski,Columba livia domestica,Домашний голубь
154257878,research,https://www.inaturalist.org/observations/154257878,https://static.inaturalist.org/photos/266521631/medium.jpg,Домашний голубь,Columba livia domestica,Домашний голубь
154452768,research,https://www.inaturalist.org/observations/154452768,https://inaturalist-open-data.s3.amazonaws.com/photos/266876491/medium.jpg,Gołąb miejski,Columba livia domestica,Домашний голубь
154853169,research,https://www.inaturalist.org/observations/154853169,https://inaturalist-open-data.s3.amazonaws.com/photos/267606013/medium.jpg,Gołąb miejski,Columba livia domestica,Домашний голубь
155452345,research,https://www.inaturalist.org/observations/155452345,https://inaturalist-open-data.s3.amazonaws.com/photos/268717283/medium.jpeg,Домашний голубь,Columba livia domestica,Домашний голубь
155452507,research,https://www.inaturalist.org/observations/155452507,https://inaturalist-open-data.s3.amazonaws.com/photos/268717379/medium.jpeg,Feral Pigeon,Columba livia domestica,Домашний голубь
155452522,research,https://www.inaturalist.org/observations/155452522,https://inaturalist-open-data.s3.amazonaws.com/photos/268717406/medium.jpeg,Домашний голубь,Columba livia domestica,Домашний голубь
155452573,research,https://www.inaturalist.org/observations/155452573,https://inaturalist-open-data.s3.amazonaws.com/photos/268717490/medium.jpeg,Feral Pigeon,Columba livia domestica,Домашний голубь
155452591,research,https://www.inaturalist.org/observations/155452591,https://inaturalist-open-data.s3.amazonaws.com/photos/268717534/medium.jpeg,Домашний голубь,Columba livia domestica,Домашний голубь
155461792,research,https://www.inaturalist.org/observations/155461792,https://inaturalist-open-data.s3.amazonaws.com/photos/268730812/medium.jpg,Feral Pigeon,Columba livia domestica,Домашний голубь
155461793,research,https://www.inaturalist.org/observations/155461793,https://inaturalist-open-data.s3.amazonaws.com/photos/268730787/medium.jpg,Feral Pigeon,Columba livia domestica,Домашний голубь
155461795,research,https://www.inaturalist.org/observations/155461795,https://inaturalist-open-data.s3.amazonaws.com/photos/268730871/medium.jpg,Feral Pigeon,Columba livia domestica,Домашний голубь
155461796,research,https://www.inaturalist.org/observations/155461796,https://inaturalist-open-data.s3.amazonaws.com/photos/268730893/medium.jpg,Домашний голубь,Columba livia domestica,Домашний голубь
155461797,research,https://www.inaturalist.org/observations/155461797,https://inaturalist-open-data.s3.amazonaws.com/photos/268730916/medium.jpg,Feral Pigeon,Columba livia domestica,Домашний голубь
155461815,research,https://www.inaturalist.org/observations/155461815,https://inaturalist-open-data.s3.amazonaws.com/photos/268731363/medium.jpg,Домашний голубь,Columba livia domestica,Домашний голубь
155461816,research,https://www.inaturalist.org/observations/155461816,https://inaturalist-open-data.s3.amazonaws.com/photos/268731387/medium.jpg,Домашний голубь,Columba livia domestica,Домашний голубь
155461817,research,https://www.inaturalist.org/observations/155461817,https://inaturalist-open-data.s3.amazonaws.com/photos/268731448/medium.jpg,Домашний голубь,Columba livia domestica,Домашний голубь
155461836,research,https://www.inaturalist.org/observations/155461836,https://inaturalist-open-data.s3.amazonaws.com/photos/268731988/medium.jpg,Домашний голубь,Columba livia domestica,Домашний голубь
155461848,research,https://www.inaturalist.org/observations/155461848,https://inaturalist-open-data.s3.amazonaws.com/photos/268732008/medium.jpg,Домашний голубь,Columba livia domestica,Домашний голубь
155461849,research,https://www.inaturalist.org/observations/155461849,https://inaturalist-open-data.s3.amazonaws.com/photos/268732033/medium.jpg,Домашний голубь,Columba livia domestica,Домашний голубь
155461851,research,https://www.inaturalist.org/observations/155461851,https://inaturalist-open-data.s3.amazonaws.com/photos/268732065/medium.jpg,Домашний голубь,Columba livia domestica,Домашний голубь
155461855,research,https://www.inaturalist.org/observations/155461855,https://inaturalist-open-data.s3.amazonaws.com/photos/268732095/medium.jpg,Домашний голубь,Columba livia domestica,Домашний голубь
155461856,research,https://www.inaturalist.org/observations/155461856,https://inaturalist-open-data.s3.amazonaws.com/photos/268732121/medium.jpg,Домашний голубь,Columba livia domestica,Домашний голубь
155461857,research,https://www.inaturalist.org/observations/155461857,https://inaturalist-open-data.s3.amazonaws.com/photos/268732141/medium.jpg,Домашний голубь,Columba livia domestica,Домашний голубь
157058482,research,https://www.inaturalist.org/observations/157058482,https://inaturalist-open-data.s3.amazonaws.com/photos/271616552/medium.jpg,Gołąb miejski,Columba livia domestica,Домашний голубь
157058484,research,https://www.inaturalist.org/observations/157058484,https://inaturalist-open-data.s3.amazonaws.com/photos/271616596/medium.jpg,Домашний голубь,Columba livia domestica,Домашний голубь
157076320,research,https://www.inaturalist.org/observations/157076320,https://static.inaturalist.org/photos/271643090/medium.jpg,Домашний голубь,Columba livia domestica,Домашний голубь
157664237,research,https://www.inaturalist.org/observations/157664237,https://inaturalist-open-data.s3.amazonaws.com/photos/275411039/medium.jpeg,Домашний голубь,Columba livia domestica,Домашний голубь
162265277,research,https://www.inaturalist.org/observations/162265277,https://inaturalist-open-data.s3.amazonaws.com/photos/280563399/medium.jpeg,Домашний голубь,Columba livia domestica,Домашний голубь
162344906,research,https://www.inaturalist.org/observations/162344906,https://inaturalist-open-data.s3.amazonaws.com/photos/280700725/medium.png,Домашний голубь,Columba livia domestica,Домашний голубь
166131310,research,https://www.inaturalist.org/observations/166131310,https://static.inaturalist.org/photos/287656995/medium.jpg,Gołąb miejski,Columba livia domestica,Домашний голубь
167832700,research,https://www.inaturalist.org/observations/167832700,https://inaturalist-open-data.s3.amazonaws.com/photos/290793001/medium.jpeg,Домашний голубь,Columba livia domestica,Домашний голубь
169573147,research,https://www.inaturalist.org/observations/169573147,https://inaturalist-open-data.s3.amazonaws.com/photos/294007276/medium.jpeg,Домашний голубь,Columba livia domestica,Домашний голубь
170365821,research,https://www.inaturalist.org/observations/170365821,https://inaturalist-open-data.s3.amazonaws.com/photos/295472315/medium.jpeg,Gołąb miejski,Columba livia domestica,Домашний голубь
170368134,research,https://www.inaturalist.org/observations/170368134,https://inaturalist-open-data.s3.amazonaws.com/photos/295477847/medium.jpg,Feral Pigeon,Columba livia domestica,Домашний голубь
170708913,research,https://www.inaturalist.org/observations/170708913,https://static.inaturalist.org/photos/296120524/medium.jpeg,Gołąb miejski,Columba livia domestica,Домашний голубь
170728135,research,https://www.inaturalist.org/observations/170728135,https://inaturalist-open-data.s3.amazonaws.com/photos/296157035/medium.jpg,Pigeon biset domestique,Columba livia domestica,Домашний голубь
171087878,research,https://www.inaturalist.org/observations/171087878,https://inaturalist-open-data.s3.amazonaws.com/photos/296838717/medium.jpeg,Gołąb miejski,Columba livia domestica,Домашний голубь
171095944,research,https://www.inaturalist.org/observations/171095944,https://static.inaturalist.org/photos/296853920/medium.jpeg,Домашний голубь,Columba livia domestica,Домашний голубь
171460162,research,https://www.inaturalist.org/observations/171460162,https://static.inaturalist.org/photos/297527741/medium.jpeg,Feral Pigeon,Columba livia domestica,Домашний голубь
172030653,research,https://www.inaturalist.org/observations/172030653,https://inaturalist-open-data.s3.amazonaws.com/photos/298581375/medium.jpeg,Pigeon biset domestique,Columba livia domestica,Домашний голубь
172151096,research,https://www.inaturalist.org/observations/172151096,https://inaturalist-open-data.s3.amazonaws.com/photos/298811200/medium.jpeg,Feral Pigeon,Columba livia domestica,Домашний голубь
172311412,research,https://www.inaturalist.org/observations/172311412,https://inaturalist-open-data.s3.amazonaws.com/photos/299114699/medium.jpg,Gołąb miejski,Columba livia domestica,Домашний голубь
174246360,research,https://www.inaturalist.org/observations/174246360,https://inaturalist-open-data.s3.amazonaws.com/photos/302696203/medium.jpg,Feral Pigeon,Columba livia domestica,Домашний голубь
174247361,research,https://www.inaturalist.org/observations/174247361,https://inaturalist-open-data.s3.amazonaws.com/photos/302697984/medium.jpg,Feral Pigeon,Columba livia domestica,Домашний голубь
174587764,research,https://www.inaturalist.org/observations/174587764,https://static.inaturalist.org/photos/303323126/medium.jpeg,Домашний голубь,Columba livia domestica,Домашний голубь
174852556,research,https://www.inaturalist.org/observations/174852556,https://inaturalist-open-data.s3.amazonaws.com/photos/303814963/medium.jpeg,Домашний голубь,Columba livia domestica,Домашний голубь
175581763,research,https://www.inaturalist.org/observations/175581763,https://inaturalist-open-data.s3.amazonaws.com/photos/305153791/medium.jpg,Домашний голубь,Columba livia domestica,Домашний голубь
175581766,research,https://www.inaturalist.org/observations/175581766,https://inaturalist-open-data.s3.amazonaws.com/photos/305153810/medium.jpg,Домашний голубь,Columba livia domestica,Домашний голубь
176930748,research,https://www.inaturalist.org/observations/176930748,https://inaturalist-open-data.s3.amazonaws.com/photos/307663159/medium.jpg,Домашний голубь,Columba livia domestica,Домашний голубь
177395912,research,https://www.inaturalist.org/observations/177395912,https://inaturalist-open-data.s3.amazonaws.com/photos/308513850/medium.jpeg,Домашний голубь,Columba livia domestica,Домашний голубь
177395924,research,https://www.inaturalist.org/observations/177395924,https://inaturalist-open-data.s3.amazonaws.com/photos/308514273/medium.jpeg,Домашний голубь,Columba livia domestica,Домашний голубь
178493038,research,https://www.inaturalist.org/observations/178493038,https://inaturalist-open-data.s3.amazonaws.com/photos/310608218/medium.jpeg,Домашний голубь,Columba livia domestica,Домашний голубь
180950961,research,https://www.inaturalist.org/observations/180950961,https://static.inaturalist.org/photos/315290065/medium.jpg,Домашний голубь,Columba livia domestica,Домашний голубь
181635063,research,https://www.inaturalist.org/observations/181635063,https://inaturalist-open-data.s3.amazonaws.com/photos/316539117/medium.jpg,Домашний голубь,Columba livia domestica,Домашний голубь
182426041,research,https://www.inaturalist.org/observations/182426041,https://inaturalist-open-data.s3.amazonaws.com/photos/318069348/medium.jpg,Домашний голубь,Columba livia domestica,Домашний голубь
182916426,research,https://www.inaturalist.org/observations/182916426,https://static.inaturalist.org/photos/319023465/medium.jpeg,Feral Pigeon,Columba livia domestica,Домашний голубь
183340767,research,https://www.inaturalist.org/observations/183340767,https://inaturalist-open-data.s3.amazonaws.com/photos/319846207/medium.jpeg,Feral Pigeon,Columba livia domestica,Домашний голубь
185888079,research,https://www.inaturalist.org/observations/185888079,https://inaturalist-open-data.s3.amazonaws.com/photos/324731874/medium.jpg,Домашний голубь,Columba livia domestica,Домашний голубь
185888283,research,https://www.inaturalist.org/observations/185888283,https://inaturalist-open-data.s3.amazonaws.com/photos/324732216/medium.jpg,Домашний голубь,Columba livia domestica,Домашний голубь
186033222,research,https://www.inaturalist.org/observations/186033222,https://inaturalist-open-data.s3.amazonaws.com/photos/325010925/medium.jpg,Домашний голубь,Columba livia domestica,Домашний голубь
186033254,research,https://www.inaturalist.org/observations/186033254,https://inaturalist-open-data.s3.amazonaws.com/photos/325011218/medium.jpg,Домашний голубь,Columba livia domestica,Домашний голубь
186144438,research,https://www.inaturalist.org/observations/186144438,https://inaturalist-open-data.s3.amazonaws.com/photos/325237758/medium.jpeg,Домашний голубь,Columba livia domestica,Домашний голубь
188072496,research,https://www.inaturalist.org/observations/188072496,https://inaturalist-open-data.s3.amazonaws.com/photos/329031517/medium.jpg,Домашний голубь,Columba livia domestica,Домашний голубь
188130136,research,https://www.inaturalist.org/observations/188130136,https://inaturalist-open-data.s3.amazonaws.com/photos/329106103/medium.jpg,Домашний голубь,Columba livia domestica,Домашний голубь
190568984,research,https://www.inaturalist.org/observations/190568984,https://inaturalist-open-data.s3.amazonaws.com/photos/334110192/medium.jpeg,Feral Pigeon,Columba livia domestica,Домашний голубь
190993660,research,https://www.inaturalist.org/observations/190993660,https://static.inaturalist.org/photos/334949095/medium.jpeg,Домашний голубь,Columba livia domestica,Домашний голубь
191188079,research,https://www.inaturalist.org/observations/191188079,https://inaturalist-open-data.s3.amazonaws.com/photos/335339164/medium.jpg,Домашний голубь,Columba livia domestica,Домашний голубь
191202176,research,https://www.inaturalist.org/observations/191202176,https://inaturalist-open-data.s3.amazonaws.com/photos/335368121/medium.jpg,Домашний голубь,Columba livia domestica,Домашний голубь
191202579,research,https://www.inaturalist.org/observations/191202579,https://inaturalist-open-data.s3.amazonaws.com/photos/335368891/medium.jpg,Домашний голубь,Columba livia domestica,Домашний голубь
191203041,research,https://www.inaturalist.org/observations/191203041,https://inaturalist-open-data.s3.amazonaws.com/photos/335369965/medium.jpg,Домашний голубь,Columba livia domestica,Домашний голубь
191204233,research,https://www.inaturalist.org/observations/191204233,https://inaturalist-open-data.s3.amazonaws.com/photos/335372123/medium.jpg,Домашний голубь,Columba livia domestica,Домашний голубь
192112710,research,https://www.inaturalist.org/observations/192112710,https://inaturalist-open-data.s3.amazonaws.com/photos/337179971/medium.jpg,Домашний голубь,Columba livia domestica,Домашний голубь
192426756,research,https://www.inaturalist.org/observations/192426756,https://static.inaturalist.org/photos/337891810/medium.jpeg,Домашний голубь,Columba livia domestica,Домашний голубь
192444636,research,https://www.inaturalist.org/observations/192444636,https://static.inaturalist.org/photos/337832210/medium.jpg,Домашний голубь,Columba livia domestica,Домашний голубь
192722551,research,https://www.inaturalist.org/observations/192722551,https://inaturalist-open-data.s3.amazonaws.com/photos/338388064/medium.jpg,Домашний голубь,Columba livia domestica,Домашний голубь
192727862,research,https://www.inaturalist.org/observations/192727862,https://inaturalist-open-data.s3.amazonaws.com/photos/338398441/medium.jpg,Feral Pigeon,Columba livia domestica,Домашний голубь
192727863,research,https://www.inaturalist.org/observations/192727863,https://inaturalist-open-data.s3.amazonaws.com/photos/338398443/medium.jpg,Feral Pigeon,Columba livia domestica,Домашний голубь
192727864,research,https://www.inaturalist.org/observations/192727864,https://inaturalist-open-data.s3.amazonaws.com/photos/338398440/medium.jpg,Feral Pigeon,Columba livia domestica,Домашний голубь
192949217,research,https://www.inaturalist.org/observations/192949217,https://inaturalist-open-data.s3.amazonaws.com/photos/338840096/medium.jpg,Feral Pigeon,Columba livia domestica,Домашний голубь
193138612,research,https://www.inaturalist.org/observations/193138612,https://inaturalist-open-data.s3.amazonaws.com/photos/339229665/medium.jpg,Домашний голубь,Columba livia domestica,Домашний голубь
193262991,research,https://www.inaturalist.org/observations/193262991,https://inaturalist-open-data.s3.amazonaws.com/photos/339468362/medium.jpg,Домашний голубь,Columba livia domestica,Домашний голубь
193262992,research,https://www.inaturalist.org/observations/193262992,https://inaturalist-open-data.s3.amazonaws.com/photos/339468402/medium.jpg,Домашний голубь,Columba livia domestica,Домашний голубь
193287651,research,https://www.inaturalist.org/observations/193287651,https://inaturalist-open-data.s3.amazonaws.com/photos/339526805/medium.jpg,Домашний голубь,Columba livia domestica,Домашний голубь
193706276,research,https://www.inaturalist.org/observations/193706276,https://inaturalist-open-data.s3.amazonaws.com/photos/340304042/medium.jpeg,Feral Pigeon,Columba livia domestica,Домашний голубь
194097652,research,https://www.inaturalist.org/observations/194097652,https://static.inaturalist.org/photos/341089174/medium.jpeg,Домашний голубь,Columba livia domestica,Домашний голубь
194106086,research,https://www.inaturalist.org/observations/194106086,https://static.inaturalist.org/photos/341104610/medium.jpeg,Домашний голубь,Columba livia domestica,Домашний голубь
194106099,research,https://www.inaturalist.org/observations/194106099,https://static.inaturalist.org/photos/341104644/medium.jpeg,Домашний голубь,Columba livia domestica,Домашний голубь
194122548,research,https://www.inaturalist.org/observations/194122548,https://inaturalist-open-data.s3.amazonaws.com/photos/341138511/medium.jpg,Домашний голубь,Columba livia domestica,Домашний голубь
194412424,research,https://www.inaturalist.org/observations/194412424,https://inaturalist-open-data.s3.amazonaws.com/photos/341729304/medium.jpg,Домашний голубь,Columba livia domestica,Домашний голубь
194563660,research,https://www.inaturalist.org/observations/194563660,https://inaturalist-open-data.s3.amazonaws.com/photos/342037377/medium.jpg,Домашний голубь,Columba livia domestica,Домашний голубь
194642000,research,https://www.inaturalist.org/observations/194642000,https://inaturalist-open-data.s3.amazonaws.com/photos/342194019/medium.jpg,Домашний голубь,Columba livia domestica,Домашний голубь
194720625,research,https://www.inaturalist.org/observations/194720625,https://inaturalist-open-data.s3.amazonaws.com/photos/342353809/medium.jpg,Домашний голубь,Columba livia domestica,Домашний голубь
194969180,research,https://www.inaturalist.org/observations/194969180,https://inaturalist-open-data.s3.amazonaws.com/photos/342870247/medium.jpeg,Домашний голубь,Columba livia domestica,Домашний голубь
194969552,research,https://www.inaturalist.org/observations/194969552,https://inaturalist-open-data.s3.amazonaws.com/photos/342871015/medium.jpeg,Домашний голубь,Columba livia domestica,Домашний голубь
194970809,research,https://www.inaturalist.org/observations/194970809,https://inaturalist-open-data.s3.amazonaws.com/photos/342873144/medium.jpeg,Домашний голубь,Columba livia domestica,Домашний голубь
194987157,research,https://www.inaturalist.org/observations/194987157,https://inaturalist-open-data.s3.amazonaws.com/photos/342906893/medium.jpeg,Домашний голубь,Columba livia domestica,Домашний голубь
195201385,research,https://www.inaturalist.org/observations/195201385,https://inaturalist-open-data.s3.amazonaws.com/photos/343340032/medium.jpeg,Домашний голубь,Columba livia domestica,Домашний голубь
195568658,research,https://www.inaturalist.org/observations/195568658,https://static.inaturalist.org/photos/344092020/medium.jpeg,Feral Pigeon,Columba livia domestica,Домашний голубь
195692919,research,https://www.inaturalist.org/observations/195692919,https://inaturalist-open-data.s3.amazonaws.com/photos/344336636/medium.png,Домашний голубь,Columba livia domestica,Домашний голубь
195953586,research,https://www.inaturalist.org/observations/195953586,https://inaturalist-open-data.s3.amazonaws.com/photos/344865659/medium.jpeg,Домашний голубь,Columba livia domestica,Домашний голубь
195953588,research,https://www.inaturalist.org/observations/195953588,https://inaturalist-open-data.s3.amazonaws.com/photos/344865707/medium.png,Домашний голубь,Columba livia domestica,Домашний голубь
196201667,research,https://www.inaturalist.org/observations/196201667,https://inaturalist-open-data.s3.amazonaws.com/photos/345364092/medium.jpg,Домашний голубь,Columba livia domestica,Домашний голубь
196201814,research,https://www.inaturalist.org/observations/196201814,https://inaturalist-open-data.s3.amazonaws.com/photos/345364203/medium.jpg,Домашний голубь,Columba livia domestica,Домашний голубь
196254103,research,https://www.inaturalist.org/observations/196254103,https://inaturalist-open-data.s3.amazonaws.com/photos/345469780/medium.jpg,Домашний голубь,Columba livia domestica,Домашний голубь
196280375,research,https://www.inaturalist.org/observations/196280375,https://inaturalist-open-data.s3.amazonaws.com/photos/345520905/medium.jpg,Домашний голубь,Columba livia domestica,Домашний голубь
196280417,research,https://www.inaturalist.org/observations/196280417,https://inaturalist-open-data.s3.amazonaws.com/photos/345521122/medium.jpg,Домашний голубь,Columba livia domestica,Домашний голубь
196280488,research,https://www.inaturalist.org/observations/196280488,https://inaturalist-open-data.s3.amazonaws.com/photos/345522106/medium.jpg,Домашний голубь,Columba livia domestica,Домашний голубь
196352805,research,https://www.inaturalist.org/observations/196352805,https://inaturalist-open-data.s3.amazonaws.com/photos/345669772/medium.png,Домашний Голубь,Columba livia domestica,Домашний голубь
196352806,research,https://www.inaturalist.org/observations/196352806,https://inaturalist-open-data.s3.amazonaws.com/photos/345669783/medium.png,Домашний Голубь,Columba livia domestica,Домашний голубь
196352808,research,https://www.inaturalist.org/observations/196352808,https://inaturalist-open-data.s3.amazonaws.com/photos/345669805/medium.png,Домашний Голубь,Columba livia domestica,Домашний голубь
196448096,research,https://www.inaturalist.org/observations/196448096,https://inaturalist-open-data.s3.amazonaws.com/photos/345866036/medium.jpeg,Домашний голубь,Columba livia domestica,Домашний голубь
196585117,research,https://www.inaturalist.org/observations/196585117,https://inaturalist-open-data.s3.amazonaws.com/photos/346059817/medium.jpg,Домашний голубь,Columba livia domestica,Домашний голубь
196832302,research,https://www.inaturalist.org/observations/196832302,https://inaturalist-open-data.s3.amazonaws.com/photos/346515972/medium.jpg,Домашний голубь,Columba livia domestica,Домашний голубь
196832329,research,https://www.inaturalist.org/observations/196832329,https://inaturalist-open-data.s3.amazonaws.com/photos/346542882/medium.jpg,Домашний голубь,Columba livia domestica,Домашний голубь
197185658,research,https://www.inaturalist.org/observations/197185658,https://inaturalist-open-data.s3.amazonaws.com/photos/347230908/medium.jpg,Домашний голубь,Columba livia domestica,Домашний голубь
197185979,research,https://www.inaturalist.org/observations/197185979,https://inaturalist-open-data.s3.amazonaws.com/photos/347231195/medium.jpg,Домашний голубь,Columba livia domestica,Домашний голубь
197186025,research,https://www.inaturalist.org/observations/197186025,https://inaturalist-open-data.s3.amazonaws.com/photos/347233192/medium.jpg,Домашний голубь,Columba livia domestica,Домашний голубь
197186540,research,https://www.inaturalist.org/observations/197186540,https://inaturalist-open-data.s3.amazonaws.com/photos/347232046/medium.jpg,Домашний голубь,Columba livia domestica,Домашний голубь
197187223,research,https://www.inaturalist.org/observations/197187223,https://inaturalist-open-data.s3.amazonaws.com/photos/347233262/medium.jpg,Домашний голубь,Columba livia domestica,Домашний голубь
197217162,research,https://www.inaturalist.org/observations/197217162,https://inaturalist-open-data.s3.amazonaws.com/photos/347296670/medium.jpg,Домашний голубь,Columba livia domestica,Домашний голубь
197543619,research,https://www.inaturalist.org/observations/197543619,https://inaturalist-open-data.s3.amazonaws.com/photos/347958059/medium.jpg,Домашний голубь,Columba livia domestica,Домашний голубь
197634173,research,https://www.inaturalist.org/observations/197634173,https://static.inaturalist.org/photos/348139698/medium.jpeg,Домашний голубь,Columba livia domestica,Домашний голубь
197634633,research,https://www.inaturalist.org/observations/197634633,https://static.inaturalist.org/photos/348140533/medium.jpeg,Домашний голубь,Columba livia domestica,Домашний голубь
197639041,research,https://www.inaturalist.org/observations/197639041,https://static.inaturalist.org/photos/348148179/medium.jpeg,Домашний голубь,Columba livia domestica,Домашний голубь
198129870,research,https://www.inaturalist.org/observations/198129870,https://inaturalist-open-data.s3.amazonaws.com/photos/349138307/medium.jpeg,Домашний голубь,Columba livia domestica,Домашний голубь
198573103,research,https://www.inaturalist.org/observations/198573103,https://inaturalist-open-data.s3.amazonaws.com/photos/350023317/medium.jpg,Домашний голубь,Columba livia domestica,Домашний голубь
198663111,research,https://www.inaturalist.org/observations/198663111,https://inaturalist-open-data.s3.amazonaws.com/photos/350199117/medium.jpg,Домашний голубь,Columba livia domestica,Домашний голубь
198739397,research,https://www.inaturalist.org/observations/198739397,https://inaturalist-open-data.s3.amazonaws.com/photos/350346651/medium.jpg,Домашний голубь,Columba livia domestica,Домашний голубь
199673986,research,https://www.inaturalist.org/observations/199673986,https://inaturalist-open-data.s3.amazonaws.com/photos/352167320/medium.jpg,Feral Pigeon,Columba livia domestica,Домашний голубь
199674062,research,https://www.inaturalist.org/observations/199674062,https://inaturalist-open-data.s3.amazonaws.com/photos/352167456/medium.jpg,Feral Pigeon,Columba livia domestica,Домашний голубь
199674144,research,https://www.inaturalist.org/observations/199674144,https://inaturalist-open-data.s3.amazonaws.com/photos/352229681/medium.jpg,Feral Pigeon,Columba livia domestica,Домашний голубь
199982265,research,https://www.inaturalist.org/observations/199982265,https://inaturalist-open-data.s3.amazonaws.com/photos/352743056/medium.jpeg,Feral Pigeon,Columba livia domestica,Домашний голубь
200024386,research,https://www.inaturalist.org/observations/200024386,https://static.inaturalist.org/photos/352826546/medium.jpeg,Домашний голубь,Columba livia domestica,Домашний голубь
200058886,research,https://www.inaturalist.org/observations/200058886,https://inaturalist-open-data.s3.amazonaws.com/photos/352894422/medium.jpeg,Домашний голубь,Columba livia domestica,Домашний голубь
200059237,research,https://www.inaturalist.org/observations/200059237,https://inaturalist-open-data.s3.amazonaws.com/photos/352895331/medium.jpeg,Домашний голубь,Columba livia domestica,Домашний голубь
200065987,research,https://www.inaturalist.org/observations/200065987,https://inaturalist-open-data.s3.amazonaws.com/photos/352908973/medium.jpeg,Домашний голубь,Columba livia domestica,Домашний голубь
200608568,research,https://www.inaturalist.org/observations/200608568,https://inaturalist-open-data.s3.amazonaws.com/photos/353970499/medium.jpeg,Feral Pigeon,Columba livia domestica,Домашний голубь
201133830,research,https://www.inaturalist.org/observations/201133830,https://inaturalist-open-data.s3.amazonaws.com/photos/354997083/medium.jpg,Домашний голубь,Columba livia domestica,Домашний голубь
201788047,research,https://www.inaturalist.org/observations/201788047,https://static.inaturalist.org/photos/356263733/medium.jpeg,Домашний голубь,Columba livia domestica,Домашний голубь
202138334,research,https://www.inaturalist.org/observations/202138334,https://inaturalist-open-data.s3.amazonaws.com/photos/356948474/medium.jpg,Домашний голубь,Columba livia domestica,Домашний голубь
202251797,research,https://www.inaturalist.org/observations/202251797,https://inaturalist-open-data.s3.amazonaws.com/photos/357171426/medium.jpg,Домашний голубь,Columba livia domestica,Домашний голубь
202304943,research,https://www.inaturalist.org/observations/202304943,https://inaturalist-open-data.s3.amazonaws.com/photos/357253553/medium.jpeg,Домашний голубь,Columba livia domestica,Домашний голубь
202304958,research,https://www.inaturalist.org/observations/202304958,https://inaturalist-open-data.s3.amazonaws.com/photos/357254321/medium.jpeg,Домашний голубь,Columba livia domestica,Домашний голубь
202402327,research,https://www.inaturalist.org/observations/202402327,https://inaturalist-open-data.s3.amazonaws.com/photos/357460612/medium.jpg,Домашний голубь,Columba livia domestica,Домашний голубь
202427803,research,https://www.inaturalist.org/observations/202427803,https://inaturalist-open-data.s3.amazonaws.com/photos/357508467/medium.jpg,Домашний голубь,Columba livia domestica,Домашний голубь
202487098,research,https://www.inaturalist.org/observations/202487098,https://inaturalist-open-data.s3.amazonaws.com/photos/357622722/medium.jpeg,Домашний голубь,Columba livia domestica,Домашний голубь
202488122,research,https://www.inaturalist.org/observations/202488122,https://inaturalist-open-data.s3.amazonaws.com/photos/357624704/medium.jpeg,Домашний голубь,Columba livia domestica,Домашний голубь
202488271,research,https://www.inaturalist.org/observations/202488271,https://inaturalist-open-data.s3.amazonaws.com/photos/357624970/medium.jpeg,Домашний голубь,Columba livia domestica,Домашний голубь
202488361,research,https://www.inaturalist.org/observations/202488361,https://inaturalist-open-data.s3.amazonaws.com/photos/357625160/medium.jpeg,Домашний голубь,Columba livia domestica,Домашний голубь
202488568,research,https://www.inaturalist.org/observations/202488568,https://inaturalist-open-data.s3.amazonaws.com/photos/357625444/medium.jpeg,Домашний голубь,Columba livia domestica,Домашний голубь
202632641,research,https://www.inaturalist.org/observations/202632641,https://inaturalist-open-data.s3.amazonaws.com/photos/357901310/medium.jpg,Домашний голубь,Columba livia domestica,Домашний голубь
202635921,research,https://www.inaturalist.org/observations/202635921,https://inaturalist-open-data.s3.amazonaws.com/photos/357907608/medium.jpeg,Домашний голубь,Columba livia domestica,Домашний голубь
203476406,research,https://www.inaturalist.org/observations/203476406,https://inaturalist-open-data.s3.amazonaws.com/photos/359512093/medium.jpg,Домашний голубь,Columba livia domestica,Домашний голубь
203476407,research,https://www.inaturalist.org/observations/203476407,https://inaturalist-open-data.s3.amazonaws.com/photos/359512155/medium.jpg,Домашний голубь,Columba livia domestica,Домашний голубь
203476418,research,https://www.inaturalist.org/observations/203476418,https://inaturalist-open-data.s3.amazonaws.com/photos/359512256/medium.jpg,Домашний голубь,Columba livia domestica,Домашний голубь
204000160,research,https://www.inaturalist.org/observations/204000160,https://inaturalist-open-data.s3.amazonaws.com/photos/360514644/medium.jpg,Домашний голубь,Columba livia domestica,Домашний голубь
204000166,research,https://www.inaturalist.org/observations/204000166,https://inaturalist-open-data.s3.amazonaws.com/photos/360514699/medium.jpg,Домашний голубь,Columba livia domestica,Домашний голубь
204368899,research,https://www.inaturalist.org/observations/204368899,https://inaturalist-open-data.s3.amazonaws.com/photos/361226617/medium.jpeg,Домашний голубь,Columba livia domestica,Домашний голубь
204368900,research,https://www.inaturalist.org/observations/204368900,https://inaturalist-open-data.s3.amazonaws.com/photos/361227098/medium.jpeg,Домашний голубь,Columba livia domestica,Домашний голубь
205402878,research,https://www.inaturalist.org/observations/205402878,https://inaturalist-open-data.s3.amazonaws.com/photos/363185855/medium.jpeg,Feral Pigeon,Columba livia domestica,Домашний голубь
205556825,research,https://www.inaturalist.org/observations/205556825,https://inaturalist-open-data.s3.amazonaws.com/photos/363475533/medium.jpeg,Feral Pigeon,Columba livia domestica,Домашний голубь
205633544,research,https://www.inaturalist.org/observations/205633544,https://inaturalist-open-data.s3.amazonaws.com/photos/363624316/medium.jpeg,Домашний голубь,Columba livia domestica,Домашний голубь
206106145,research,https://www.inaturalist.org/observations/206106145,https://inaturalist-open-data.s3.amazonaws.com/photos/364499555/medium.jpeg,Домашний голубь,Columba livia domestica,Домашний голубь
206663966,research,https://www.inaturalist.org/observations/206663966,https://inaturalist-open-data.s3.amazonaws.com/photos/365464835/medium.jpg,Домашний голубь,Columba livia domestica,Домашний голубь
206693122,research,https://www.inaturalist.org/observations/206693122,https://inaturalist-open-data.s3.amazonaws.com/photos/365522976/medium.jpg,Домашний голубь,Columba livia domestica,Домашний голубь
207195531,research,https://www.inaturalist.org/observations/207195531,https://inaturalist-open-data.s3.amazonaws.com/photos/366466547/medium.jpeg,Feral Pigeon,Columba livia domestica,Домашний голубь
207805659,research,https://www.inaturalist.org/observations/207805659,https://inaturalist-open-data.s3.amazonaws.com/photos/367609407/medium.jpg,Домашний голубь,Columba livia domestica,Домашний голубь
207996432,research,https://www.inaturalist.org/observations/207996432,https://inaturalist-open-data.s3.amazonaws.com/photos/367967307/medium.jpg,Домашний голубь,Columba livia domestica,Домашний голубь
207997530,research,https://www.inaturalist.org/observations/207997530,https://inaturalist-open-data.s3.amazonaws.com/photos/367968828/medium.jpg,Домашний голубь,Columba livia domestica,Домашний голубь
208462856,research,https://www.inaturalist.org/observations/208462856,https://inaturalist-open-data.s3.amazonaws.com/photos/368842953/medium.jpg,Домашний голубь,Columba livia domestica,Домашний голубь
208462862,research,https://www.inaturalist.org/observations/208462862,https://inaturalist-open-data.s3.amazonaws.com/photos/368842925/medium.jpg,Домашний голубь,Columba livia domestica,Домашний голубь
212159754,research,https://www.inaturalist.org/observations/212159754,https://static.inaturalist.org/photos/374936243/medium.jpeg,Домашний голубь,Columba livia domestica,Домашний голубь
212166899,research,https://www.inaturalist.org/observations/212166899,https://static.inaturalist.org/photos/374949074/medium.jpeg,Домашний голубь,Columba livia domestica,Домашний голубь
212228658,research,https://www.inaturalist.org/observations/212228658,https://static.inaturalist.org/photos/375057825/medium.jpeg,Домашний голубь,Columba livia domestica,Домашний голубь
212242112,research,https://www.inaturalist.org/observations/212242112,https://static.inaturalist.org/photos/375080015/medium.jpeg,Домашний голубь,Columba livia domestica,Домашний голубь
212722910,research,https://www.inaturalist.org/observations/212722910,https://inaturalist-open-data.s3.amazonaws.com/photos/375919313/medium.jpg,Домашний голубь,Columba livia domestica,Домашний голубь
212723712,research,https://www.inaturalist.org/observations/212723712,https://inaturalist-open-data.s3.amazonaws.com/photos/375920427/medium.jpg,Домашний голубь,Columba livia domestica,Домашний голубь
212723996,research,https://www.inaturalist.org/observations/212723996,https://inaturalist-open-data.s3.amazonaws.com/photos/375920988/medium.jpg,Домашний голубь,Columba livia domestica,Домашний голубь
212724482,research,https://www.inaturalist.org/observations/212724482,https://inaturalist-open-data.s3.amazonaws.com/photos/375922043/medium.jpg,Домашний голубь,Columba livia domestica,Домашний голубь
213144615,research,https://www.inaturalist.org/observations/213144615,https://inaturalist-open-data.s3.amazonaws.com/photos/376675631/medium.jpg,Домашний голубь,Columba livia domestica,Домашний голубь
213505277,research,https://www.inaturalist.org/observations/213505277,https://inaturalist-open-data.s3.amazonaws.com/photos/377324596/medium.jpg,Домашний голубь,Columba livia domestica,Домашний голубь
214213278,research,https://www.inaturalist.org/observations/214213278,https://inaturalist-open-data.s3.amazonaws.com/photos/378611134/medium.jpg,Домашний голубь,Columba livia domestica,Домашний голубь
214536952,research,https://www.inaturalist.org/observations/214536952,https://inaturalist-open-data.s3.amazonaws.com/photos/379220399/medium.jpg,Домашний голубь,Columba livia domestica,Домашний голубь
214655144,research,https://www.inaturalist.org/observations/214655144,https://inaturalist-open-data.s3.amazonaws.com/photos/379434640/medium.jpg,Домашний голубь,Columba livia domestica,Домашний голубь
216075790,research,https://www.inaturalist.org/observations/216075790,https://inaturalist-open-data.s3.amazonaws.com/photos/382102884/medium.jpeg,Feral Pigeon,Columba livia domestica,Домашний голубь
216078727,research,https://www.inaturalist.org/observations/216078727,https://inaturalist-open-data.s3.amazonaws.com/photos/382108118/medium.jpeg,Feral Pigeon,Columba livia domestica,Домашний голубь
216647393,research,https://www.inaturalist.org/observations/216647393,https://inaturalist-open-data.s3.amazonaws.com/photos/383168816/medium.jpeg,Домашний голубь,Columba livia domestica,Домашний голубь
216647729,research,https://www.inaturalist.org/observations/216647729,https://inaturalist-open-data.s3.amazonaws.com/photos/383169369/medium.jpeg,Домашний голубь,Columba livia domestica,Домашний голубь
217348751,research,https://www.inaturalist.org/observations/217348751,https://inaturalist-open-data.s3.amazonaws.com/photos/384493422/medium.jpg,Домашний голубь,Columba livia domestica,Домашний голубь
217428554,research,https://www.inaturalist.org/observations/217428554,https://inaturalist-open-data.s3.amazonaws.com/photos/384650747/medium.jpeg,Домашний голубь,Columba livia domestica,Домашний голубь
217476521,research,https://www.inaturalist.org/observations/217476521,https://inaturalist-open-data.s3.amazonaws.com/photos/384739117/medium.jpg,Домашний голубь,Columba livia domestica,Домашний голубь
217623348,research,https://www.inaturalist.org/observations/217623348,https://inaturalist-open-data.s3.amazonaws.com/photos/385012869/medium.jpeg,Домашний голубь,Columba livia domestica,Домашний голубь
218917706,research,https://www.inaturalist.org/observations/218917706,https://inaturalist-open-data.s3.amazonaws.com/photos/387432251/medium.jpg,Домашний голубь,Columba livia domestica,Домашний голубь
218962459,research,https://www.inaturalist.org/observations/218962459,https://inaturalist-open-data.s3.amazonaws.com/photos/387512904/medium.jpeg,Домашний голубь,Columba livia domestica,Домашний голубь
221283655,research,https://www.inaturalist.org/observations/221283655,https://inaturalist-open-data.s3.amazonaws.com/photos/391869754/medium.jpeg,Домашний голубь,Columba livia domestica,Домашний голубь
221284576,research,https://www.inaturalist.org/observations/221284576,https://inaturalist-open-data.s3.amazonaws.com/photos/391871153/medium.jpeg,Домашний голубь,Columba livia domestica,Домашний голубь
221639773,research,https://www.inaturalist.org/observations/221639773,https://static.inaturalist.org/photos/392510428/medium.jpeg,Домашний голубь,Columba livia domestica,Домашний голубь
221639832,research,https://www.inaturalist.org/observations/221639832,https://static.inaturalist.org/photos/392517028/medium.jpeg,Домашний голубь,Columba livia domestica,Домашний голубь
221981795,research,https://www.inaturalist.org/observations/221981795,https://inaturalist-open-data.s3.amazonaws.com/photos/393168387/medium.jpeg,Домашний голубь,Columba livia domestica,Домашний голубь
221981797,research,https://www.inaturalist.org/observations/221981797,https://inaturalist-open-data.s3.amazonaws.com/photos/393168391/medium.jpeg,Домашний голубь,Columba livia domestica,Домашний голубь
221981798,research,https://www.inaturalist.org/observations/221981798,https://inaturalist-open-data.s3.amazonaws.com/photos/393168412/medium.jpeg,Домашний голубь,Columba livia domestica,Домашний голубь
223133405,research,https://www.inaturalist.org/observations/223133405,https://inaturalist-open-data.s3.amazonaws.com/photos/395308659/medium.jpeg,Домашний голубь,Columba livia domestica,Домашний голубь
224274307,research,https://www.inaturalist.org/observations/224274307,https://inaturalist-open-data.s3.amazonaws.com/photos/397473512/medium.jpg,Домашний голубь,Columba livia domestica,Домашний голубь
224275577,research,https://www.inaturalist.org/observations/224275577,https://inaturalist-open-data.s3.amazonaws.com/photos/397476447/medium.jpg,Домашний голубь,Columba livia domestica,Домашний голубь
224278182,research,https://www.inaturalist.org/observations/224278182,https://inaturalist-open-data.s3.amazonaws.com/photos/397480987/medium.jpg,Домашний голубь,Columba livia domestica,Домашний голубь
224278306,research,https://www.inaturalist.org/observations/224278306,https://inaturalist-open-data.s3.amazonaws.com/photos/397481210/medium.jpg,Домашний голубь,Columba livia domestica,Домашний голубь
224278380,research,https://www.inaturalist.org/observations/224278380,https://inaturalist-open-data.s3.amazonaws.com/photos/397482116/medium.jpg,Домашний голубь,Columba livia domestica,Домашний голубь
224278743,research,https://www.inaturalist.org/observations/224278743,https://inaturalist-open-data.s3.amazonaws.com/photos/397482319/medium.jpg,Домашний голубь,Columba livia domestica,Домашний голубь
224289427,research,https://www.inaturalist.org/observations/224289427,https://inaturalist-open-data.s3.amazonaws.com/photos/397503144/medium.jpg,Домашний голубь,Columba livia domestica,Домашний голубь
224295950,research,https://www.inaturalist.org/observations/224295950,https://inaturalist-open-data.s3.amazonaws.com/photos/397516168/medium.jpg,Домашний голубь,Columba livia domestica,Домашний голубь
225090575,needs_id,https://www.inaturalist.org/observations/225090575,https://inaturalist-open-data.s3.amazonaws.com/photos/399036233/medium.jpg,"",Columba livia domestica,Домашний голубь
225704499,research,https://www.inaturalist.org/observations/225704499,https://inaturalist-open-data.s3.amazonaws.com/photos/400202215/medium.jpg,Домашний голубь,Columba livia domestica,Домашний голубь
226522929,research,https://www.inaturalist.org/observations/226522929,https://inaturalist-open-data.s3.amazonaws.com/photos/401750915/medium.jpeg,Домашний голубь,Columba livia domestica,Домашний голубь
226523016,research,https://www.inaturalist.org/observations/226523016,https://inaturalist-open-data.s3.amazonaws.com/photos/401751148/medium.jpeg,Домашний голубь,Columba livia domestica,Домашний голубь
227834349,research,https://www.inaturalist.org/observations/227834349,https://inaturalist-open-data.s3.amazonaws.com/photos/404225102/medium.jpeg,Домашний голубь,Columba livia domestica,Домашний голубь
227840482,research,https://www.inaturalist.org/observations/227840482,https://inaturalist-open-data.s3.amazonaws.com/photos/404237074/medium.jpeg,Домашний голубь,Columba livia domestica,Домашний голубь
227856757,research,https://www.inaturalist.org/observations/227856757,https://inaturalist-open-data.s3.amazonaws.com/photos/404268321/medium.jpeg,Домашний голубь,Columba livia domestica,Домашний голубь
229197206,research,https://www.inaturalist.org/observations/229197206,https://inaturalist-open-data.s3.amazonaws.com/photos/406815653/medium.jpeg,Домашний голубь,Columba livia domestica,Домашний голубь
230028537,research,https://www.inaturalist.org/observations/230028537,https://inaturalist-open-data.s3.amazonaws.com/photos/408392263/medium.jpeg,Домашний голубь,Columba livia domestica,Домашний голубь
230028851,research,https://www.inaturalist.org/observations/230028851,https://inaturalist-open-data.s3.amazonaws.com/photos/408393200/medium.jpeg,Домашний голубь,Columba livia domestica,Домашний голубь
230029660,research,https://www.inaturalist.org/observations/230029660,https://inaturalist-open-data.s3.amazonaws.com/photos/408394358/medium.jpeg,Домашний голубь,Columba livia domestica,Домашний голубь
231983265,research,https://www.inaturalist.org/observations/231983265,https://inaturalist-open-data.s3.amazonaws.com/photos/412090610/medium.jpeg,Домашний голубь,Columba livia domestica,Домашний голубь
232899593,research,https://www.inaturalist.org/observations/232899593,https://inaturalist-open-data.s3.amazonaws.com/photos/413834159/medium.jpeg,Домашний голубь,Columba livia domestica,Домашний голубь
233140526,research,https://www.inaturalist.org/observations/233140526,https://inaturalist-open-data.s3.amazonaws.com/photos/414296458/medium.jpeg,Домашний голубь,Columba livia domestica,Домашний голубь
233909584,research,https://www.inaturalist.org/observations/233909584,https://inaturalist-open-data.s3.amazonaws.com/photos/415760108/medium.jpeg,Feral Pigeon,Columba livia domestica,Домашний голубь
235389478,research,https://www.inaturalist.org/observations/235389478,https://inaturalist-open-data.s3.amazonaws.com/photos/418615518/medium.jpeg,Feral Pigeon,Columba livia domestica,Домашний голубь
236193339,research,https://www.inaturalist.org/observations/236193339,https://inaturalist-open-data.s3.amazonaws.com/photos/420170776/medium.jpg,Домашний голубь,Columba livia domestica,Домашний голубь
236706869,research,https://www.inaturalist.org/observations/236706869,https://inaturalist-open-data.s3.amazonaws.com/photos/421153841/medium.jpeg,Feral Pigeon,Columba livia domestica,Домашний голубь
237232619,research,https://www.inaturalist.org/observations/237232619,https://inaturalist-open-data.s3.amazonaws.com/photos/422169664/medium.jpg,Домашний голубь,Columba livia domestica,Домашний голубь
237899070,research,https://www.inaturalist.org/observations/237899070,https://inaturalist-open-data.s3.amazonaws.com/photos/423455011/medium.jpg,Домашний голубь,Columba livia domestica,Домашний голубь
237899071,research,https://www.inaturalist.org/observations/237899071,https://inaturalist-open-data.s3.amazonaws.com/photos/423455665/medium.jpg,Домашний голубь,Columba livia domestica,Домашний голубь
238103194,research,https://www.inaturalist.org/observations/238103194,https://inaturalist-open-data.s3.amazonaws.com/photos/423848251/medium.jpeg,Feral Pigeon,Columba livia domestica,Домашний голубь
238104794,research,https://www.inaturalist.org/observations/238104794,https://inaturalist-open-data.s3.amazonaws.com/photos/423851277/medium.jpeg,Feral Pigeon,Columba livia domestica,Домашний голубь
238960879,research,https://www.inaturalist.org/observations/238960879,https://static.inaturalist.org/photos/425510511/medium.jpeg,Домашний голубь,Columba livia domestica,Домашний голубь
238960893,research,https://www.inaturalist.org/observations/238960893,https://static.inaturalist.org/photos/425510666/medium.jpeg,Домашний голубь,Columba livia domestica,Домашний голубь
239424319,research,https://www.inaturalist.org/observations/239424319,https://inaturalist-open-data.s3.amazonaws.com/photos/426416385/medium.jpeg,Pombo-doméstico,Columba livia domestica,Домашний голубь
239583268,research,https://www.inaturalist.org/observations/239583268,https://inaturalist-open-data.s3.amazonaws.com/photos/426731241/medium.jpeg,Pombo-doméstico,Columba livia domestica,Домашний голубь
239681586,research,https://www.inaturalist.org/observations/239681586,https://inaturalist-open-data.s3.amazonaws.com/photos/426912131/medium.jpeg,Pombo-doméstico,Columba livia domestica,Домашний голубь
239767066,research,https://www.inaturalist.org/observations/239767066,https://inaturalist-open-data.s3.amazonaws.com/photos/427080294/medium.jpeg,Pombo-doméstico,Columba livia domestica,Домашний голубь
240534762,research,https://www.inaturalist.org/observations/240534762,https://inaturalist-open-data.s3.amazonaws.com/photos/428554424/medium.jpeg,家鸽,Columba livia domestica,Домашний голубь
241360748,research,https://www.inaturalist.org/observations/241360748,https://inaturalist-open-data.s3.amazonaws.com/photos/430148467/medium.jpeg,Pombo-doméstico,Columba livia domestica,Домашний голубь
241660800,research,https://www.inaturalist.org/observations/241660800,https://inaturalist-open-data.s3.amazonaws.com/photos/430724662/medium.jpeg,Pombo-doméstico,Columba livia domestica,Домашний голубь
241661973,research,https://www.inaturalist.org/observations/241661973,https://inaturalist-open-data.s3.amazonaws.com/photos/430726698/medium.jpeg,Pombo-doméstico,Columba livia domestica,Домашний голубь
242289799,research,https://www.inaturalist.org/observations/242289799,https://inaturalist-open-data.s3.amazonaws.com/photos/431940162/medium.jpeg,Домашний голубь,Columba livia domestica,Домашний голубь
242737317,research,https://www.inaturalist.org/observations/242737317,https://inaturalist-open-data.s3.amazonaws.com/photos/432755346/medium.jpg,Домашний голубь,Columba livia domestica,Домашний голубь
244444639,research,https://www.inaturalist.org/observations/244444639,https://static.inaturalist.org/photos/436030801/medium.jpeg,Домашний голубь,Columba livia domestica,Домашний голубь
244933837,research,https://www.inaturalist.org/observations/244933837,https://inaturalist-open-data.s3.amazonaws.com/photos/436983289/medium.jpeg,Домашний голубь,Columba livia domestica,Домашний голубь
245410381,research,https://www.inaturalist.org/observations/245410381,https://inaturalist-open-data.s3.amazonaws.com/photos/437920477/medium.jpeg,Feral Pigeon,Columba livia domestica,Домашний голубь
246450404,research,https://www.inaturalist.org/observations/246450404,https://inaturalist-open-data.s3.amazonaws.com/photos/439976998/medium.jpeg,Feral Pigeon,Columba livia domestica,Домашний голубь
248156885,research,https://www.inaturalist.org/observations/248156885,https://static.inaturalist.org/photos/443343167/medium.jpg,Домашний голубь,Columba livia domestica,Домашний голубь
248272495,research,https://www.inaturalist.org/observations/248272495,https://inaturalist-open-data.s3.amazonaws.com/photos/443574529/medium.jpg,Домашний голубь,Columba livia domestica,Домашний голубь
248333303,research,https://www.inaturalist.org/observations/248333303,https://static.inaturalist.org/photos/443682801/medium.jpg,Сизый голубь,Columba livia domestica,Домашний голубь
248347171,research,https://www.inaturalist.org/observations/248347171,https://static.inaturalist.org/photos/443718234/medium.jpg,Домашний голубь,Columba livia domestica,Домашний голубь
248427393,research,https://www.inaturalist.org/observations/248427393,https://inaturalist-open-data.s3.amazonaws.com/photos/443884815/medium.jpg,Домашний голубь,Columba livia domestica,Домашний голубь
248674642,research,https://www.inaturalist.org/observations/248674642,https://inaturalist-open-data.s3.amazonaws.com/photos/444380645/medium.jpeg,Домашний голубь,Columba livia domestica,Домашний голубь
248674681,research,https://www.inaturalist.org/observations/248674681,https://inaturalist-open-data.s3.amazonaws.com/photos/444380683/medium.jpeg,Домашний голубь,Columba livia domestica,Домашний голубь
248674703,research,https://www.inaturalist.org/observations/248674703,https://inaturalist-open-data.s3.amazonaws.com/photos/444380703/medium.jpeg,Домашний голубь,Columba livia domestica,Домашний голубь
248674805,research,https://www.inaturalist.org/observations/248674805,https://inaturalist-open-data.s3.amazonaws.com/photos/444380770/medium.jpeg,Домашний голубь,Columba livia domestica,Домашний голубь
249211071,research,https://www.inaturalist.org/observations/249211071,https://inaturalist-open-data.s3.amazonaws.com/photos/445438647/medium.jpeg,Feral Pigeon,Columba livia domestica,Домашний голубь
249867282,research,https://www.inaturalist.org/observations/249867282,https://inaturalist-open-data.s3.amazonaws.com/photos/446751689/medium.jpeg,Домашний голубь,Columba livia domestica,Домашний голубь
250118363,research,https://www.inaturalist.org/observations/250118363,https://inaturalist-open-data.s3.amazonaws.com/photos/447252403/medium.jpg,Домашний голубь,Columba livia domestica,Домашний голубь
250261856,research,https://www.inaturalist.org/observations/250261856,https://inaturalist-open-data.s3.amazonaws.com/photos/447545638/medium.jpeg,Домашний голубь,Columba livia domestica,Домашний голубь
250432897,research,https://www.inaturalist.org/observations/250432897,https://static.inaturalist.org/photos/447888499/medium.jpeg,Домашний голубь,Columba livia domestica,Домашний голубь
251190007,research,https://www.inaturalist.org/observations/251190007,https://inaturalist-open-data.s3.amazonaws.com/photos/449403719/medium.jpeg,Домашний голубь,Columba livia domestica,Домашний голубь
251190640,research,https://www.inaturalist.org/observations/251190640,https://inaturalist-open-data.s3.amazonaws.com/photos/449405133/medium.jpeg,Домашний голубь,Columba livia domestica,Домашний голубь
251450064,research,https://www.inaturalist.org/observations/251450064,https://inaturalist-open-data.s3.amazonaws.com/photos/449919434/medium.jpeg,Домашний голубь,Columba livia domestica,Домашний голубь
251467348,research,https://www.inaturalist.org/observations/251467348,https://inaturalist-open-data.s3.amazonaws.com/photos/449954697/medium.jpeg,Домашний голубь,Columba livia domestica,Домашний голубь
251470945,research,https://www.inaturalist.org/observations/251470945,https://inaturalist-open-data.s3.amazonaws.com/photos/449961286/medium.jpeg,Домашний голубь,Columba livia domestica,Домашний голубь
251487771,research,https://www.inaturalist.org/observations/251487771,https://inaturalist-open-data.s3.amazonaws.com/photos/449995062/medium.jpg,Домашний голубь,Columba livia domestica,Домашний голубь
251655424,research,https://www.inaturalist.org/observations/251655424,https://inaturalist-open-data.s3.amazonaws.com/photos/450329573/medium.jpeg,Feral Pigeon,Columba livia domestica,Домашний голубь
251949791,research,https://www.inaturalist.org/observations/251949791,https://inaturalist-open-data.s3.amazonaws.com/photos/450916036/medium.jpeg,Домашний голубь,Columba livia domestica,Домашний голубь
252591774,research,https://www.inaturalist.org/observations/252591774,https://inaturalist-open-data.s3.amazonaws.com/photos/452201123/medium.jpeg,Домашний голубь,Columba livia domestica,Домашний голубь
253186646,research,https://www.inaturalist.org/observations/253186646,https://inaturalist-open-data.s3.amazonaws.com/photos/453296991/medium.jpeg,Feral Pigeon,Columba livia domestica,Домашний голубь
253314554,research,https://www.inaturalist.org/observations/253314554,https://inaturalist-open-data.s3.amazonaws.com/photos/453544873/medium.jpeg,Feral Pigeon,Columba livia domestica,Домашний голубь
253515084,research,https://www.inaturalist.org/observations/253515084,https://inaturalist-open-data.s3.amazonaws.com/photos/453945172/medium.jpeg,Домашний голубь,Columba livia domestica,Домашний голубь
253519995,research,https://www.inaturalist.org/observations/253519995,https://inaturalist-open-data.s3.amazonaws.com/photos/453954742/medium.jpeg,Feral Pigeon,Columba livia domestica,Домашний голубь
253534832,research,https://www.inaturalist.org/observations/253534832,https://inaturalist-open-data.s3.amazonaws.com/photos/453983014/medium.jpeg,Домашний голубь,Columba livia domestica,Домашний голубь
253545469,research,https://www.inaturalist.org/observations/253545469,https://inaturalist-open-data.s3.amazonaws.com/photos/454004758/medium.jpeg,Feral Pigeon,Columba livia domestica,Домашний голубь
253569566,research,https://www.inaturalist.org/observations/253569566,https://inaturalist-open-data.s3.amazonaws.com/photos/454052934/medium.jpeg,Feral Pigeon,Columba livia domestica,Домашний голубь
253577697,research,https://www.inaturalist.org/observations/253577697,https://inaturalist-open-data.s3.amazonaws.com/photos/454069301/medium.jpeg,Домашний голубь,Columba livia domestica,Домашний голубь
253577833,research,https://www.inaturalist.org/observations/253577833,https://inaturalist-open-data.s3.amazonaws.com/photos/454069600/medium.jpeg,Домашний голубь,Columba livia domestica,Домашний голубь
253577911,research,https://www.inaturalist.org/observations/253577911,https://inaturalist-open-data.s3.amazonaws.com/photos/454069741/medium.jpeg,Домашний голубь,Columba livia domestica,Домашний голубь
253578079,research,https://www.inaturalist.org/observations/253578079,https://inaturalist-open-data.s3.amazonaws.com/photos/454069908/medium.jpeg,Домашний голубь,Columba livia domestica,Домашний голубь
253675197,research,https://www.inaturalist.org/observations/253675197,https://inaturalist-open-data.s3.amazonaws.com/photos/454262891/medium.jpeg,Домашний голубь,Columba livia domestica,Домашний голубь
253675418,research,https://www.inaturalist.org/observations/253675418,https://inaturalist-open-data.s3.amazonaws.com/photos/454262947/medium.jpeg,Домашний голубь,Columba livia domestica,Домашний голубь
253675673,research,https://www.inaturalist.org/observations/253675673,https://inaturalist-open-data.s3.amazonaws.com/photos/454263345/medium.jpeg,Домашний голубь,Columba livia domestica,Домашний голубь
253675752,research,https://www.inaturalist.org/observations/253675752,https://inaturalist-open-data.s3.amazonaws.com/photos/454263515/medium.jpeg,Домашний голубь,Columba livia domestica,Домашний голубь
253675773,research,https://www.inaturalist.org/observations/253675773,https://inaturalist-open-data.s3.amazonaws.com/photos/454263584/medium.jpeg,Домашний голубь,Columba livia domestica,Домашний голубь
253675963,research,https://www.inaturalist.org/observations/253675963,https://inaturalist-open-data.s3.amazonaws.com/photos/454263953/medium.jpeg,Домашний голубь,Columba livia domestica,Домашний голубь
253676001,research,https://www.inaturalist.org/observations/253676001,https://inaturalist-open-data.s3.amazonaws.com/photos/454264050/medium.jpeg,Домашний голубь,Columba livia domestica,Домашний голубь
253676038,research,https://www.inaturalist.org/observations/253676038,https://inaturalist-open-data.s3.amazonaws.com/photos/454264153/medium.jpeg,Домашний голубь,Columba livia domestica,Домашний голубь
253679077,research,https://www.inaturalist.org/observations/253679077,https://inaturalist-open-data.s3.amazonaws.com/photos/454270159/medium.jpeg,Домашний голубь,Columba livia domestica,Домашний голубь
253679151,research,https://www.inaturalist.org/observations/253679151,https://inaturalist-open-data.s3.amazonaws.com/photos/454270319/medium.jpeg,Домашний голубь,Columba livia domestica,Домашний голубь
253679314,research,https://www.inaturalist.org/observations/253679314,https://inaturalist-open-data.s3.amazonaws.com/photos/454270710/medium.jpeg,Домашний голубь,Columba livia domestica,Домашний голубь
253679335,research,https://www.inaturalist.org/observations/253679335,https://inaturalist-open-data.s3.amazonaws.com/photos/454270777/medium.jpeg,Домашний голубь,Columba livia domestica,Домашний голубь
253679427,research,https://www.inaturalist.org/observations/253679427,https://inaturalist-open-data.s3.amazonaws.com/photos/454270972/medium.jpeg,Домашний голубь,Columba livia domestica,Домашний голубь
253766336,research,https://www.inaturalist.org/observations/253766336,https://inaturalist-open-data.s3.amazonaws.com/photos/454444041/medium.jpeg,Домашний голубь,Columba livia domestica,Домашний голубь
253769378,research,https://www.inaturalist.org/observations/253769378,https://inaturalist-open-data.s3.amazonaws.com/photos/454450310/medium.jpeg,Домашний голубь,Columba livia domestica,Домашний голубь
253850707,research,https://www.inaturalist.org/observations/253850707,https://inaturalist-open-data.s3.amazonaws.com/photos/454610161/medium.jpeg,Домашний голубь,Columba livia domestica,Домашний голубь
254494898,research,https://www.inaturalist.org/observations/254494898,https://inaturalist-open-data.s3.amazonaws.com/photos/455861589/medium.jpg,Домашний голубь,Columba livia domestica,Домашний голубь
254494908,research,https://www.inaturalist.org/observations/254494908,https://inaturalist-open-data.s3.amazonaws.com/photos/455861607/medium.jpg,Домашний голубь,Columba livia domestica,Домашний голубь
254494918,research,https://www.inaturalist.org/observations/254494918,https://inaturalist-open-data.s3.amazonaws.com/photos/455861633/medium.jpg,Домашний голубь,Columba livia domestica,Домашний голубь
254494932,research,https://www.inaturalist.org/observations/254494932,https://inaturalist-open-data.s3.amazonaws.com/photos/455861649/medium.jpg,Домашний голубь,Columba livia domestica,Домашний голубь
254494952,research,https://www.inaturalist.org/observations/254494952,https://inaturalist-open-data.s3.amazonaws.com/photos/455861719/medium.jpg,Домашний голубь,Columba livia domestica,Домашний голубь
254494980,research,https://www.inaturalist.org/observations/254494980,https://inaturalist-open-data.s3.amazonaws.com/photos/455861773/medium.jpg,Домашний голубь,Columba livia domestica,Домашний голубь
254891103,research,https://www.inaturalist.org/observations/254891103,https://inaturalist-open-data.s3.amazonaws.com/photos/456664103/medium.jpg,Домашний голубь,Columba livia domestica,Домашний голубь
255005142,research,https://www.inaturalist.org/observations/255005142,https://inaturalist-open-data.s3.amazonaws.com/photos/456891666/medium.jpeg,Домашний голубь,Columba livia domestica,Домашний голубь
255160597,research,https://www.inaturalist.org/observations/255160597,https://inaturalist-open-data.s3.amazonaws.com/photos/457207278/medium.jpg,Домашний голубь,Columba livia domestica,Домашний голубь
255901065,research,https://www.inaturalist.org/observations/255901065,https://inaturalist-open-data.s3.amazonaws.com/photos/458684294/medium.jpeg,Домашний голубь,Columba livia domestica,Домашний голубь
255902384,research,https://www.inaturalist.org/observations/255902384,https://inaturalist-open-data.s3.amazonaws.com/photos/458687078/medium.jpeg,Домашний голубь,Columba livia domestica,Домашний голубь
255902385,research,https://www.inaturalist.org/observations/255902385,https://inaturalist-open-data.s3.amazonaws.com/photos/458687085/medium.jpeg,Домашний голубь,Columba livia domestica,Домашний голубь
256188191,research,https://www.inaturalist.org/observations/256188191,https://inaturalist-open-data.s3.amazonaws.com/photos/459267836/medium.jpg,Домашний голубь,Columba livia domestica,Домашний голубь
257340775,research,https://www.inaturalist.org/observations/257340775,https://inaturalist-open-data.s3.amazonaws.com/photos/461595114/medium.jpeg,Домашний голубь,Columba livia domestica,Домашний голубь
257576536,research,https://www.inaturalist.org/observations/257576536,https://inaturalist-open-data.s3.amazonaws.com/photos/462097833/medium.jpeg,Feral Pigeon,Columba livia domestica,Домашний голубь
257689145,research,https://www.inaturalist.org/observations/257689145,https://inaturalist-open-data.s3.amazonaws.com/photos/462308858/medium.jpg,Домашний голубь,Columba livia domestica,Домашний голубь
257912733,research,https://www.inaturalist.org/observations/257912733,https://inaturalist-open-data.s3.amazonaws.com/photos/462683315/medium.jpg,Домашний голубь,Columba livia domestica,Домашний голубь
258040273,research,https://www.inaturalist.org/observations/258040273,https://inaturalist-open-data.s3.amazonaws.com/photos/462908789/medium.jpg,Домашний голубь,Columba livia domestica,Домашний голубь
258274315,research,https://www.inaturalist.org/observations/258274315,https://inaturalist-open-data.s3.amazonaws.com/photos/463346550/medium.jpg,Домашний голубь,Columba livia domestica,Домашний голубь
258274327,research,https://www.inaturalist.org/observations/258274327,https://inaturalist-open-data.s3.amazonaws.com/photos/463346604/medium.jpg,Домашний голубь,Columba livia domestica,Домашний голубь
258564730,research,https://www.inaturalist.org/observations/258564730,https://inaturalist-open-data.s3.amazonaws.com/photos/463939942/medium.jpeg,Домашний голубь,Columba livia domestica,Домашний голубь
258766395,research,https://www.inaturalist.org/observations/258766395,https://inaturalist-open-data.s3.amazonaws.com/photos/464352444/medium.jpeg,Feral Pigeon,Columba livia domestica,Домашний голубь
259045531,research,https://www.inaturalist.org/observations/259045531,https://inaturalist-open-data.s3.amazonaws.com/photos/464922192/medium.jpeg,Домашний голубь,Columba livia domestica,Домашний голубь
259045588,research,https://www.inaturalist.org/observations/259045588,https://inaturalist-open-data.s3.amazonaws.com/photos/464922296/medium.jpeg,Домашний голубь,Columba livia domestica,Домашний голубь
259080678,research,https://www.inaturalist.org/observations/259080678,https://inaturalist-open-data.s3.amazonaws.com/photos/464991398/medium.jpg,Домашний голубь,Columba livia domestica,Домашний голубь
259082848,research,https://www.inaturalist.org/observations/259082848,https://inaturalist-open-data.s3.amazonaws.com/photos/464996262/medium.jpeg,Домашний голубь,Columba livia domestica,Домашний голубь
259083194,research,https://www.inaturalist.org/observations/259083194,https://inaturalist-open-data.s3.amazonaws.com/photos/464996884/medium.jpeg,Домашний голубь,Columba livia domestica,Домашний голубь
259083326,research,https://www.inaturalist.org/observations/259083326,https://inaturalist-open-data.s3.amazonaws.com/photos/464997101/medium.jpeg,Домашний голубь,Columba livia domestica,Домашний голубь
259132009,research,https://www.inaturalist.org/observations/259132009,https://static.inaturalist.org/photos/465098215/medium.jpeg,Домашний голубь,Columba livia domestica,Домашний голубь
259160816,research,https://www.inaturalist.org/observations/259160816,https://inaturalist-open-data.s3.amazonaws.com/photos/465155361/medium.jpg,Домашний голубь,Columba livia domestica,Домашний голубь
259160832,research,https://www.inaturalist.org/observations/259160832,https://inaturalist-open-data.s3.amazonaws.com/photos/465155386/medium.jpg,Домашний голубь,Columba livia domestica,Домашний голубь
259160841,research,https://www.inaturalist.org/observations/259160841,https://inaturalist-open-data.s3.amazonaws.com/photos/465155414/medium.jpg,Домашний голубь,Columba livia domestica,Домашний голубь
259162327,research,https://www.inaturalist.org/observations/259162327,https://inaturalist-open-data.s3.amazonaws.com/photos/465158982/medium.jpg,Домашний голубь,Columba livia domestica,Домашний голубь
259162361,research,https://www.inaturalist.org/observations/259162361,https://inaturalist-open-data.s3.amazonaws.com/photos/465159007/medium.jpg,Домашний голубь,Columba livia domestica,Домашний голубь
259162474,research,https://www.inaturalist.org/observations/259162474,https://inaturalist-open-data.s3.amazonaws.com/photos/465159576/medium.jpg,Домашний голубь,Columba livia domestica,Домашний голубь
259162535,research,https://www.inaturalist.org/observations/259162535,https://inaturalist-open-data.s3.amazonaws.com/photos/465159857/medium.jpg,Домашний голубь,Columba livia domestica,Домашний голубь
259162668,research,https://www.inaturalist.org/observations/259162668,https://inaturalist-open-data.s3.amazonaws.com/photos/465160160/medium.jpg,Домашний голубь,Columba livia domestica,Домашний голубь
259162672,research,https://www.inaturalist.org/observations/259162672,https://inaturalist-open-data.s3.amazonaws.com/photos/465160173/medium.jpg,Домашний голубь,Columba livia domestica,Домашний голубь
259162702,research,https://www.inaturalist.org/observations/259162702,https://inaturalist-open-data.s3.amazonaws.com/photos/465160243/medium.jpg,Домашний голубь,Columba livia domestica,Домашний голубь
259162781,research,https://www.inaturalist.org/observations/259162781,https://inaturalist-open-data.s3.amazonaws.com/photos/465160418/medium.jpg,Домашний голубь,Columba livia domestica,Домашний голубь
259162848,research,https://www.inaturalist.org/observations/259162848,https://inaturalist-open-data.s3.amazonaws.com/photos/465160592/medium.jpg,Домашний голубь,Columba livia domestica,Домашний голубь
259162991,research,https://www.inaturalist.org/observations/259162991,https://inaturalist-open-data.s3.amazonaws.com/photos/465160840/medium.jpg,Домашний голубь,Columba livia domestica,Домашний голубь
259163022,research,https://www.inaturalist.org/observations/259163022,https://inaturalist-open-data.s3.amazonaws.com/photos/465160917/medium.jpg,Домашний голубь,Columba livia domestica,Домашний голубь
259163037,research,https://www.inaturalist.org/observations/259163037,https://inaturalist-open-data.s3.amazonaws.com/photos/465161652/medium.jpg,Домашний голубь,Columba livia domestica,Домашний голубь
259176970,research,https://www.inaturalist.org/observations/259176970,https://inaturalist-open-data.s3.amazonaws.com/photos/465188072/medium.jpeg,Feral Pigeon,Columba livia domestica,Домашний голубь
259178373,research,https://www.inaturalist.org/observations/259178373,https://inaturalist-open-data.s3.amazonaws.com/photos/465190146/medium.jpeg,Домашний голубь,Columba livia domestica,Домашний голубь
259273681,research,https://www.inaturalist.org/observations/259273681,https://inaturalist-open-data.s3.amazonaws.com/photos/465386117/medium.jpg,Домашний голубь,Columba livia domestica,Домашний голубь
259273716,research,https://www.inaturalist.org/observations/259273716,https://inaturalist-open-data.s3.amazonaws.com/photos/465386219/medium.jpg,Домашний голубь,Columba livia domestica,Домашний голубь
259331183,research,https://www.inaturalist.org/observations/259331183,https://inaturalist-open-data.s3.amazonaws.com/photos/465504640/medium.jpg,Домашний голубь,Columba livia domestica,Домашний голубь
259331216,research,https://www.inaturalist.org/observations/259331216,https://inaturalist-open-data.s3.amazonaws.com/photos/465504733/medium.jpg,Домашний голубь,Columba livia domestica,Домашний голубь
259333935,research,https://www.inaturalist.org/observations/259333935,https://inaturalist-open-data.s3.amazonaws.com/photos/465509600/medium.jpg,Домашний голубь,Columba livia domestica,Домашний голубь
259333954,research,https://www.inaturalist.org/observations/259333954,https://inaturalist-open-data.s3.amazonaws.com/photos/465509655/medium.jpg,Домашний голубь,Columba livia domestica,Домашний голубь
259334018,research,https://www.inaturalist.org/observations/259334018,https://inaturalist-open-data.s3.amazonaws.com/photos/465509786/medium.jpg,Домашний голубь,Columba livia domestica,Домашний голубь
259334074,research,https://www.inaturalist.org/observations/259334074,https://inaturalist-open-data.s3.amazonaws.com/photos/465509906/medium.jpg,Домашний голубь,Columba livia domestica,Домашний голубь
259334090,research,https://www.inaturalist.org/observations/259334090,https://inaturalist-open-data.s3.amazonaws.com/photos/465509940/medium.jpg,Домашний голубь,Columba livia domestica,Домашний голубь
259334227,research,https://www.inaturalist.org/observations/259334227,https://inaturalist-open-data.s3.amazonaws.com/photos/465510044/medium.jpg,Домашний голубь,Columba livia domestica,Домашний голубь
259334239,research,https://www.inaturalist.org/observations/259334239,https://inaturalist-open-data.s3.amazonaws.com/photos/465510060/medium.jpg,Домашний голубь,Columba livia domestica,Домашний голубь
259334264,research,https://www.inaturalist.org/observations/259334264,https://inaturalist-open-data.s3.amazonaws.com/photos/465510106/medium.jpg,Домашний голубь,Columba livia domestica,Домашний голубь
259334286,research,https://www.inaturalist.org/observations/259334286,https://inaturalist-open-data.s3.amazonaws.com/photos/465510187/medium.jpg,Домашний голубь,Columba livia domestica,Домашний голубь
259334318,research,https://www.inaturalist.org/observations/259334318,https://inaturalist-open-data.s3.amazonaws.com/photos/465510266/medium.jpg,Домашний голубь,Columba livia domestica,Домашний голубь
259334350,research,https://www.inaturalist.org/observations/259334350,https://inaturalist-open-data.s3.amazonaws.com/photos/465510350/medium.jpg,Домашний голубь,Columba livia domestica,Домашний голубь
259334384,research,https://www.inaturalist.org/observations/259334384,https://inaturalist-open-data.s3.amazonaws.com/photos/465510438/medium.jpg,Домашний голубь,Columba livia domestica,Домашний голубь
259334459,research,https://www.inaturalist.org/observations/259334459,https://inaturalist-open-data.s3.amazonaws.com/photos/465510719/medium.jpg,Домашний голубь,Columba livia domestica,Домашний голубь
259334514,research,https://www.inaturalist.org/observations/259334514,https://inaturalist-open-data.s3.amazonaws.com/photos/465510741/medium.jpg,Домашний голубь,Columba livia domestica,Домашний голубь
259334537,research,https://www.inaturalist.org/observations/259334537,https://inaturalist-open-data.s3.amazonaws.com/photos/465510777/medium.jpg,Домашний голубь,Columba livia domestica,Домашний голубь
259334627,research,https://www.inaturalist.org/observations/259334627,https://inaturalist-open-data.s3.amazonaws.com/photos/465510923/medium.jpg,Домашний голубь,Columba livia domestica,Домашний голубь
259334671,research,https://www.inaturalist.org/observations/259334671,https://inaturalist-open-data.s3.amazonaws.com/photos/465511053/medium.jpg,Домашний голубь,Columba livia domestica,Домашний голубь
259334701,research,https://www.inaturalist.org/observations/259334701,https://inaturalist-open-data.s3.amazonaws.com/photos/465511114/medium.jpg,Домашний голубь,Columba livia domestica,Домашний голубь
259334736,research,https://www.inaturalist.org/observations/259334736,https://inaturalist-open-data.s3.amazonaws.com/photos/465511239/medium.jpg,Домашний голубь,Columba livia domestica,Домашний голубь
259334868,research,https://www.inaturalist.org/observations/259334868,https://inaturalist-open-data.s3.amazonaws.com/photos/465511379/medium.jpg,Домашний голубь,Columba livia domestica,Домашний голубь
259334937,research,https://www.inaturalist.org/observations/259334937,https://inaturalist-open-data.s3.amazonaws.com/photos/465554141/medium.jpg,Домашний голубь,Columba livia domestica,Домашний голубь
259363665,research,https://www.inaturalist.org/observations/259363665,https://inaturalist-open-data.s3.amazonaws.com/photos/465567341/medium.jpg,Домашний голубь,Columba livia domestica,Домашний голубь
259363677,research,https://www.inaturalist.org/observations/259363677,https://inaturalist-open-data.s3.amazonaws.com/photos/465567368/medium.jpg,Домашний голубь,Columba livia domestica,Домашний голубь
259363696,research,https://www.inaturalist.org/observations/259363696,https://inaturalist-open-data.s3.amazonaws.com/photos/465567413/medium.jpg,Домашний голубь,Columba livia domestica,Домашний голубь
259363812,research,https://www.inaturalist.org/observations/259363812,https://inaturalist-open-data.s3.amazonaws.com/photos/465567590/medium.jpg,Домашний голубь,Columba livia domestica,Домашний голубь
259370830,research,https://www.inaturalist.org/observations/259370830,https://inaturalist-open-data.s3.amazonaws.com/photos/465582058/medium.jpg,Домашний голубь,Columba livia domestica,Домашний голубь
259370843,research,https://www.inaturalist.org/observations/259370843,https://inaturalist-open-data.s3.amazonaws.com/photos/465582104/medium.jpg,Домашний голубь,Columba livia domestica,Домашний голубь
259370851,research,https://www.inaturalist.org/observations/259370851,https://inaturalist-open-data.s3.amazonaws.com/photos/465582126/medium.jpg,Домашний голубь,Columba livia domestica,Домашний голубь
259370880,research,https://www.inaturalist.org/observations/259370880,https://inaturalist-open-data.s3.amazonaws.com/photos/465582228/medium.jpg,Домашний голубь,Columba livia domestica,Домашний голубь
259370892,research,https://www.inaturalist.org/observations/259370892,https://inaturalist-open-data.s3.amazonaws.com/photos/465582301/medium.jpg,Домашний голубь,Columba livia domestica,Домашний голубь
259453004,research,https://www.inaturalist.org/observations/259453004,https://inaturalist-open-data.s3.amazonaws.com/photos/465747261/medium.jpg,Домашний голубь,Columba livia domestica,Домашний голубь
259453010,research,https://www.inaturalist.org/observations/259453010,https://inaturalist-open-data.s3.amazonaws.com/photos/465747273/medium.jpg,Домашний голубь,Columba livia domestica,Домашний голубь
259660537,research,https://www.inaturalist.org/observations/259660537,https://inaturalist-open-data.s3.amazonaws.com/photos/466162629/medium.jpg,Домашний голубь,Columba livia domestica,Домашний голубь
259760531,research,https://www.inaturalist.org/observations/259760531,https://inaturalist-open-data.s3.amazonaws.com/photos/466365938/medium.jpg,Домашний голубь,Columba livia domestica,Домашний голубь
259781310,research,https://www.inaturalist.org/observations/259781310,https://inaturalist-open-data.s3.amazonaws.com/photos/466405610/medium.jpeg,Домашний голубь,Columba livia domestica,Домашний голубь
259785072,research,https://www.inaturalist.org/observations/259785072,https://inaturalist-open-data.s3.amazonaws.com/photos/466413609/medium.jpg,Домашний голубь,Columba livia domestica,Домашний голубь
259785073,research,https://www.inaturalist.org/observations/259785073,https://inaturalist-open-data.s3.amazonaws.com/photos/466413618/medium.jpg,Домашний голубь,Columba livia domestica,Домашний голубь
259887964,research,https://www.inaturalist.org/observations/259887964,https://inaturalist-open-data.s3.amazonaws.com/photos/466609948/medium.jpg,Домашний голубь,Columba livia domestica,Домашний голубь
259887965,research,https://www.inaturalist.org/observations/259887965,https://inaturalist-open-data.s3.amazonaws.com/photos/466609953/medium.jpg,Домашний голубь,Columba livia domestica,Домашний голубь
259900925,research,https://www.inaturalist.org/observations/259900925,https://inaturalist-open-data.s3.amazonaws.com/photos/466636119/medium.jpg,Домашний голубь,Columba livia domestica,Домашний голубь
259940291,research,https://www.inaturalist.org/observations/259940291,https://inaturalist-open-data.s3.amazonaws.com/photos/466717903/medium.jpg,Домашний голубь,Columba livia domestica,Домашний голубь
259987122,research,https://www.inaturalist.org/observations/259987122,https://inaturalist-open-data.s3.amazonaws.com/photos/466809595/medium.jpeg,Feral Pigeon,Columba livia domestica,Домашний голубь
260048499,research,https://www.inaturalist.org/observations/260048499,https://inaturalist-open-data.s3.amazonaws.com/photos/466930824/medium.jpg,Домашний голубь,Columba livia domestica,Домашний голубь
260065297,research,https://www.inaturalist.org/observations/260065297,https://inaturalist-open-data.s3.amazonaws.com/photos/466963396/medium.jpeg,Домашний голубь,Columba livia domestica,Домашний голубь
260182349,research,https://www.inaturalist.org/observations/260182349,https://inaturalist-open-data.s3.amazonaws.com/photos/467195386/medium.jpeg,Feral Pigeon,Columba livia domestica,Домашний голубь
260185845,research,https://www.inaturalist.org/observations/260185845,https://inaturalist-open-data.s3.amazonaws.com/photos/467202778/medium.jpeg,Домашний голубь,Columba livia domestica,Домашний голубь
260461794,research,https://www.inaturalist.org/observations/260461794,https://inaturalist-open-data.s3.amazonaws.com/photos/467755611/medium.jpg,Домашний голубь,Columba livia domestica,Домашний голубь
260635680,research,https://www.inaturalist.org/observations/260635680,https://inaturalist-open-data.s3.amazonaws.com/photos/468095444/medium.jpeg,Домашний голубь,Columba livia domestica,Домашний голубь
260641781,research,https://www.inaturalist.org/observations/260641781,https://inaturalist-open-data.s3.amazonaws.com/photos/468107441/medium.jpeg,Домашний голубь,Columba livia domestica,Домашний голубь
260681526,research,https://www.inaturalist.org/observations/260681526,https://inaturalist-open-data.s3.amazonaws.com/photos/468188471/medium.jpeg,Домашний голубь,Columba livia domestica,Домашний голубь
260789455,research,https://www.inaturalist.org/observations/260789455,https://inaturalist-open-data.s3.amazonaws.com/photos/468399266/medium.jpeg,Домашний голубь,Columba livia domestica,Домашний голубь
260815577,research,https://www.inaturalist.org/observations/260815577,https://inaturalist-open-data.s3.amazonaws.com/photos/468448036/medium.jpeg,Feral Pigeon,Columba livia domestica,Домашний голубь
260927050,research,https://www.inaturalist.org/observations/260927050,https://inaturalist-open-data.s3.amazonaws.com/photos/468670570/medium.jpg,Домашний голубь,Columba livia domestica,Домашний голубь
261160743,research,https://www.inaturalist.org/observations/261160743,https://inaturalist-open-data.s3.amazonaws.com/photos/469134321/medium.jpeg,Домашний голубь,Columba livia domestica,Домашний голубь
261276370,research,https://www.inaturalist.org/observations/261276370,https://inaturalist-open-data.s3.amazonaws.com/photos/469365997/medium.jpeg,Домашний голубь,Columba livia domestica,Домашний голубь
261522980,research,https://www.inaturalist.org/observations/261522980,https://inaturalist-open-data.s3.amazonaws.com/photos/469855130/medium.jpeg,Feral Pigeon,Columba livia domestica,Домашний голубь
261967162,research,https://www.inaturalist.org/observations/261967162,https://static.inaturalist.org/photos/470733173/medium.jpeg,Домашний голубь,Columba livia domestica,Домашний голубь
262002593,research,https://www.inaturalist.org/observations/262002593,https://inaturalist-open-data.s3.amazonaws.com/photos/470800927/medium.jpg,Домашний голубь,Columba livia domestica,Домашний голубь
262395208,research,https://www.inaturalist.org/observations/262395208,https://inaturalist-open-data.s3.amazonaws.com/photos/471401699/medium.jpeg,Feral Pigeon,Columba livia domestica,Домашний голубь
262700381,research,https://www.inaturalist.org/observations/262700381,https://inaturalist-open-data.s3.amazonaws.com/photos/471790387/medium.jpg,Домашний голубь,Columba livia domestica,Домашний голубь
262700410,research,https://www.inaturalist.org/observations/262700410,https://inaturalist-open-data.s3.amazonaws.com/photos/471791181/medium.jpg,Домашний голубь,Columba livia domestica,Домашний голубь
262839837,research,https://www.inaturalist.org/observations/262839837,https://inaturalist-open-data.s3.amazonaws.com/photos/472073336/medium.jpg,Домашний голубь,Columba livia domestica,Домашний голубь
263170342,research,https://www.inaturalist.org/observations/263170342,https://static.inaturalist.org/photos/472735416/medium.jpg,Домашний голубь,Columba livia domestica,Домашний голубь
263406336,research,https://www.inaturalist.org/observations/263406336,https://static.inaturalist.org/photos/473195248/medium.jpeg,Домашний голубь,Columba livia domestica,Домашний голубь
263406374,research,https://www.inaturalist.org/observations/263406374,https://static.inaturalist.org/photos/473195801/medium.jpeg,Домашний голубь,Columba livia domestica,Домашний голубь
263486845,research,https://www.inaturalist.org/observations/263486845,https://inaturalist-open-data.s3.amazonaws.com/photos/473358167/medium.jpg,Домашний голубь,Columba livia domestica,Домашний голубь
263486855,research,https://www.inaturalist.org/observations/263486855,https://inaturalist-open-data.s3.amazonaws.com/photos/473358186/medium.jpg,Домашний голубь,Columba livia domestica,Домашний голубь
263486866,research,https://www.inaturalist.org/observations/263486866,https://inaturalist-open-data.s3.amazonaws.com/photos/473358199/medium.jpg,Домашний голубь,Columba livia domestica,Домашний голубь
263486873,research,https://www.inaturalist.org/observations/263486873,https://inaturalist-open-data.s3.amazonaws.com/photos/473358219/medium.jpg,Домашний голубь,Columba livia domestica,Домашний голубь
263486883,research,https://www.inaturalist.org/observations/263486883,https://inaturalist-open-data.s3.amazonaws.com/photos/473358245/medium.jpg,Домашний голубь,Columba livia domestica,Домашний голубь
263529723,research,https://www.inaturalist.org/observations/263529723,https://inaturalist-open-data.s3.amazonaws.com/photos/473441815/medium.jpg,Домашний голубь,Columba livia domestica,Домашний голубь
263639580,research,https://www.inaturalist.org/observations/263639580,https://static.inaturalist.org/photos/473658688/medium.jpg,Домашний голубь,Columba livia domestica,Домашний голубь
263763166,research,https://www.inaturalist.org/observations/263763166,https://inaturalist-open-data.s3.amazonaws.com/photos/473901655/medium.jpeg,Домашний голубь,Columba livia domestica,Домашний голубь
263875363,research,https://www.inaturalist.org/observations/263875363,https://inaturalist-open-data.s3.amazonaws.com/photos/474125829/medium.jpg,Домашний голубь,Columba livia domestica,Домашний голубь
264855874,research,https://www.inaturalist.org/observations/264855874,https://inaturalist-open-data.s3.amazonaws.com/photos/475638987/medium.jpeg,Домашний голубь,Columba livia domestica,Домашний голубь
264909461,research,https://www.inaturalist.org/observations/264909461,https://inaturalist-open-data.s3.amazonaws.com/photos/475745442/medium.jpg,Домашний голубь,Columba livia domestica,Домашний голубь
264951192,research,https://www.inaturalist.org/observations/264951192,https://inaturalist-open-data.s3.amazonaws.com/photos/475824734/medium.jpeg,Feral Pigeon,Columba livia domestica,Домашний голубь
265016017,research,https://www.inaturalist.org/observations/265016017,https://inaturalist-open-data.s3.amazonaws.com/photos/475954184/medium.jpg,Домашний голубь,Columba livia domestica,Домашний голубь
265016034,research,https://www.inaturalist.org/observations/265016034,https://inaturalist-open-data.s3.amazonaws.com/photos/475954242/medium.jpg,Домашний голубь,Columba livia domestica,Домашний голубь
265016037,research,https://www.inaturalist.org/observations/265016037,https://inaturalist-open-data.s3.amazonaws.com/photos/475954253/medium.jpg,Домашний голубь,Columba livia domestica,Домашний голубь
265016263,research,https://www.inaturalist.org/observations/265016263,https://inaturalist-open-data.s3.amazonaws.com/photos/475954640/medium.jpg,Домашний голубь,Columba livia domestica,Домашний голубь
265016265,research,https://www.inaturalist.org/observations/265016265,https://inaturalist-open-data.s3.amazonaws.com/photos/475954666/medium.jpg,Домашний голубь,Columba livia domestica,Домашний голубь
265016323,research,https://www.inaturalist.org/observations/265016323,https://inaturalist-open-data.s3.amazonaws.com/photos/475954721/medium.jpg,Домашний голубь,Columba livia domestica,Домашний голубь
265016329,research,https://www.inaturalist.org/observations/265016329,https://inaturalist-open-data.s3.amazonaws.com/photos/475954753/medium.jpg,Домашний голубь,Columba livia domestica,Домашний голубь
265034017,research,https://www.inaturalist.org/observations/265034017,https://static.inaturalist.org/photos/475988364/medium.jpeg,Домашний голубь,Columba livia domestica,Домашний голубь
265184589,research,https://www.inaturalist.org/observations/265184589,https://inaturalist-open-data.s3.amazonaws.com/photos/476284319/medium.jpeg,Домашний голубь,Columba livia domestica,Домашний голубь
265241512,research,https://www.inaturalist.org/observations/265241512,https://inaturalist-open-data.s3.amazonaws.com/photos/476415727/medium.jpeg,Домашний голубь,Columba livia domestica,Домашний голубь
265288265,research,https://www.inaturalist.org/observations/265288265,https://inaturalist-open-data.s3.amazonaws.com/photos/476489052/medium.jpeg,Домашний голубь,Columba livia domestica,Домашний голубь
266218023,research,https://www.inaturalist.org/observations/266218023,https://inaturalist-open-data.s3.amazonaws.com/photos/478298539/medium.jpeg,Feral Pigeon,Columba livia domestica,Домашний голубь
266445268,research,https://www.inaturalist.org/observations/266445268,https://inaturalist-open-data.s3.amazonaws.com/photos/478730141/medium.jpg,Домашний голубь,Columba livia domestica,Домашний голубь
266445594,research,https://www.inaturalist.org/observations/266445594,https://inaturalist-open-data.s3.amazonaws.com/photos/478730757/medium.jpg,Домашний голубь,Columba livia domestica,Домашний голубь
266445613,research,https://www.inaturalist.org/observations/266445613,https://inaturalist-open-data.s3.amazonaws.com/photos/478730820/medium.jpg,Сизый голубь,Columba livia domestica,Домашний голубь
266445626,research,https://www.inaturalist.org/observations/266445626,https://inaturalist-open-data.s3.amazonaws.com/photos/478730847/medium.jpg,Домашний голубь,Columba livia domestica,Домашний голубь
266445637,research,https://www.inaturalist.org/observations/266445637,https://inaturalist-open-data.s3.amazonaws.com/photos/478730951/medium.jpg,Домашний голубь,Columba livia domestica,Домашний голубь
266445672,research,https://www.inaturalist.org/observations/266445672,https://inaturalist-open-data.s3.amazonaws.com/photos/478731075/medium.jpg,Домашний голубь,Columba livia domestica,Домашний голубь
266445757,research,https://www.inaturalist.org/observations/266445757,https://inaturalist-open-data.s3.amazonaws.com/photos/478731164/medium.jpg,Домашний голубь,Columba livia domestica,Домашний голубь
266445773,research,https://www.inaturalist.org/observations/266445773,https://inaturalist-open-data.s3.amazonaws.com/photos/478731192/medium.jpg,Домашний голубь,Columba livia domestica,Домашний голубь
266445784,research,https://www.inaturalist.org/observations/266445784,https://inaturalist-open-data.s3.amazonaws.com/photos/478731232/medium.jpg,Домашний голубь,Columba livia domestica,Домашний голубь
266445932,research,https://www.inaturalist.org/observations/266445932,https://inaturalist-open-data.s3.amazonaws.com/photos/478731557/medium.jpg,Домашний голубь,Columba livia domestica,Домашний голубь
266446015,research,https://www.inaturalist.org/observations/266446015,https://inaturalist-open-data.s3.amazonaws.com/photos/478731702/medium.jpg,Домашний голубь,Columba livia domestica,Домашний голубь
266584699,research,https://www.inaturalist.org/observations/266584699,https://inaturalist-open-data.s3.amazonaws.com/photos/478987800/medium.jpg,Домашний голубь,Columba livia domestica,Домашний голубь
266744813,research,https://www.inaturalist.org/observations/266744813,https://inaturalist-open-data.s3.amazonaws.com/photos/479280432/medium.jpeg,Домашний голубь,Columba livia domestica,Домашний голубь
266744897,research,https://www.inaturalist.org/observations/266744897,https://inaturalist-open-data.s3.amazonaws.com/photos/479280509/medium.jpeg,Домашний голубь,Columba livia domestica,Домашний голубь
266934412,research,https://www.inaturalist.org/observations/266934412,https://inaturalist-open-data.s3.amazonaws.com/photos/479641811/medium.jpeg,Feral Pigeon,Columba livia domestica,Домашний голубь
267050648,research,https://www.inaturalist.org/observations/267050648,https://inaturalist-open-data.s3.amazonaws.com/photos/479867386/medium.jpg,Домашний голубь,Columba livia domestica,Домашний голубь
267230320,research,https://www.inaturalist.org/observations/267230320,https://inaturalist-open-data.s3.amazonaws.com/photos/480209732/medium.jpeg,Домашний голубь,Columba livia domestica,Домашний голубь
267356934,research,https://www.inaturalist.org/observations/267356934,https://static.inaturalist.org/photos/480453073/medium.jpeg,Домашний голубь,Columba livia domestica,Домашний голубь
267514485,research,https://www.inaturalist.org/observations/267514485,https://inaturalist-open-data.s3.amazonaws.com/photos/480756957/medium.jpeg,Домашний голубь,Columba livia domestica,Домашний голубь
267649787,research,https://www.inaturalist.org/observations/267649787,https://inaturalist-open-data.s3.amazonaws.com/photos/481017335/medium.jpg,Домашний голубь,Columba livia domestica,Домашний голубь
267685947,research,https://www.inaturalist.org/observations/267685947,https://static.inaturalist.org/photos/481088475/medium.jpeg,Домашний голубь,Columba livia domestica,Домашний голубь
267685983,research,https://www.inaturalist.org/observations/267685983,https://static.inaturalist.org/photos/481088620/medium.jpeg,Домашний голубь,Columba livia domestica,Домашний голубь
267686005,research,https://www.inaturalist.org/observations/267686005,https://static.inaturalist.org/photos/481088774/medium.jpeg,Домашний голубь,Columba livia domestica,Домашний голубь
267717083,research,https://www.inaturalist.org/observations/267717083,https://inaturalist-open-data.s3.amazonaws.com/photos/481144452/medium.jpg,Домашний голубь,Columba livia domestica,Домашний голубь
267717113,research,https://www.inaturalist.org/observations/267717113,https://inaturalist-open-data.s3.amazonaws.com/photos/481151953/medium.jpg,Домашний голубь,Columba livia domestica,Домашний голубь
267717181,research,https://www.inaturalist.org/observations/267717181,https://inaturalist-open-data.s3.amazonaws.com/photos/481888761/medium.jpg,Домашний голубь,Columba livia domestica,Домашний голубь
268008504,research,https://www.inaturalist.org/observations/268008504,https://inaturalist-open-data.s3.amazonaws.com/photos/481648126/medium.jpg,Домашний голубь,Columba livia domestica,Домашний голубь
268008507,research,https://www.inaturalist.org/observations/268008507,https://inaturalist-open-data.s3.amazonaws.com/photos/481648117/medium.jpg,Домашний голубь,Columba livia domestica,Домашний голубь
268109660,research,https://www.inaturalist.org/observations/268109660,https://inaturalist-open-data.s3.amazonaws.com/photos/481888825/medium.jpg,Домашний голубь,Columba livia domestica,Домашний голубь
268185216,research,https://www.inaturalist.org/observations/268185216,https://inaturalist-open-data.s3.amazonaws.com/photos/482036913/medium.jpeg,Домашний голубь,Columba livia domestica,Домашний голубь
268797795,research,https://www.inaturalist.org/observations/268797795,https://inaturalist-open-data.s3.amazonaws.com/photos/483205458/medium.jpg,Домашний голубь,Columba livia domestica,Домашний голубь
268895023,research,https://www.inaturalist.org/observations/268895023,https://inaturalist-open-data.s3.amazonaws.com/photos/483399593/medium.jpeg,Домашний голубь,Columba livia domestica,Домашний голубь
268951739,research,https://www.inaturalist.org/observations/268951739,https://inaturalist-open-data.s3.amazonaws.com/photos/483504969/medium.jpeg,Домашний голубь,Columba livia domestica,Домашний голубь
269296609,research,https://www.inaturalist.org/observations/269296609,https://inaturalist-open-data.s3.amazonaws.com/photos/484177836/medium.jpg,Домашний голубь,Columba livia domestica,Домашний голубь
269506791,research,https://www.inaturalist.org/observations/269506791,https://inaturalist-open-data.s3.amazonaws.com/photos/484579608/medium.jpeg,Feral Pigeon,Columba livia domestica,Домашний голубь
270604307,research,https://www.inaturalist.org/observations/270604307,https://inaturalist-open-data.s3.amazonaws.com/photos/486677943/medium.jpg,Домашний голубь,Columba livia domestica,Домашний голубь
270604338,research,https://www.inaturalist.org/observations/270604338,https://inaturalist-open-data.s3.amazonaws.com/photos/506744556/medium.jpg,Домашний голубь,Columba livia domestica,Домашний голубь
271894099,research,https://www.inaturalist.org/observations/271894099,https://inaturalist-open-data.s3.amazonaws.com/photos/489121120/medium.jpeg,Домашний голубь,Columba livia domestica,Домашний голубь
271895105,research,https://www.inaturalist.org/observations/271895105,https://inaturalist-open-data.s3.amazonaws.com/photos/489122857/medium.jpeg,Домашний голубь,Columba livia domestica,Домашний голубь
271939828,research,https://www.inaturalist.org/observations/271939828,https://inaturalist-open-data.s3.amazonaws.com/photos/489209687/medium.jpeg,Домашний голубь,Columba livia domestica,Домашний голубь
271941398,research,https://www.inaturalist.org/observations/271941398,https://inaturalist-open-data.s3.amazonaws.com/photos/489212267/medium.jpeg,Домашний голубь,Columba livia domestica,Домашний голубь
272172129,research,https://www.inaturalist.org/observations/272172129,https://inaturalist-open-data.s3.amazonaws.com/photos/489649609/medium.jpeg,Feral Pigeon,Columba livia domestica,Домашний голубь
272249389,research,https://www.inaturalist.org/observations/272249389,https://static.inaturalist.org/photos/489784004/medium.jpeg,Домашний голубь,Columba livia domestica,Домашний голубь
272287983,research,https://www.inaturalist.org/observations/272287983,https://inaturalist-open-data.s3.amazonaws.com/photos/489856530/medium.jpeg,Домашний голубь,Columba livia domestica,Домашний голубь
272499264,research,https://www.inaturalist.org/observations/272499264,https://inaturalist-open-data.s3.amazonaws.com/photos/490253505/medium.jpeg,Домашний голубь,Columba livia domestica,Домашний голубь
272499469,research,https://www.inaturalist.org/observations/272499469,https://inaturalist-open-data.s3.amazonaws.com/photos/490253938/medium.jpeg,Домашний голубь,Columba livia domestica,Домашний голубь
272500022,research,https://www.inaturalist.org/observations/272500022,https://inaturalist-open-data.s3.amazonaws.com/photos/490254849/medium.jpeg,Домашний голубь,Columba livia domestica,Домашний голубь
272501463,research,https://www.inaturalist.org/observations/272501463,https://inaturalist-open-data.s3.amazonaws.com/photos/490257240/medium.jpeg,Домашний голубь,Columba livia domestica,Домашний голубь
272502635,research,https://www.inaturalist.org/observations/272502635,https://inaturalist-open-data.s3.amazonaws.com/photos/490259214/medium.jpeg,Домашний голубь,Columba livia domestica,Домашний голубь
272502822,research,https://www.inaturalist.org/observations/272502822,https://inaturalist-open-data.s3.amazonaws.com/photos/490259441/medium.jpeg,Домашний голубь,Columba livia domestica,Домашний голубь
272733466,research,https://www.inaturalist.org/observations/272733466,https://inaturalist-open-data.s3.amazonaws.com/photos/490676809/medium.jpeg,Домашний голубь,Columba livia domestica,Домашний голубь
273994765,research,https://www.inaturalist.org/observations/273994765,https://inaturalist-open-data.s3.amazonaws.com/photos/498347649/medium.jpeg,Домашний голубь,Columba livia domestica,Домашний голубь
274554252,research,https://www.inaturalist.org/observations/274554252,https://inaturalist-open-data.s3.amazonaws.com/photos/493556646/medium.jpeg,Домашний голубь,Columba livia domestica,Домашний голубь
275026398,research,https://www.inaturalist.org/observations/275026398,https://inaturalist-open-data.s3.amazonaws.com/photos/494291673/medium.jpeg,Домашний голубь,Columba livia domestica,Домашний голубь
275027363,research,https://www.inaturalist.org/observations/275027363,https://inaturalist-open-data.s3.amazonaws.com/photos/494293369/medium.jpeg,Домашний голубь,Columba livia domestica,Домашний голубь
276157941,research,https://www.inaturalist.org/observations/276157941,https://inaturalist-open-data.s3.amazonaws.com/photos/495999899/medium.jpeg,Домашний голубь,Columba livia domestica,Домашний голубь
276760930,research,https://www.inaturalist.org/observations/276760930,https://inaturalist-open-data.s3.amazonaws.com/photos/496959589/medium.jpeg,Домашний голубь,Columba livia domestica,Домашний голубь
277365952,research,https://www.inaturalist.org/observations/277365952,https://inaturalist-open-data.s3.amazonaws.com/photos/498039701/medium.jpeg,Домашний голубь,Columba livia domestica,Домашний голубь
278735716,research,https://www.inaturalist.org/observations/278735716,https://inaturalist-open-data.s3.amazonaws.com/photos/500500756/medium.jpg,Домашний голубь,Columba livia domestica,Домашний голубь
279751199,research,https://www.inaturalist.org/observations/279751199,https://inaturalist-open-data.s3.amazonaws.com/photos/502380932/medium.jpeg,Домашний голубь,Columba livia domestica,Домашний голубь
280722659,research,https://www.inaturalist.org/observations/280722659,https://inaturalist-open-data.s3.amazonaws.com/photos/504219789/medium.jpeg,Домашний голубь,Columba livia domestica,Домашний голубь
281424849,research,https://www.inaturalist.org/observations/281424849,https://inaturalist-open-data.s3.amazonaws.com/photos/505540667/medium.jpg,Домашний голубь,Columba livia domestica,Домашний голубь
281425037,research,https://www.inaturalist.org/observations/281425037,https://inaturalist-open-data.s3.amazonaws.com/photos/505541205/medium.jpg,Домашний голубь,Columba livia domestica,Домашний голубь
281430990,research,https://www.inaturalist.org/observations/281430990,https://inaturalist-open-data.s3.amazonaws.com/photos/505553677/medium.jpg,Домашний голубь,Columba livia domestica,Домашний голубь
281431402,research,https://www.inaturalist.org/observations/281431402,https://inaturalist-open-data.s3.amazonaws.com/photos/505554340/medium.jpg,Домашний голубь,Columba livia domestica,Домашний голубь
281431508,research,https://www.inaturalist.org/observations/281431508,https://inaturalist-open-data.s3.amazonaws.com/photos/505554598/medium.jpg,Домашний голубь,Columba livia domestica,Домашний голубь
281431557,research,https://www.inaturalist.org/observations/281431557,https://inaturalist-open-data.s3.amazonaws.com/photos/505554694/medium.jpg,Домашний голубь,Columba livia domestica,Домашний голубь
281431636,research,https://www.inaturalist.org/observations/281431636,https://inaturalist-open-data.s3.amazonaws.com/photos/505554862/medium.jpg,Домашний голубь,Columba livia domestica,Домашний голубь
281431802,research,https://www.inaturalist.org/observations/281431802,https://inaturalist-open-data.s3.amazonaws.com/photos/505555233/medium.jpg,Домашний голубь,Columba livia domestica,Домашний голубь
281431915,research,https://www.inaturalist.org/observations/281431915,https://inaturalist-open-data.s3.amazonaws.com/photos/505555467/medium.jpg,Домашний голубь,Columba livia domestica,Домашний голубь
281432000,research,https://www.inaturalist.org/observations/281432000,https://inaturalist-open-data.s3.amazonaws.com/photos/505555594/medium.jpg,Домашний голубь,Columba livia domestica,Домашний голубь
281432016,research,https://www.inaturalist.org/observations/281432016,https://inaturalist-open-data.s3.amazonaws.com/photos/505555635/medium.jpg,Домашний голубь,Columba livia domestica,Домашний голубь
281432057,research,https://www.inaturalist.org/observations/281432057,https://inaturalist-open-data.s3.amazonaws.com/photos/505555734/medium.jpg,Домашний голубь,Columba livia domestica,Домашний голубь
282803650,research,https://www.inaturalist.org/observations/282803650,https://inaturalist-open-data.s3.amazonaws.com/photos/508120572/medium.jpg,Домашний голубь,Columba livia domestica,Домашний голубь
282844737,research,https://www.inaturalist.org/observations/282844737,https://inaturalist-open-data.s3.amazonaws.com/photos/508198512/medium.jpg,Домашний голубь,Columba livia domestica,Домашний голубь
282848131,research,https://www.inaturalist.org/observations/282848131,https://inaturalist-open-data.s3.amazonaws.com/photos/508203994/medium.jpg,Домашний голубь,Columba livia domestica,Домашний голубь
283171594,research,https://www.inaturalist.org/observations/283171594,https://inaturalist-open-data.s3.amazonaws.com/photos/508796645/medium.jpg,Домашний голубь,Columba livia domestica,Домашний голубь
283249121,research,https://www.inaturalist.org/observations/283249121,https://inaturalist-open-data.s3.amazonaws.com/photos/508938625/medium.jpg,Домашний голубь,Columba livia domestica,Домашний голубь
283720626,research,https://www.inaturalist.org/observations/283720626,https://inaturalist-open-data.s3.amazonaws.com/photos/509823285/medium.jpg,Домашний голубь,Columba livia domestica,Домашний голубь
283721703,research,https://www.inaturalist.org/observations/283721703,https://inaturalist-open-data.s3.amazonaws.com/photos/509824002/medium.jpg,Домашний голубь,Columba livia domestica,Домашний голубь
284052586,research,https://www.inaturalist.org/observations/284052586,https://inaturalist-open-data.s3.amazonaws.com/photos/510446597/medium.jpg,Домашний голубь,Columba livia domestica,Домашний голубь
284320711,research,https://www.inaturalist.org/observations/284320711,https://inaturalist-open-data.s3.amazonaws.com/photos/510953672/medium.jpg,Домашний голубь,Columba livia domestica,Домашний голубь
284339255,research,https://www.inaturalist.org/observations/284339255,https://inaturalist-open-data.s3.amazonaws.com/photos/510990626/medium.jpg,Домашний голубь,Columba livia domestica,Домашний голубь
284354516,research,https://www.inaturalist.org/observations/284354516,https://inaturalist-open-data.s3.amazonaws.com/photos/511020559/medium.jpg,Домашний голубь,Columba livia domestica,Домашний голубь
284361859,research,https://www.inaturalist.org/observations/284361859,https://inaturalist-open-data.s3.amazonaws.com/photos/511034739/medium.jpg,Домашний голубь,Columba livia domestica,Домашний голубь
284468853,research,https://www.inaturalist.org/observations/284468853,https://static.inaturalist.org/photos/511244874/medium.jpg,Домашний голубь,Columba livia domestica,Домашний голубь
286186257,research,https://www.inaturalist.org/observations/286186257,https://inaturalist-open-data.s3.amazonaws.com/photos/514468179/medium.jpg,Домашний голубь,Columba livia domestica,Домашний голубь
286186311,research,https://www.inaturalist.org/observations/286186311,https://inaturalist-open-data.s3.amazonaws.com/photos/514468279/medium.jpg,Домашний голубь,Columba livia domestica,Домашний голубь
286611301,research,https://www.inaturalist.org/observations/286611301,https://inaturalist-open-data.s3.amazonaws.com/photos/515269875/medium.jpg,Feral Pigeon,Columba livia domestica,Домашний голубь
287014439,research,https://www.inaturalist.org/observations/287014439,https://inaturalist-open-data.s3.amazonaws.com/photos/516043464/medium.jpg,Домашний голубь,Columba livia domestica,Домашний голубь
287218718,research,https://www.inaturalist.org/observations/287218718,https://inaturalist-open-data.s3.amazonaws.com/photos/516424464/medium.jpg,Домашний голубь,Columba livia domestica,Домашний голубь
287218934,research,https://www.inaturalist.org/observations/287218934,https://inaturalist-open-data.s3.amazonaws.com/photos/516424976/medium.jpg,Домашний голубь,Columba livia domestica,Домашний голубь
287275415,research,https://www.inaturalist.org/observations/287275415,https://inaturalist-open-data.s3.amazonaws.com/photos/517669515/medium.jpg,Домашний голубь,Columba livia domestica,Домашний голубь
287626151,research,https://www.inaturalist.org/observations/287626151,https://inaturalist-open-data.s3.amazonaws.com/photos/517178273/medium.jpg,Домашний голубь,Columba livia domestica,Домашний голубь
287626290,research,https://www.inaturalist.org/observations/287626290,https://inaturalist-open-data.s3.amazonaws.com/photos/517178518/medium.jpg,Домашний голубь,Columba livia domestica,Домашний голубь
287626401,research,https://www.inaturalist.org/observations/287626401,https://inaturalist-open-data.s3.amazonaws.com/photos/517178721/medium.jpg,Домашний голубь,Columba livia domestica,Домашний голубь
287631405,research,https://www.inaturalist.org/observations/287631405,https://inaturalist-open-data.s3.amazonaws.com/photos/517187714/medium.jpg,Домашний голубь,Columba livia domestica,Домашний голубь
287631679,research,https://www.inaturalist.org/observations/287631679,https://inaturalist-open-data.s3.amazonaws.com/photos/517188101/medium.jpg,Домашний голубь,Columba livia domestica,Домашний голубь
287631909,research,https://www.inaturalist.org/observations/287631909,https://inaturalist-open-data.s3.amazonaws.com/photos/517188443/medium.jpg,Домашний голубь,Columba livia domestica,Домашний голубь
287631994,research,https://www.inaturalist.org/observations/287631994,https://inaturalist-open-data.s3.amazonaws.com/photos/517188594/medium.jpg,Домашний голубь,Columba livia domestica,Домашний голубь
287632125,research,https://www.inaturalist.org/observations/287632125,https://inaturalist-open-data.s3.amazonaws.com/photos/517188850/medium.jpg,Домашний голубь,Columba livia domestica,Домашний голубь
287632198,research,https://www.inaturalist.org/observations/287632198,https://inaturalist-open-data.s3.amazonaws.com/photos/517188981/medium.jpg,Домашний голубь,Columba livia domestica,Домашний голубь
287632295,research,https://www.inaturalist.org/observations/287632295,https://inaturalist-open-data.s3.amazonaws.com/photos/517189208/medium.jpg,Домашний голубь,Columba livia domestica,Домашний голубь
287632448,research,https://www.inaturalist.org/observations/287632448,https://inaturalist-open-data.s3.amazonaws.com/photos/517189573/medium.jpg,Домашний голубь,Columba livia domestica,Домашний голубь
287632509,research,https://www.inaturalist.org/observations/287632509,https://inaturalist-open-data.s3.amazonaws.com/photos/517189696/medium.jpg,Домашний голубь,Columba livia domestica,Домашний голубь
287632889,research,https://www.inaturalist.org/observations/287632889,https://inaturalist-open-data.s3.amazonaws.com/photos/517190418/medium.jpg,Домашний голубь,Columba livia domestica,Домашний голубь
287632930,research,https://www.inaturalist.org/observations/287632930,https://inaturalist-open-data.s3.amazonaws.com/photos/517190538/medium.jpg,Домашний голубь,Columba livia domestica,Домашний голубь
287633153,research,https://www.inaturalist.org/observations/287633153,https://inaturalist-open-data.s3.amazonaws.com/photos/517190962/medium.jpg,Домашний голубь,Columba livia domestica,Домашний голубь
287633275,research,https://www.inaturalist.org/observations/287633275,https://inaturalist-open-data.s3.amazonaws.com/photos/517191183/medium.jpg,Домашний голубь,Columba livia domestica,Домашний голубь
287633390,research,https://www.inaturalist.org/observations/287633390,https://inaturalist-open-data.s3.amazonaws.com/photos/517191381/medium.jpg,Домашний голубь,Columba livia domestica,Домашний голубь
288007574,research,https://www.inaturalist.org/observations/288007574,https://inaturalist-open-data.s3.amazonaws.com/photos/517891748/medium.jpg,Домашний голубь,Columba livia domestica,Домашний голубь
288007692,research,https://www.inaturalist.org/observations/288007692,https://inaturalist-open-data.s3.amazonaws.com/photos/517891941/medium.jpg,Домашний голубь,Columba livia domestica,Домашний голубь
288497959,research,https://www.inaturalist.org/observations/288497959,https://inaturalist-open-data.s3.amazonaws.com/photos/518827879/medium.jpg,Домашний голубь,Columba livia domestica,Домашний голубь
288498172,research,https://www.inaturalist.org/observations/288498172,https://inaturalist-open-data.s3.amazonaws.com/photos/518828231/medium.jpg,Домашний голубь,Columba livia domestica,Домашний голубь
288500546,research,https://www.inaturalist.org/observations/288500546,https://inaturalist-open-data.s3.amazonaws.com/photos/518832980/medium.jpg,Домашний голубь,Columba livia domestica,Домашний голубь
288651893,research,https://www.inaturalist.org/observations/288651893,https://inaturalist-open-data.s3.amazonaws.com/photos/519123091/medium.jpg,Домашний голубь,Columba livia domestica,Домашний голубь
288794431,research,https://www.inaturalist.org/observations/288794431,https://inaturalist-open-data.s3.amazonaws.com/photos/519383155/medium.jpg,Feral Pigeon,Columba livia domestica,Домашний голубь
288820549,research,https://www.inaturalist.org/observations/288820549,https://inaturalist-open-data.s3.amazonaws.com/photos/519432263/medium.jpg,Домашний голубь,Columba livia domestica,Домашний голубь
288822822,research,https://www.inaturalist.org/observations/288822822,https://inaturalist-open-data.s3.amazonaws.com/photos/519435802/medium.jpg,Домашний голубь,Columba livia domestica,Домашний голубь
288822887,research,https://www.inaturalist.org/observations/288822887,https://inaturalist-open-data.s3.amazonaws.com/photos/519436014/medium.jpg,Домашний голубь,Columba livia domestica,Домашний голубь
288823007,research,https://www.inaturalist.org/observations/288823007,https://inaturalist-open-data.s3.amazonaws.com/photos/519436247/medium.jpg,Домашний голубь,Columba livia domestica,Домашний голубь
288823058,research,https://www.inaturalist.org/observations/288823058,https://inaturalist-open-data.s3.amazonaws.com/photos/519436318/medium.jpg,Домашний голубь,Columba livia domestica,Домашний голубь
288823100,research,https://www.inaturalist.org/observations/288823100,https://inaturalist-open-data.s3.amazonaws.com/photos/519436422/medium.jpg,Домашний голубь,Columba livia domestica,Домашний голубь
288823322,research,https://www.inaturalist.org/observations/288823322,https://inaturalist-open-data.s3.amazonaws.com/photos/519436906/medium.jpg,Домашний голубь,Columba livia domestica,Домашний голубь
288823387,research,https://www.inaturalist.org/observations/288823387,https://inaturalist-open-data.s3.amazonaws.com/photos/519436976/medium.jpg,Домашний голубь,Columba livia domestica,Домашний голубь
288851992,research,https://www.inaturalist.org/observations/288851992,https://inaturalist-open-data.s3.amazonaws.com/photos/519491339/medium.jpg,Домашний голубь,Columba livia domestica,Домашний голубь
288852027,research,https://www.inaturalist.org/observations/288852027,https://inaturalist-open-data.s3.amazonaws.com/photos/519491414/medium.jpg,Домашний голубь,Columba livia domestica,Домашний голубь
288920707,research,https://www.inaturalist.org/observations/288920707,https://inaturalist-open-data.s3.amazonaws.com/photos/519623706/medium.jpg,Домашний голубь,Columba livia domestica,Домашний голубь
289101516,research,https://www.inaturalist.org/observations/289101516,https://inaturalist-open-data.s3.amazonaws.com/photos/519951320/medium.jpg,Домашний голубь,Columba livia domestica,Домашний голубь
289101631,research,https://www.inaturalist.org/observations/289101631,https://inaturalist-open-data.s3.amazonaws.com/photos/519951587/medium.jpg,Домашний голубь,Columba livia domestica,Домашний голубь
289101656,research,https://www.inaturalist.org/observations/289101656,https://inaturalist-open-data.s3.amazonaws.com/photos/519951640/medium.jpg,Домашний голубь,Columba livia domestica,Домашний голубь
289101755,research,https://www.inaturalist.org/observations/289101755,https://inaturalist-open-data.s3.amazonaws.com/photos/519951761/medium.jpg,Домашний голубь,Columba livia domestica,Домашний голубь
289101800,research,https://www.inaturalist.org/observations/289101800,https://inaturalist-open-data.s3.amazonaws.com/photos/519951876/medium.jpg,Домашний голубь,Columba livia domestica,Домашний голубь
289102439,research,https://www.inaturalist.org/observations/289102439,https://inaturalist-open-data.s3.amazonaws.com/photos/519953239/medium.jpg,Домашний голубь,Columba livia domestica,Домашний голубь
289102607,research,https://www.inaturalist.org/observations/289102607,https://inaturalist-open-data.s3.amazonaws.com/photos/519953875/medium.jpg,Домашний голубь,Columba livia domestica,Домашний голубь
289102944,research,https://www.inaturalist.org/observations/289102944,https://inaturalist-open-data.s3.amazonaws.com/photos/519954292/medium.jpg,Домашний голубь,Columba livia domestica,Домашний голубь
289102987,research,https://www.inaturalist.org/observations/289102987,https://inaturalist-open-data.s3.amazonaws.com/photos/519954413/medium.jpg,Домашний голубь,Columba livia domestica,Домашний голубь
289103098,research,https://www.inaturalist.org/observations/289103098,https://inaturalist-open-data.s3.amazonaws.com/photos/519954551/medium.jpg,Домашний голубь,Columba livia domestica,Домашний голубь
289103189,research,https://www.inaturalist.org/observations/289103189,https://inaturalist-open-data.s3.amazonaws.com/photos/519954741/medium.jpg,Домашний голубь,Columba livia domestica,Домашний голубь
289104722,research,https://www.inaturalist.org/observations/289104722,https://inaturalist-open-data.s3.amazonaws.com/photos/519957624/medium.jpg,Домашний голубь,Columba livia domestica,Домашний голубь
289105385,research,https://www.inaturalist.org/observations/289105385,https://inaturalist-open-data.s3.amazonaws.com/photos/519958795/medium.jpg,Домашний голубь,Columba livia domestica,Домашний голубь
289635271,research,https://www.inaturalist.org/observations/289635271,https://inaturalist-open-data.s3.amazonaws.com/photos/520958441/medium.jpg,Домашний голубь,Columba livia domestica,Домашний голубь
289635311,research,https://www.inaturalist.org/observations/289635311,https://inaturalist-open-data.s3.amazonaws.com/photos/520956621/medium.jpg,Домашний голубь,Columba livia domestica,Домашний голубь
289635986,research,https://www.inaturalist.org/observations/289635986,https://inaturalist-open-data.s3.amazonaws.com/photos/520957812/medium.jpg,Домашний голубь,Columba livia domestica,Домашний голубь
289636043,research,https://www.inaturalist.org/observations/289636043,https://inaturalist-open-data.s3.amazonaws.com/photos/520957948/medium.jpg,Домашний голубь,Columba livia domestica,Домашний голубь
289636125,research,https://www.inaturalist.org/observations/289636125,https://inaturalist-open-data.s3.amazonaws.com/photos/520958096/medium.jpg,Домашний голубь,Columba livia domestica,Домашний голубь
289638008,research,https://www.inaturalist.org/observations/289638008,https://inaturalist-open-data.s3.amazonaws.com/photos/520961145/medium.jpg,Домашний голубь,Columba livia domestica,Домашний голубь
289638070,research,https://www.inaturalist.org/observations/289638070,https://inaturalist-open-data.s3.amazonaws.com/photos/520961205/medium.jpg,Домашний голубь,Columba livia domestica,Домашний голубь
289638113,research,https://www.inaturalist.org/observations/289638113,https://inaturalist-open-data.s3.amazonaws.com/photos/520961418/medium.jpg,Домашний голубь,Columba livia domestica,Домашний голубь
289652958,research,https://www.inaturalist.org/observations/289652958,https://inaturalist-open-data.s3.amazonaws.com/photos/520989283/medium.jpg,Домашний голубь,Columba livia domestica,Домашний голубь
289653357,research,https://www.inaturalist.org/observations/289653357,https://inaturalist-open-data.s3.amazonaws.com/photos/520990033/medium.jpg,Домашний голубь,Columba livia domestica,Домашний голубь
289653432,research,https://www.inaturalist.org/observations/289653432,https://inaturalist-open-data.s3.amazonaws.com/photos/520990178/medium.jpg,Домашний голубь,Columba livia domestica,Домашний голубь
289653544,research,https://www.inaturalist.org/observations/289653544,https://inaturalist-open-data.s3.amazonaws.com/photos/520990402/medium.jpg,Домашний голубь,Columba livia domestica,Домашний голубь
289654621,research,https://www.inaturalist.org/observations/289654621,https://inaturalist-open-data.s3.amazonaws.com/photos/520992221/medium.jpg,Домашний голубь,Columba livia domestica,Домашний голубь
289654745,research,https://www.inaturalist.org/observations/289654745,https://inaturalist-open-data.s3.amazonaws.com/photos/520992499/medium.jpg,Домашний голубь,Columba livia domestica,Домашний голубь
289656128,research,https://www.inaturalist.org/observations/289656128,https://inaturalist-open-data.s3.amazonaws.com/photos/520995252/medium.jpg,Домашний голубь,Columba livia domestica,Домашний голубь
289656340,research,https://www.inaturalist.org/observations/289656340,https://inaturalist-open-data.s3.amazonaws.com/photos/521006237/medium.jpg,Домашний голубь,Columba livia domestica,Домашний голубь
289661973,research,https://www.inaturalist.org/observations/289661973,https://inaturalist-open-data.s3.amazonaws.com/photos/521006466/medium.jpg,Домашний голубь,Columba livia domestica,Домашний голубь
289661992,research,https://www.inaturalist.org/observations/289661992,https://inaturalist-open-data.s3.amazonaws.com/photos/521006542/medium.jpg,Домашний голубь,Columba livia domestica,Домашний голубь
289662033,research,https://www.inaturalist.org/observations/289662033,https://inaturalist-open-data.s3.amazonaws.com/photos/521006594/medium.jpg,Домашний голубь,Columba livia domestica,Домашний голубь
289662440,research,https://www.inaturalist.org/observations/289662440,https://inaturalist-open-data.s3.amazonaws.com/photos/521007378/medium.jpg,Домашний голубь,Columba livia domestica,Домашний голубь
289665043,research,https://www.inaturalist.org/observations/289665043,https://inaturalist-open-data.s3.amazonaws.com/photos/521012282/medium.jpg,Домашний голубь,Columba livia domestica,Домашний голубь
289665073,research,https://www.inaturalist.org/observations/289665073,https://inaturalist-open-data.s3.amazonaws.com/photos/521012373/medium.jpg,Домашний голубь,Columba livia domestica,Домашний голубь
289665156,research,https://www.inaturalist.org/observations/289665156,https://inaturalist-open-data.s3.amazonaws.com/photos/521012484/medium.jpg,Домашний голубь,Columba livia domestica,Домашний голубь
289665187,research,https://www.inaturalist.org/observations/289665187,https://inaturalist-open-data.s3.amazonaws.com/photos/521012520/medium.jpg,Домашний голубь,Columba livia domestica,Домашний голубь
289665283,research,https://www.inaturalist.org/observations/289665283,https://inaturalist-open-data.s3.amazonaws.com/photos/521012638/medium.jpg,Домашний голубь,Columba livia domestica,Домашний голубь
289665523,research,https://www.inaturalist.org/observations/289665523,https://inaturalist-open-data.s3.amazonaws.com/photos/521013065/medium.jpg,Домашний голубь,Columba livia domestica,Домашний голубь
289665659,research,https://www.inaturalist.org/observations/289665659,https://inaturalist-open-data.s3.amazonaws.com/photos/521013304/medium.jpg,Домашний голубь,Columba livia domestica,Домашний голубь
289665816,research,https://www.inaturalist.org/observations/289665816,https://inaturalist-open-data.s3.amazonaws.com/photos/521013597/medium.jpg,Домашний голубь,Columba livia domestica,Домашний голубь
289665941,research,https://www.inaturalist.org/observations/289665941,https://inaturalist-open-data.s3.amazonaws.com/photos/521013824/medium.jpg,Домашний голубь,Columba livia domestica,Домашний голубь
289666180,research,https://www.inaturalist.org/observations/289666180,https://inaturalist-open-data.s3.amazonaws.com/photos/521014272/medium.jpg,Домашний голубь,Columba livia domestica,Домашний голубь
289669218,research,https://www.inaturalist.org/observations/289669218,https://inaturalist-open-data.s3.amazonaws.com/photos/521019577/medium.jpg,Домашний голубь,Columba livia domestica,Домашний голубь
289669248,research,https://www.inaturalist.org/observations/289669248,https://inaturalist-open-data.s3.amazonaws.com/photos/521019642/medium.jpg,Домашний голубь,Columba livia domestica,Домашний голубь
289669452,research,https://www.inaturalist.org/observations/289669452,https://inaturalist-open-data.s3.amazonaws.com/photos/521020136/medium.jpg,Домашний голубь,Columba livia domestica,Домашний голубь
289669511,research,https://www.inaturalist.org/observations/289669511,https://inaturalist-open-data.s3.amazonaws.com/photos/521020276/medium.jpg,Домашний голубь,Columba livia domestica,Домашний голубь
289669619,research,https://www.inaturalist.org/observations/289669619,https://inaturalist-open-data.s3.amazonaws.com/photos/521020413/medium.jpg,Домашний голубь,Columba livia domestica,Домашний голубь
289669790,research,https://www.inaturalist.org/observations/289669790,https://inaturalist-open-data.s3.amazonaws.com/photos/521020779/medium.jpg,Домашний голубь,Columba livia domestica,Домашний голубь
289669876,research,https://www.inaturalist.org/observations/289669876,https://inaturalist-open-data.s3.amazonaws.com/photos/521020926/medium.jpg,Домашний голубь,Columba livia domestica,Домашний голубь
289670039,research,https://www.inaturalist.org/observations/289670039,https://inaturalist-open-data.s3.amazonaws.com/photos/521021252/medium.jpg,Домашний голубь,Columba livia domestica,Домашний голубь
289671201,research,https://www.inaturalist.org/observations/289671201,https://inaturalist-open-data.s3.amazonaws.com/photos/521023334/medium.jpg,Домашний голубь,Columba livia domestica,Домашний голубь
289671290,research,https://www.inaturalist.org/observations/289671290,https://inaturalist-open-data.s3.amazonaws.com/photos/521027660/medium.jpg,Домашний голубь,Columba livia domestica,Домашний голубь
289673292,research,https://www.inaturalist.org/observations/289673292,https://inaturalist-open-data.s3.amazonaws.com/photos/521027481/medium.jpg,Домашний голубь,Columba livia domestica,Домашний голубь
289795742,research,https://www.inaturalist.org/observations/289795742,https://inaturalist-open-data.s3.amazonaws.com/photos/521262772/medium.jpg,Домашний голубь,Columba livia domestica,Домашний голубь
289795783,research,https://www.inaturalist.org/observations/289795783,https://inaturalist-open-data.s3.amazonaws.com/photos/521262896/medium.jpg,Домашний голубь,Columba livia domestica,Домашний голубь
289795835,research,https://www.inaturalist.org/observations/289795835,https://inaturalist-open-data.s3.amazonaws.com/photos/521263018/medium.jpg,Домашний голубь,Columba livia domestica,Домашний голубь
289795875,research,https://www.inaturalist.org/observations/289795875,https://inaturalist-open-data.s3.amazonaws.com/photos/521263132/medium.jpg,Домашний голубь,Columba livia domestica,Домашний голубь
289795922,research,https://www.inaturalist.org/observations/289795922,https://inaturalist-open-data.s3.amazonaws.com/photos/521263220/medium.jpg,Домашний голубь,Columba livia domestica,Домашний голубь
289795984,research,https://www.inaturalist.org/observations/289795984,https://inaturalist-open-data.s3.amazonaws.com/photos/521263340/medium.jpg,Домашний голубь,Columba livia domestica,Домашний голубь
289796049,research,https://www.inaturalist.org/observations/289796049,https://inaturalist-open-data.s3.amazonaws.com/photos/521263456/medium.jpg,Домашний голубь,Columba livia domestica,Домашний голубь
289796644,research,https://www.inaturalist.org/observations/289796644,https://inaturalist-open-data.s3.amazonaws.com/photos/521264772/medium.jpg,Домашний голубь,Columba livia domestica,Домашний голубь
289799236,research,https://www.inaturalist.org/observations/289799236,https://inaturalist-open-data.s3.amazonaws.com/photos/521268440/medium.jpg,Домашний голубь,Columba livia domestica,Домашний голубь
289799326,research,https://www.inaturalist.org/observations/289799326,https://inaturalist-open-data.s3.amazonaws.com/photos/521268645/medium.jpg,Домашний голубь,Columba livia domestica,Домашний голубь
289799386,research,https://www.inaturalist.org/observations/289799386,https://inaturalist-open-data.s3.amazonaws.com/photos/521268796/medium.jpg,Домашний голубь,Columba livia domestica,Домашний голубь
289799450,research,https://www.inaturalist.org/observations/289799450,https://inaturalist-open-data.s3.amazonaws.com/photos/521268880/medium.jpg,Домашний голубь,Columba livia domestica,Домашний голубь
289799623,research,https://www.inaturalist.org/observations/289799623,https://inaturalist-open-data.s3.amazonaws.com/photos/521269106/medium.jpg,Домашний голубь,Columba livia domestica,Домашний голубь
289799747,research,https://www.inaturalist.org/observations/289799747,https://inaturalist-open-data.s3.amazonaws.com/photos/521269231/medium.jpg,Домашний голубь,Columba livia domestica,Домашний голубь
289799821,research,https://www.inaturalist.org/observations/289799821,https://inaturalist-open-data.s3.amazonaws.com/photos/521269323/medium.jpg,Домашний голубь,Columba livia domestica,Домашний голубь
289799866,research,https://www.inaturalist.org/observations/289799866,https://inaturalist-open-data.s3.amazonaws.com/photos/521269419/medium.jpg,Домашний голубь,Columba livia domestica,Домашний голубь
289799921,research,https://www.inaturalist.org/observations/289799921,https://inaturalist-open-data.s3.amazonaws.com/photos/521269541/medium.jpg,Домашний голубь,Columba livia domestica,Домашний голубь
289799963,research,https://www.inaturalist.org/observations/289799963,https://inaturalist-open-data.s3.amazonaws.com/photos/521269650/medium.jpg,Домашний голубь,Columba livia domestica,Домашний голубь
289800004,research,https://www.inaturalist.org/observations/289800004,https://inaturalist-open-data.s3.amazonaws.com/photos/521269744/medium.jpg,Домашний голубь,Columba livia domestica,Домашний голубь
289800037,research,https://www.inaturalist.org/observations/289800037,https://inaturalist-open-data.s3.amazonaws.com/photos/521269822/medium.jpg,Домашний голубь,Columba livia domestica,Домашний голубь
289800113,research,https://www.inaturalist.org/observations/289800113,https://inaturalist-open-data.s3.amazonaws.com/photos/521270025/medium.jpg,Домашний голубь,Columba livia domestica,Домашний голубь
289800239,research,https://www.inaturalist.org/observations/289800239,https://inaturalist-open-data.s3.amazonaws.com/photos/521270378/medium.jpg,Домашний голубь,Columba livia domestica,Домашний голубь
289800298,research,https://www.inaturalist.org/observations/289800298,https://inaturalist-open-data.s3.amazonaws.com/photos/521270515/medium.jpg,Домашний голубь,Columba livia domestica,Домашний голубь
289800358,research,https://www.inaturalist.org/observations/289800358,https://inaturalist-open-data.s3.amazonaws.com/photos/521270701/medium.jpg,Домашний голубь,Columba livia domestica,Домашний голубь
289800415,research,https://www.inaturalist.org/observations/289800415,https://inaturalist-open-data.s3.amazonaws.com/photos/521270819/medium.jpg,Домашний голубь,Columba livia domestica,Домашний голубь
289800501,research,https://www.inaturalist.org/observations/289800501,https://inaturalist-open-data.s3.amazonaws.com/photos/521271006/medium.jpg,Домашний голубь,Columba livia domestica,Домашний голубь
289800559,research,https://www.inaturalist.org/observations/289800559,https://inaturalist-open-data.s3.amazonaws.com/photos/521271160/medium.jpg,Домашний голубь,Columba livia domestica,Домашний голубь
289800696,research,https://www.inaturalist.org/observations/289800696,https://inaturalist-open-data.s3.amazonaws.com/photos/521271469/medium.jpg,Домашний голубь,Columba livia domestica,Домашний голубь
289800822,research,https://www.inaturalist.org/observations/289800822,https://inaturalist-open-data.s3.amazonaws.com/photos/521271680/medium.jpg,Домашний голубь,Columba livia domestica,Домашний голубь
289800864,research,https://www.inaturalist.org/observations/289800864,https://inaturalist-open-data.s3.amazonaws.com/photos/521271777/medium.jpg,Домашний голубь,Columba livia domestica,Домашний голубь
289801020,research,https://www.inaturalist.org/observations/289801020,https://inaturalist-open-data.s3.amazonaws.com/photos/521272091/medium.jpg,Домашний голубь,Columba livia domestica,Домашний голубь
289801116,research,https://www.inaturalist.org/observations/289801116,https://inaturalist-open-data.s3.amazonaws.com/photos/521272216/medium.jpg,Домашний голубь,Columba livia domestica,Домашний голубь
289801329,research,https://www.inaturalist.org/observations/289801329,https://inaturalist-open-data.s3.amazonaws.com/photos/521272583/medium.jpg,Домашний голубь,Columba livia domestica,Домашний голубь
289801381,research,https://www.inaturalist.org/observations/289801381,https://inaturalist-open-data.s3.amazonaws.com/photos/521272711/medium.jpg,Домашний голубь,Columba livia domestica,Домашний голубь
289801456,research,https://www.inaturalist.org/observations/289801456,https://inaturalist-open-data.s3.amazonaws.com/photos/521272858/medium.jpg,Домашний голубь,Columba livia domestica,Домашний голубь
289801565,research,https://www.inaturalist.org/observations/289801565,https://inaturalist-open-data.s3.amazonaws.com/photos/521273039/medium.jpg,Домашний голубь,Columba livia domestica,Домашний голубь
289801677,research,https://www.inaturalist.org/observations/289801677,https://inaturalist-open-data.s3.amazonaws.com/photos/521273242/medium.jpg,Домашний голубь,Columba livia domestica,Домашний голубь
289801884,research,https://www.inaturalist.org/observations/289801884,https://inaturalist-open-data.s3.amazonaws.com/photos/521273701/medium.jpg,Домашний голубь,Columba livia domestica,Домашний голубь
289802084,research,https://www.inaturalist.org/observations/289802084,https://inaturalist-open-data.s3.amazonaws.com/photos/521274048/medium.jpg,Домашний голубь,Columba livia domestica,Домашний голубь
289802787,research,https://www.inaturalist.org/observations/289802787,https://inaturalist-open-data.s3.amazonaws.com/photos/521275237/medium.jpg,Домашний голубь,Columba livia domestica,Домашний голубь
289803057,research,https://www.inaturalist.org/observations/289803057,https://inaturalist-open-data.s3.amazonaws.com/photos/521275601/medium.jpg,Домашний голубь,Columba livia domestica,Домашний голубь
289803336,research,https://www.inaturalist.org/observations/289803336,https://inaturalist-open-data.s3.amazonaws.com/photos/521276364/medium.jpg,Домашний голубь,Columba livia domestica,Домашний голубь
289803451,research,https://www.inaturalist.org/observations/289803451,https://inaturalist-open-data.s3.amazonaws.com/photos/521276388/medium.jpg,Домашний голубь,Columba livia domestica,Домашний голубь
289803536,research,https://www.inaturalist.org/observations/289803536,https://inaturalist-open-data.s3.amazonaws.com/photos/521276444/medium.jpg,Домашний голубь,Columba livia domestica,Домашний голубь
289803612,research,https://www.inaturalist.org/observations/289803612,https://inaturalist-open-data.s3.amazonaws.com/photos/521276542/medium.jpg,Домашний голубь,Columba livia domestica,Домашний голубь
289803669,research,https://www.inaturalist.org/observations/289803669,https://inaturalist-open-data.s3.amazonaws.com/photos/521276646/medium.jpg,Домашний голубь,Columba livia domestica,Домашний голубь
289803718,research,https://www.inaturalist.org/observations/289803718,https://inaturalist-open-data.s3.amazonaws.com/photos/521276741/medium.jpg,Домашний голубь,Columba livia domestica,Домашний голубь
289803813,research,https://www.inaturalist.org/observations/289803813,https://inaturalist-open-data.s3.amazonaws.com/photos/521276879/medium.jpg,Домашний голубь,Columba livia domestica,Домашний голубь
289803930,research,https://www.inaturalist.org/observations/289803930,https://inaturalist-open-data.s3.amazonaws.com/photos/521277106/medium.jpg,Домашний голубь,Columba livia domestica,Домашний голубь
289832385,research,https://www.inaturalist.org/observations/289832385,https://inaturalist-open-data.s3.amazonaws.com/photos/521329616/medium.jpg,Домашний голубь,Columba livia domestica,Домашний голубь
289936380,research,https://www.inaturalist.org/observations/289936380,https://inaturalist-open-data.s3.amazonaws.com/photos/521521771/medium.jpg,Домашний голубь,Columba livia domestica,Домашний голубь
289936967,research,https://www.inaturalist.org/observations/289936967,https://inaturalist-open-data.s3.amazonaws.com/photos/521522633/medium.jpg,Домашний голубь,Columba livia domestica,Домашний голубь
289937092,research,https://www.inaturalist.org/observations/289937092,https://inaturalist-open-data.s3.amazonaws.com/photos/521522881/medium.jpg,Домашний голубь,Columba livia domestica,Домашний голубь
289937149,research,https://www.inaturalist.org/observations/289937149,https://inaturalist-open-data.s3.amazonaws.com/photos/521523030/medium.jpg,Домашний голубь,Columba livia domestica,Домашний голубь
289937234,research,https://www.inaturalist.org/observations/289937234,https://inaturalist-open-data.s3.amazonaws.com/photos/521523202/medium.jpg,Домашний голубь,Columba livia domestica,Домашний голубь
289937311,research,https://www.inaturalist.org/observations/289937311,https://inaturalist-open-data.s3.amazonaws.com/photos/521523389/medium.jpg,Домашний голубь,Columba livia domestica,Домашний голубь
289937383,research,https://www.inaturalist.org/observations/289937383,https://inaturalist-open-data.s3.amazonaws.com/photos/521523527/medium.jpg,Домашний голубь,Columba livia domestica,Домашний голубь
289937490,research,https://www.inaturalist.org/observations/289937490,https://inaturalist-open-data.s3.amazonaws.com/photos/521523677/medium.jpg,Домашний голубь,Columba livia domestica,Домашний голубь
289937614,research,https://www.inaturalist.org/observations/289937614,https://inaturalist-open-data.s3.amazonaws.com/photos/521523952/medium.jpg,Домашний голубь,Columba livia domestica,Домашний голубь
289937650,research,https://www.inaturalist.org/observations/289937650,https://inaturalist-open-data.s3.amazonaws.com/photos/521524028/medium.jpg,Домашний голубь,Columba livia domestica,Домашний голубь
289937752,research,https://www.inaturalist.org/observations/289937752,https://inaturalist-open-data.s3.amazonaws.com/photos/521524253/medium.jpg,Домашний голубь,Columba livia domestica,Домашний голубь
289937795,research,https://www.inaturalist.org/observations/289937795,https://inaturalist-open-data.s3.amazonaws.com/photos/521524311/medium.jpg,Домашний голубь,Columba livia domestica,Домашний голубь
289937826,research,https://www.inaturalist.org/observations/289937826,https://inaturalist-open-data.s3.amazonaws.com/photos/521524380/medium.jpg,Домашний голубь,Columba livia domestica,Домашний голубь
289938041,research,https://www.inaturalist.org/observations/289938041,https://inaturalist-open-data.s3.amazonaws.com/photos/521524818/medium.jpg,Домашний голубь,Columba livia domestica,Домашний голубь
289938322,research,https://www.inaturalist.org/observations/289938322,https://inaturalist-open-data.s3.amazonaws.com/photos/521525343/medium.jpg,Домашний голубь,Columba livia domestica,Домашний голубь
289938455,research,https://www.inaturalist.org/observations/289938455,https://inaturalist-open-data.s3.amazonaws.com/photos/521525756/medium.jpg,Домашний голубь,Columba livia domestica,Домашний голубь
289938545,research,https://www.inaturalist.org/observations/289938545,https://inaturalist-open-data.s3.amazonaws.com/photos/521525831/medium.jpg,Домашний голубь,Columba livia domestica,Домашний голубь
289938645,research,https://www.inaturalist.org/observations/289938645,https://inaturalist-open-data.s3.amazonaws.com/photos/521526014/medium.jpg,Домашний голубь,Columba livia domestica,Домашний голубь
289938682,research,https://www.inaturalist.org/observations/289938682,https://inaturalist-open-data.s3.amazonaws.com/photos/521526067/medium.jpg,Домашний голубь,Columba livia domestica,Домашний голубь
289938947,research,https://www.inaturalist.org/observations/289938947,https://inaturalist-open-data.s3.amazonaws.com/photos/521526553/medium.jpg,Домашний голубь,Columba livia domestica,Домашний голубь
289938976,research,https://www.inaturalist.org/observations/289938976,https://inaturalist-open-data.s3.amazonaws.com/photos/521526625/medium.jpg,Домашний голубь,Columba livia domestica,Домашний голубь
289939102,research,https://www.inaturalist.org/observations/289939102,https://inaturalist-open-data.s3.amazonaws.com/photos/521526863/medium.jpg,Домашний голубь,Columba livia domestica,Домашний голубь
289939129,research,https://www.inaturalist.org/observations/289939129,https://inaturalist-open-data.s3.amazonaws.com/photos/521526930/medium.jpg,Домашний голубь,Columba livia domestica,Домашний голубь
289939171,research,https://www.inaturalist.org/observations/289939171,https://inaturalist-open-data.s3.amazonaws.com/photos/521527103/medium.jpg,Домашний голубь,Columba livia domestica,Домашний голубь
289939327,research,https://www.inaturalist.org/observations/289939327,https://inaturalist-open-data.s3.amazonaws.com/photos/521527399/medium.jpg,Домашний голубь,Columba livia domestica,Домашний голубь
289939419,research,https://www.inaturalist.org/observations/289939419,https://inaturalist-open-data.s3.amazonaws.com/photos/521527526/medium.jpg,Домашний голубь,Columba livia domestica,Домашний голубь
289939594,research,https://www.inaturalist.org/observations/289939594,https://inaturalist-open-data.s3.amazonaws.com/photos/521527907/medium.jpg,Домашний голубь,Columba livia domestica,Домашний голубь
289940160,research,https://www.inaturalist.org/observations/289940160,https://inaturalist-open-data.s3.amazonaws.com/photos/521529130/medium.jpg,Домашний голубь,Columba livia domestica,Домашний голубь
289940217,research,https://www.inaturalist.org/observations/289940217,https://inaturalist-open-data.s3.amazonaws.com/photos/521529277/medium.jpg,Домашний голубь,Columba livia domestica,Домашний голубь
289940278,research,https://www.inaturalist.org/observations/289940278,https://inaturalist-open-data.s3.amazonaws.com/photos/521529404/medium.jpg,Домашний голубь,Columba livia domestica,Домашний голубь
289940401,research,https://www.inaturalist.org/observations/289940401,https://inaturalist-open-data.s3.amazonaws.com/photos/521529708/medium.jpg,Домашний голубь,Columba livia domestica,Домашний голубь
289940481,research,https://www.inaturalist.org/observations/289940481,https://inaturalist-open-data.s3.amazonaws.com/photos/521529880/medium.jpg,Домашний голубь,Columba livia domestica,Домашний голубь
289952455,research,https://www.inaturalist.org/observations/289952455,https://inaturalist-open-data.s3.amazonaws.com/photos/521554780/medium.jpg,Домашний голубь,Columba livia domestica,Домашний голубь
289952562,research,https://www.inaturalist.org/observations/289952562,https://inaturalist-open-data.s3.amazonaws.com/photos/521555021/medium.jpg,Домашний голубь,Columba livia domestica,Домашний голубь
290647697,research,https://www.inaturalist.org/observations/290647697,https://inaturalist-open-data.s3.amazonaws.com/photos/522877333/medium.jpg,Домашний голубь,Columba livia domestica,Домашний голубь
291399891,research,https://www.inaturalist.org/observations/291399891,https://inaturalist-open-data.s3.amazonaws.com/photos/524294936/medium.jpg,Домашний голубь,Columba livia domestica,Домашний голубь
291404360,research,https://www.inaturalist.org/observations/291404360,https://inaturalist-open-data.s3.amazonaws.com/photos/524303960/medium.jpg,Домашний голубь,Columba livia domestica,Домашний голубь
291679964,research,https://www.inaturalist.org/observations/291679964,https://inaturalist-open-data.s3.amazonaws.com/photos/524815903/medium.jpg,Домашний голубь,Columba livia domestica,Домашний голубь
291849916,research,https://www.inaturalist.org/observations/291849916,https://static.inaturalist.org/photos/525134442/medium.jpg,Домашний голубь,Columba livia domestica,Домашний голубь
292369913,research,https://www.inaturalist.org/observations/292369913,https://static.inaturalist.org/photos/526130644/medium.jpg,Домашний голубь,Columba livia domestica,Домашний голубь
292953743,research,https://www.inaturalist.org/observations/292953743,https://inaturalist-open-data.s3.amazonaws.com/photos/527239291/medium.jpg,Домашний голубь,Columba livia domestica,Домашний голубь
293145729,research,https://www.inaturalist.org/observations/293145729,https://inaturalist-open-data.s3.amazonaws.com/photos/527600608/medium.jpg,Домашний голубь,Columba livia domestica,Домашний голубь
293146003,research,https://www.inaturalist.org/observations/293146003,https://inaturalist-open-data.s3.amazonaws.com/photos/527601107/medium.jpg,Домашний голубь,Columba livia domestica,Домашний голубь
293146276,research,https://www.inaturalist.org/observations/293146276,https://inaturalist-open-data.s3.amazonaws.com/photos/527601448/medium.jpg,Домашний голубь,Columba livia domestica,Домашний голубь
293146296,research,https://www.inaturalist.org/observations/293146296,https://inaturalist-open-data.s3.amazonaws.com/photos/527601491/medium.jpg,Домашний голубь,Columba livia domestica,Домашний голубь
293146323,research,https://www.inaturalist.org/observations/293146323,https://inaturalist-open-data.s3.amazonaws.com/photos/527601551/medium.jpg,Домашний голубь,Columba livia domestica,Домашний голубь
293146504,research,https://www.inaturalist.org/observations/293146504,https://inaturalist-open-data.s3.amazonaws.com/photos/527602765/medium.jpg,Домашний голубь,Columba livia domestica,Домашний голубь
293148084,research,https://www.inaturalist.org/observations/293148084,https://inaturalist-open-data.s3.amazonaws.com/photos/527604651/medium.jpg,Домашний голубь,Columba livia domestica,Домашний голубь
293148208,research,https://www.inaturalist.org/observations/293148208,https://inaturalist-open-data.s3.amazonaws.com/photos/527604807/medium.jpg,Домашний голубь,Columba livia domestica,Домашний голубь
293149258,research,https://www.inaturalist.org/observations/293149258,https://inaturalist-open-data.s3.amazonaws.com/photos/527606922/medium.jpg,Домашний голубь,Columba livia domestica,Домашний голубь
293456175,research,https://www.inaturalist.org/observations/293456175,https://inaturalist-open-data.s3.amazonaws.com/photos/528180196/medium.jpg,Домашний голубь,Columba livia domestica,Домашний голубь
293457407,research,https://www.inaturalist.org/observations/293457407,https://inaturalist-open-data.s3.amazonaws.com/photos/560134786/medium.jpg,Домашний голубь,Columba livia domestica,Домашний голубь
293867952,research,https://www.inaturalist.org/observations/293867952,https://inaturalist-open-data.s3.amazonaws.com/photos/528897127/medium.jpg,Домашний голубь,Columba livia domestica,Домашний голубь
293870788,research,https://www.inaturalist.org/observations/293870788,https://inaturalist-open-data.s3.amazonaws.com/photos/528902274/medium.jpg,Домашний голубь,Columba livia domestica,Домашний голубь
294923886,research,https://www.inaturalist.org/observations/294923886,https://inaturalist-open-data.s3.amazonaws.com/photos/530888593/medium.jpg,Feral Pigeon,Columba livia domestica,Домашний голубь
295326021,research,https://www.inaturalist.org/observations/295326021,https://inaturalist-open-data.s3.amazonaws.com/photos/531649091/medium.jpg,Домашний голубь,Columba livia domestica,Домашний голубь
295347307,research,https://www.inaturalist.org/observations/295347307,https://inaturalist-open-data.s3.amazonaws.com/photos/531690310/medium.jpg,Домашний голубь,Columba livia domestica,Домашний голубь
295371614,research,https://www.inaturalist.org/observations/295371614,https://inaturalist-open-data.s3.amazonaws.com/photos/531734729/medium.jpg,Домашний голубь,Columba livia domestica,Домашний голубь
295418877,research,https://www.inaturalist.org/observations/295418877,https://inaturalist-open-data.s3.amazonaws.com/photos/531821201/medium.jpg,Домашний голубь,Columba livia domestica,Домашний голубь
296069395,research,https://www.inaturalist.org/observations/296069395,https://inaturalist-open-data.s3.amazonaws.com/photos/533061625/medium.jpg,Домашний голубь,Columba livia domestica,Домашний голубь
296082470,research,https://www.inaturalist.org/observations/296082470,https://inaturalist-open-data.s3.amazonaws.com/photos/533087850/medium.jpg,Домашний голубь,Columba livia domestica,Домашний голубь
296541969,research,https://www.inaturalist.org/observations/296541969,https://inaturalist-open-data.s3.amazonaws.com/photos/533964597/medium.jpg,Домашний голубь,Columba livia domestica,Домашний голубь
296595573,research,https://www.inaturalist.org/observations/296595573,https://static.inaturalist.org/photos/534056964/medium.jpg,Домашний голубь,Columba livia domestica,Домашний голубь
296595597,research,https://www.inaturalist.org/observations/296595597,https://static.inaturalist.org/photos/534057054/medium.jpg,Домашний голубь,Columba livia domestica,Домашний голубь
296774080,research,https://www.inaturalist.org/observations/296774080,https://inaturalist-open-data.s3.amazonaws.com/photos/534412297/medium.jpg,Домашний голубь,Columba livia domestica,Домашний голубь
296787761,research,https://www.inaturalist.org/observations/296787761,https://inaturalist-open-data.s3.amazonaws.com/photos/534436952/medium.jpg,Feral Pigeon,Columba livia domestica,Домашний голубь
296801090,research,https://www.inaturalist.org/observations/296801090,https://inaturalist-open-data.s3.amazonaws.com/photos/534462355/medium.jpg,Feral Pigeon,Columba livia domestica,Домашний голубь
296827573,research,https://www.inaturalist.org/observations/296827573,https://inaturalist-open-data.s3.amazonaws.com/photos/534513677/medium.jpg,Домашний голубь,Columba livia domestica,Домашний голубь
298108942,research,https://www.inaturalist.org/observations/298108942,https://inaturalist-open-data.s3.amazonaws.com/photos/536944084/medium.jpg,Домашний голубь,Columba livia domestica,Домашний голубь
298903367,research,https://www.inaturalist.org/observations/298903367,https://static.inaturalist.org/photos/538459548/medium.jpg,Feral Pigeon,Columba livia domestica,Домашний голубь
299781811,research,https://www.inaturalist.org/observations/299781811,https://inaturalist-open-data.s3.amazonaws.com/photos/540104461/medium.jpg,Домашний голубь,Columba livia domestica,Домашний голубь
300151696,research,https://www.inaturalist.org/observations/300151696,https://static.inaturalist.org/photos/540785952/medium.jpg,Домашний голубь,Columba livia domestica,Домашний голубь
300197235,research,https://www.inaturalist.org/observations/300197235,https://inaturalist-open-data.s3.amazonaws.com/photos/540871913/medium.jpg,Feral Pigeon,Columba livia domestica,Домашний голубь
300198519,research,https://www.inaturalist.org/observations/300198519,https://inaturalist-open-data.s3.amazonaws.com/photos/540874118/medium.jpg,Feral Pigeon,Columba livia domestica,Домашний голубь
300770139,research,https://www.inaturalist.org/observations/300770139,https://inaturalist-open-data.s3.amazonaws.com/photos/541943306/medium.jpg,Feral Pigeon,Columba livia domestica,Домашний голубь
301514891,research,https://www.inaturalist.org/observations/301514891,https://inaturalist-open-data.s3.amazonaws.com/photos/543331508/medium.jpg,Домашний голубь,Columba livia domestica,Домашний голубь
301899855,research,https://www.inaturalist.org/observations/301899855,https://inaturalist-open-data.s3.amazonaws.com/photos/544049257/medium.jpg,Домашний голубь,Columba livia domestica,Домашний голубь
302052401,research,https://www.inaturalist.org/observations/302052401,https://inaturalist-open-data.s3.amazonaws.com/photos/544341959/medium.jpg,Feral Pigeon,Columba livia domestica,Домашний голубь
302112381,research,https://www.inaturalist.org/observations/302112381,https://inaturalist-open-data.s3.amazonaws.com/photos/544450399/medium.jpg,Домашний голубь,Columba livia domestica,Домашний голубь
302641000,research,https://www.inaturalist.org/observations/302641000,https://inaturalist-open-data.s3.amazonaws.com/photos/545431445/medium.jpg,Feral Pigeon,Columba livia domestica,Домашний голубь
302709687,research,https://www.inaturalist.org/observations/302709687,https://inaturalist-open-data.s3.amazonaws.com/photos/545545794/medium.jpg,Feral Pigeon,Columba livia domestica,Домашний голубь
304352087,research,https://www.inaturalist.org/observations/304352087,https://inaturalist-open-data.s3.amazonaws.com/photos/548658315/medium.jpg,Домашний голубь,Columba livia domestica,Домашний голубь
304353302,research,https://www.inaturalist.org/observations/304353302,https://inaturalist-open-data.s3.amazonaws.com/photos/548660712/medium.jpg,Домашний голубь,Columba livia domestica,Домашний голубь
305059676,research,https://www.inaturalist.org/observations/305059676,https://inaturalist-open-data.s3.amazonaws.com/photos/549996404/medium.jpg,Домашний голубь,Columba livia domestica,Домашний голубь
305062458,research,https://www.inaturalist.org/observations/305062458,https://inaturalist-open-data.s3.amazonaws.com/photos/550001806/medium.jpg,Домашний голубь,Columba livia domestica,Домашний голубь
305064107,research,https://www.inaturalist.org/observations/305064107,https://inaturalist-open-data.s3.amazonaws.com/photos/550004948/medium.jpg,Домашний голубь,Columba livia domestica,Домашний голубь
305071721,research,https://www.inaturalist.org/observations/305071721,https://inaturalist-open-data.s3.amazonaws.com/photos/550029496/medium.jpg,Домашний голубь,Columba livia domestica,Домашний голубь
305606833,research,https://www.inaturalist.org/observations/305606833,https://inaturalist-open-data.s3.amazonaws.com/photos/551032458/medium.jpg,Домашний голубь,Columba livia domestica,Домашний голубь
305804106,research,https://www.inaturalist.org/observations/305804106,https://inaturalist-open-data.s3.amazonaws.com/photos/551411487/medium.jpg,Домашний голубь,Columba livia domestica,Домашний голубь
306445624,research,https://www.inaturalist.org/observations/306445624,https://inaturalist-open-data.s3.amazonaws.com/photos/552639519/medium.jpg,Домашний голубь,Columba livia domestica,Домашний голубь
307223385,research,https://www.inaturalist.org/observations/307223385,https://inaturalist-open-data.s3.amazonaws.com/photos/554118130/medium.jpg,Домашний голубь,Columba livia domestica,Домашний голубь
308928575,research,https://www.inaturalist.org/observations/308928575,https://inaturalist-open-data.s3.amazonaws.com/photos/557409647/medium.jpg,Домашний голубь,Columba livia domestica,Домашний голубь
309345170,research,https://www.inaturalist.org/observations/309345170,https://inaturalist-open-data.s3.amazonaws.com/photos/558206291/medium.jpg,Columba livia domestica,Columba livia domestica,Домашний голубь
310359498,research,https://www.inaturalist.org/observations/310359498,https://inaturalist-open-data.s3.amazonaws.com/photos/560135112/medium.jpg,Домашний голубь,Columba livia domestica,Домашний голубь
310362784,research,https://www.inaturalist.org/observations/310362784,https://inaturalist-open-data.s3.amazonaws.com/photos/560141315/medium.jpg,Домашний голубь,Columba livia domestica,Домашний голубь
310363342,research,https://www.inaturalist.org/observations/310363342,https://inaturalist-open-data.s3.amazonaws.com/photos/560142066/medium.jpg,Домашний голубь,Columba livia domestica,Домашний голубь
310363411,research,https://www.inaturalist.org/observations/310363411,https://inaturalist-open-data.s3.amazonaws.com/photos/560142233/medium.jpg,Домашний голубь,Columba livia domestica,Домашний голубь
310363453,research,https://www.inaturalist.org/observations/310363453,https://inaturalist-open-data.s3.amazonaws.com/photos/560142344/medium.jpg,Домашний голубь,Columba livia domestica,Домашний голубь
310363481,research,https://www.inaturalist.org/observations/310363481,https://inaturalist-open-data.s3.amazonaws.com/photos/560142404/medium.jpg,Домашний голубь,Columba livia domestica,Домашний голубь
310365581,research,https://www.inaturalist.org/observations/310365581,https://inaturalist-open-data.s3.amazonaws.com/photos/560146476/medium.jpg,Домашний голубь,Columba livia domestica,Домашний голубь
310365606,research,https://www.inaturalist.org/observations/310365606,https://inaturalist-open-data.s3.amazonaws.com/photos/560146567/medium.jpg,Домашний голубь,Columba livia domestica,Домашний голубь
310365618,research,https://www.inaturalist.org/observations/310365618,https://inaturalist-open-data.s3.amazonaws.com/photos/560146584/medium.jpg,Домашний голубь,Columba livia domestica,Домашний голубь
310365656,research,https://www.inaturalist.org/observations/310365656,https://inaturalist-open-data.s3.amazonaws.com/photos/560146663/medium.jpg,Домашний голубь,Columba livia domestica,Домашний голубь
310365661,research,https://www.inaturalist.org/observations/310365661,https://inaturalist-open-data.s3.amazonaws.com/photos/560146682/medium.jpg,Домашний голубь,Columba livia domestica,Домашний голубь
310365672,research,https://www.inaturalist.org/observations/310365672,https://inaturalist-open-data.s3.amazonaws.com/photos/560146736/medium.jpg,Домашний голубь,Columba livia domestica,Домашний голубь
310365701,research,https://www.inaturalist.org/observations/310365701,https://inaturalist-open-data.s3.amazonaws.com/photos/560146787/medium.jpg,Домашний голубь,Columba livia domestica,Домашний голубь
310365746,research,https://www.inaturalist.org/observations/310365746,https://inaturalist-open-data.s3.amazonaws.com/photos/560146870/medium.jpg,Домашний голубь,Columba livia domestica,Домашний голубь
310365798,research,https://www.inaturalist.org/observations/310365798,https://inaturalist-open-data.s3.amazonaws.com/photos/560146925/medium.jpg,Домашний голубь,Columba livia domestica,Домашний голубь
310380799,research,https://www.inaturalist.org/observations/310380799,https://inaturalist-open-data.s3.amazonaws.com/photos/560175413/medium.jpg,Домашний голубь,Columba livia domestica,Домашний голубь
310380824,research,https://www.inaturalist.org/observations/310380824,https://inaturalist-open-data.s3.amazonaws.com/photos/560175502/medium.jpg,Домашний голубь,Columba livia domestica,Домашний голубь
310984470,research,https://www.inaturalist.org/observations/310984470,https://inaturalist-open-data.s3.amazonaws.com/photos/561332082/medium.jpg,Feral Pigeon,Columba livia domestica,Домашний голубь
310984615,research,https://www.inaturalist.org/observations/310984615,https://inaturalist-open-data.s3.amazonaws.com/photos/561332331/medium.jpg,Feral Pigeon,Columba livia domestica,Домашний голубь
310994685,research,https://www.inaturalist.org/observations/310994685,https://inaturalist-open-data.s3.amazonaws.com/photos/561352281/medium.jpg,Домашний голубь,Columba livia domestica,Домашний голубь
311119610,research,https://www.inaturalist.org/observations/311119610,https://inaturalist-open-data.s3.amazonaws.com/photos/561594200/medium.jpg,Домашний голубь,Columba livia domestica,Домашний голубь
311180443,research,https://www.inaturalist.org/observations/311180443,https://inaturalist-open-data.s3.amazonaws.com/photos/561716359/medium.jpg,Домашний голубь,Columba livia domestica,Домашний голубь
311520616,research,https://www.inaturalist.org/observations/311520616,https://inaturalist-open-data.s3.amazonaws.com/photos/562363367/medium.jpg,Feral Pigeon,Columba livia domestica,Домашний голубь
311522809,research,https://www.inaturalist.org/observations/311522809,https://inaturalist-open-data.s3.amazonaws.com/photos/562367138/medium.jpg,Feral Pigeon,Columba livia domestica,Домашний голубь
312018811,research,https://www.inaturalist.org/observations/312018811,https://inaturalist-open-data.s3.amazonaws.com/photos/563298638/medium.jpg,Домашний голубь,Columba livia domestica,Домашний голубь
312888023,research,https://www.inaturalist.org/observations/312888023,https://inaturalist-open-data.s3.amazonaws.com/photos/564976466/medium.jpg,Домашний голубь,Columba livia domestica,Домашний голубь
312951311,research,https://www.inaturalist.org/observations/312951311,https://inaturalist-open-data.s3.amazonaws.com/photos/565095171/medium.jpg,Домашний голубь,Columba livia domestica,Домашний голубь
313156917,research,https://www.inaturalist.org/observations/313156917,https://inaturalist-open-data.s3.amazonaws.com/photos/565487399/medium.jpg,Feral Pigeon,Columba livia domestica,Домашний голубь
313391488,research,https://www.inaturalist.org/observations/313391488,https://inaturalist-open-data.s3.amazonaws.com/photos/565936029/medium.jpg,Feral Pigeon,Columba livia domestica,Домашний голубь
314366913,research,https://www.inaturalist.org/observations/314366913,https://inaturalist-open-data.s3.amazonaws.com/photos/567801868/medium.jpg,Feral Pigeon,Columba livia domestica,Домашний голубь
314409435,research,https://www.inaturalist.org/observations/314409435,https://inaturalist-open-data.s3.amazonaws.com/photos/567876187/medium.jpg,Feral Pigeon,Columba livia domestica,Домашний голубь
314838981,research,https://www.inaturalist.org/observations/314838981,https://inaturalist-open-data.s3.amazonaws.com/photos/568683665/medium.jpg,Feral Pigeon,Columba livia domestica,Домашний голубь
314839654,research,https://www.inaturalist.org/observations/314839654,https://inaturalist-open-data.s3.amazonaws.com/photos/568684867/medium.jpg,Feral Pigeon,Columba livia domestica,Домашний голубь
316119689,research,https://www.inaturalist.org/observations/316119689,https://inaturalist-open-data.s3.amazonaws.com/photos/571118792/medium.jpg,Feral Pigeon,Columba livia domestica,Домашний голубь
316555464,research,https://www.inaturalist.org/observations/316555464,https://inaturalist-open-data.s3.amazonaws.com/photos/571941232/medium.jpg,Feral Pigeon,Columba livia domestica,Домашний голубь
316706900,research,https://www.inaturalist.org/observations/316706900,https://inaturalist-open-data.s3.amazonaws.com/photos/572233359/medium.jpg,Домашний голубь,Columba livia domestica,Домашний голубь
316793959,research,https://www.inaturalist.org/observations/316793959,https://inaturalist-open-data.s3.amazonaws.com/photos/572386480/medium.jpg,Feral Pigeon,Columba livia domestica,Домашний голубь
316801601,research,https://www.inaturalist.org/observations/316801601,https://inaturalist-open-data.s3.amazonaws.com/photos/572400200/medium.jpg,Feral Pigeon,Columba livia domestica,Домашний голубь
317366301,research,https://www.inaturalist.org/observations/317366301,https://inaturalist-open-data.s3.amazonaws.com/photos/573465796/medium.jpg,Домашний голубь,Columba livia domestica,Домашний голубь
318460369,research,https://www.inaturalist.org/observations/318460369,https://inaturalist-open-data.s3.amazonaws.com/photos/575561474/medium.jpg,Feral Pigeon,Columba livia domestica,Домашний голубь
318712103,research,https://www.inaturalist.org/observations/318712103,https://inaturalist-open-data.s3.amazonaws.com/photos/576043124/medium.jpg,Домашний голубь,Columba livia domestica,Домашний голубь
319577532,research,https://www.inaturalist.org/observations/319577532,https://inaturalist-open-data.s3.amazonaws.com/photos/577699169/medium.jpg,Домашний голубь,Columba livia domestica,Домашний голубь
319579997,research,https://www.inaturalist.org/observations/319579997,https://inaturalist-open-data.s3.amazonaws.com/photos/577703824/medium.jpg,Домашний голубь,Columba livia domestica,Домашний голубь
320590129,research,https://www.inaturalist.org/observations/320590129,https://inaturalist-open-data.s3.amazonaws.com/photos/579662728/medium.jpg,Домашний голубь,Columba livia domestica,Домашний голубь
320818317,research,https://www.inaturalist.org/observations/320818317,https://inaturalist-open-data.s3.amazonaws.com/photos/580110931/medium.jpg,Домашний голубь,Columba livia domestica,Домашний голубь
320819395,research,https://www.inaturalist.org/observations/320819395,https://inaturalist-open-data.s3.amazonaws.com/photos/580113443/medium.jpg,Домашний голубь,Columba livia domestica,Домашний голубь
320819867,research,https://www.inaturalist.org/observations/320819867,https://inaturalist-open-data.s3.amazonaws.com/photos/580114493/medium.jpg,Домашний голубь,Columba livia domestica,Домашний голубь
321009423,research,https://www.inaturalist.org/observations/321009423,https://static.inaturalist.org/photos/580488787/medium.jpg,Домашний голубь,Columba livia domestica,Домашний голубь
321443552,research,https://www.inaturalist.org/observations/321443552,https://inaturalist-open-data.s3.amazonaws.com/photos/581338074/medium.jpg,Feral Pigeon,Columba livia domestica,Домашний голубь
321910453,research,https://www.inaturalist.org/observations/321910453,https://inaturalist-open-data.s3.amazonaws.com/photos/582240894/medium.jpg,Домашний голубь,Columba livia domestica,Домашний голубь
322023882,research,https://www.inaturalist.org/observations/322023882,https://inaturalist-open-data.s3.amazonaws.com/photos/582473697/medium.jpg,Домашний голубь,Columba livia domestica,Домашний голубь
322054766,research,https://www.inaturalist.org/observations/322054766,https://inaturalist-open-data.s3.amazonaws.com/photos/582532724/medium.jpg,Домашний голубь,Columba livia domestica,Домашний голубь
322056535,research,https://www.inaturalist.org/observations/322056535,https://inaturalist-open-data.s3.amazonaws.com/photos/582536633/medium.jpg,Домашний голубь,Columba livia domestica,Домашний голубь
322546530,research,https://www.inaturalist.org/observations/322546530,https://inaturalist-open-data.s3.amazonaws.com/photos/583516160/medium.jpg,Feral Pigeon,Columba livia domestica,Домашний голубь
322794420,research,https://www.inaturalist.org/observations/322794420,https://inaturalist-open-data.s3.amazonaws.com/photos/584003373/medium.jpg,Feral Pigeon,Columba livia domestica,Домашний голубь
325692132,research,https://www.inaturalist.org/observations/325692132,https://inaturalist-open-data.s3.amazonaws.com/photos/589730313/medium.jpg,Домашний голубь,Columba livia domestica,Домашний голубь
325705387,research,https://www.inaturalist.org/observations/325705387,https://inaturalist-open-data.s3.amazonaws.com/photos/589757466/medium.jpg,Домашний голубь,Columba livia domestica,Домашний голубь
326222598,research,https://www.inaturalist.org/observations/326222598,https://inaturalist-open-data.s3.amazonaws.com/photos/590787989/medium.jpg,Домашний голубь,Columba livia domestica,Домашний голубь
326749227,research,https://www.inaturalist.org/observations/326749227,https://inaturalist-open-data.s3.amazonaws.com/photos/591841269/medium.jpg,Домашний голубь,Columba livia domestica,Домашний голубь
327483195,research,https://www.inaturalist.org/observations/327483195,https://inaturalist-open-data.s3.amazonaws.com/photos/593304503/medium.jpg,Домашний голубь,Columba livia domestica,Домашний голубь
327804715,research,https://www.inaturalist.org/observations/327804715,https://inaturalist-open-data.s3.amazonaws.com/photos/593920773/medium.jpg,Домашний голубь,Columba livia domestica,Домашний голубь
327898542,research,https://www.inaturalist.org/observations/327898542,https://inaturalist-open-data.s3.amazonaws.com/photos/594097484/medium.jpg,Домашний голубь,Columba livia domestica,Домашний голубь
328474116,research,https://www.inaturalist.org/observations/328474116,https://inaturalist-open-data.s3.amazonaws.com/photos/595226853/medium.jpg,Домашний голубь,Columba livia domestica,Домашний голубь
328475059,research,https://www.inaturalist.org/observations/328475059,https://inaturalist-open-data.s3.amazonaws.com/photos/595229182/medium.jpg,Домашний голубь,Columba livia domestica,Домашний голубь
329347655,research,https://www.inaturalist.org/observations/329347655,https://inaturalist-open-data.s3.amazonaws.com/photos/596983448/medium.jpg,Домашний голубь,Columba livia domestica,Домашний голубь
329855785,research,https://www.inaturalist.org/observations/329855785,https://inaturalist-open-data.s3.amazonaws.com/photos/598008121/medium.jpg,Stadsduif,Columba livia domestica,Домашний голубь
330102922,research,https://www.inaturalist.org/observations/330102922,https://inaturalist-open-data.s3.amazonaws.com/photos/598511177/medium.jpg,Домашний голубь,Columba livia domestica,Домашний голубь
330105919,research,https://www.inaturalist.org/observations/330105919,https://inaturalist-open-data.s3.amazonaws.com/photos/598517709/medium.jpg,Домашний голубь,Columba livia domestica,Домашний голубь
330247773,research,https://www.inaturalist.org/observations/330247773,https://inaturalist-open-data.s3.amazonaws.com/photos/598806744/medium.jpg,Feral Pigeon,Columba livia domestica,Домашний голубь
330988122,research,https://www.inaturalist.org/observations/330988122,https://inaturalist-open-data.s3.amazonaws.com/photos/600334973/medium.jpg,Feral Pigeon,Columba livia domestica,Домашний голубь
330988596,research,https://www.inaturalist.org/observations/330988596,https://inaturalist-open-data.s3.amazonaws.com/photos/600335940/medium.jpg,Feral Pigeon,Columba livia domestica,Домашний голубь
331052325,research,https://www.inaturalist.org/observations/331052325,https://inaturalist-open-data.s3.amazonaws.com/photos/600465287/medium.jpg,Домашний голубь,Columba livia domestica,Домашний голубь
331052527,research,https://www.inaturalist.org/observations/331052527,https://inaturalist-open-data.s3.amazonaws.com/photos/600465809/medium.jpg,Домашний голубь,Columba livia domestica,Домашний голубь
331098187,research,https://www.inaturalist.org/observations/331098187,https://inaturalist-open-data.s3.amazonaws.com/photos/600560613/medium.jpg,Домашний голубь,Columba livia domestica,Домашний голубь
331100976,research,https://www.inaturalist.org/observations/331100976,https://inaturalist-open-data.s3.amazonaws.com/photos/600566204/medium.jpg,Домашний голубь,Columba livia domestica,Домашний голубь
331234169,research,https://www.inaturalist.org/observations/331234169,https://inaturalist-open-data.s3.amazonaws.com/photos/600838471/medium.jpg,Домашний голубь,Columba livia domestica,Домашний голубь
331312788,research,https://www.inaturalist.org/observations/331312788,https://inaturalist-open-data.s3.amazonaws.com/photos/601004726/medium.jpg,Домашний голубь,Columba livia domestica,Домашний голубь
331312922,research,https://www.inaturalist.org/observations/331312922,https://inaturalist-open-data.s3.amazonaws.com/photos/601004362/medium.jpg,Paloma Doméstica,Columba livia domestica,Домашний голубь
331403591,research,https://www.inaturalist.org/observations/331403591,https://static.inaturalist.org/photos/601189083/medium.jpg,Домашний голубь,Columba livia domestica,Домашний голубь
331418607,research,https://www.inaturalist.org/observations/331418607,https://inaturalist-open-data.s3.amazonaws.com/photos/601222385/medium.jpg,Домашний голубь,Columba livia domestica,Домашний голубь
