id,quality_grade,url,image_url,species_guess,scientific_name,common_name
6530336,research,https://www.inaturalist.org/observations/6530336,https://static.inaturalist.org/photos/8273890/medium.jpg,Corneille mantelée,Corvus cornix,Серая ворона
6563457,research,https://www.inaturalist.org/observations/6563457,https://inaturalist-open-data.s3.amazonaws.com/photos/8324731/medium.jpeg,Corneille mantelée,Corvus cornix,Серая ворона
7010801,research,https://www.inaturalist.org/observations/7010801,https://inaturalist-open-data.s3.amazonaws.com/photos/8986144/medium.jpeg,Corneille mantelée,Corvus cornix,Серая ворона
8885600,research,https://www.inaturalist.org/observations/8885600,https://inaturalist-open-data.s3.amazonaws.com/photos/11951241/medium.jpg,Hooded Crow,Corvus cornix,Серая ворона
8885601,research,https://www.inaturalist.org/observations/8885601,https://inaturalist-open-data.s3.amazonaws.com/photos/11951242/medium.jpg,Hooded Crow,Corvus cornix,Серая ворона
10525464,research,https://www.inaturalist.org/observations/10525464,https://inaturalist-open-data.s3.amazonaws.com/photos/14650765/medium.jpeg,Серая Ворона,Corvus cornix,Серая ворона
12599307,research,https://www.inaturalist.org/observations/12599307,https://static.inaturalist.org/photos/18214178/medium.jpg,Hooded Crow,Corvus cornix,Серая ворона
12958358,research,https://www.inaturalist.org/observations/12958358,https://static.inaturalist.org/photos/18836975/medium.jpeg,Corneille mantelée,Corvus cornix,Серая ворона
14137787,research,https://www.inaturalist.org/observations/14137787,https://static.inaturalist.org/photos/20948492/medium.jpg,Corneille mantelée,Corvus cornix,Серая ворона
14607656,research,https://www.inaturalist.org/observations/14607656,https://inaturalist-open-data.s3.amazonaws.com/photos/21777435/medium.jpeg,Corneille mantelée,Corvus cornix,Серая ворона
16635399,research,https://www.inaturalist.org/observations/16635399,https://inaturalist-open-data.s3.amazonaws.com/photos/25075140/medium.jpg,Corneille mantelée,Corvus cornix,Серая ворона
18692441,research,https://www.inaturalist.org/observations/18692441,https://inaturalist-open-data.s3.amazonaws.com/photos/28618342/medium.jpg,Cornacchia grigia,Corvus cornix,Серая ворона
18692447,research,https://www.inaturalist.org/observations/18692447,https://inaturalist-open-data.s3.amazonaws.com/photos/28618354/medium.jpg,Cornacchia grigia,Corvus cornix,Серая ворона
18821214,research,https://www.inaturalist.org/observations/18821214,https://inaturalist-open-data.s3.amazonaws.com/photos/28829495/medium.jpeg,Hooded Crow,Corvus cornix,Серая ворона
19115113,research,https://www.inaturalist.org/observations/19115113,https://inaturalist-open-data.s3.amazonaws.com/photos/29338983/medium.jpeg,Hooded Crow,Corvus cornix,Серая ворона
19706888,research,https://www.inaturalist.org/observations/19706888,https://inaturalist-open-data.s3.amazonaws.com/photos/30358948/medium.jpg,Hooded Crow,Corvus cornix,Серая ворона
19706940,research,https://www.inaturalist.org/observations/19706940,https://inaturalist-open-data.s3.amazonaws.com/photos/30359051/medium.jpg,Hooded Crow,Corvus cornix,Серая ворона
19905845,research,https://www.inaturalist.org/observations/19905845,https://inaturalist-open-data.s3.amazonaws.com/photos/30701354/medium.jpeg,Corneille mantelée,Corvus cornix,Серая ворона
20312588,research,https://www.inaturalist.org/observations/20312588,https://inaturalist-open-data.s3.amazonaws.com/photos/31363220/medium.jpeg,Corneille mantelée,Corvus cornix,Серая ворона
20380236,research,https://www.inaturalist.org/observations/20380236,https://inaturalist-open-data.s3.amazonaws.com/photos/31474162/medium.jpeg,Серая ворона,Corvus cornix,Серая ворона
20519735,research,https://www.inaturalist.org/observations/20519735,https://inaturalist-open-data.s3.amazonaws.com/photos/31673698/medium.jpg,Серая ворона,Corvus cornix,Серая ворона
21070816,research,https://www.inaturalist.org/observations/21070816,https://inaturalist-open-data.s3.amazonaws.com/photos/32556888/medium.jpg,Hooded Crow,Corvus cornix,Серая ворона
21071775,research,https://www.inaturalist.org/observations/21071775,https://inaturalist-open-data.s3.amazonaws.com/photos/32558410/medium.jpg,Hooded Crow,Corvus cornix,Серая ворона
22307186,research,https://www.inaturalist.org/observations/22307186,https://static.inaturalist.org/photos/34547300/medium.jpeg,Corneille mantelée,Corvus cornix,Серая ворона
22368320,research,https://www.inaturalist.org/observations/22368320,https://inaturalist-open-data.s3.amazonaws.com/photos/34644640/medium.jpg,Corneille mantelée,Corvus cornix,Серая ворона
22464233,research,https://www.inaturalist.org/observations/22464233,https://inaturalist-open-data.s3.amazonaws.com/photos/34798218/medium.jpg,Hooded Crow,Corvus cornix,Серая ворона
22476420,research,https://www.inaturalist.org/observations/22476420,https://inaturalist-open-data.s3.amazonaws.com/photos/34817722/medium.jpg,Corneille mantelée,Corvus cornix,Серая ворона
22477802,research,https://www.inaturalist.org/observations/22477802,https://inaturalist-open-data.s3.amazonaws.com/photos/34819638/medium.jpg,Corneille mantelée,Corvus cornix,Серая ворона
22478209,research,https://www.inaturalist.org/observations/22478209,https://inaturalist-open-data.s3.amazonaws.com/photos/34820405/medium.jpg,Corneille mantelée,Corvus cornix,Серая ворона
22547618,research,https://www.inaturalist.org/observations/22547618,https://inaturalist-open-data.s3.amazonaws.com/photos/34934241/medium.jpg,Hooded Crow,Corvus cornix,Серая ворона
22547741,research,https://www.inaturalist.org/observations/22547741,https://inaturalist-open-data.s3.amazonaws.com/photos/34934436/medium.jpg,Hooded Crow,Corvus cornix,Серая ворона
24523917,research,https://www.inaturalist.org/observations/24523917,https://inaturalist-open-data.s3.amazonaws.com/photos/37920940/medium.jpeg,Серая ворона,Corvus cornix,Серая ворона
24983693,research,https://www.inaturalist.org/observations/24983693,https://static.inaturalist.org/photos/38655278/medium.jpg,Серая ворона,Corvus cornix,Серая ворона
25951603,research,https://www.inaturalist.org/observations/25951603,https://static.inaturalist.org/photos/40253278/medium.jpg,Серая ворона,Corvus cornix,Серая ворона
28490862,research,https://www.inaturalist.org/observations/28490862,https://static.inaturalist.org/photos/44417504/medium.jpg,Corneille mantelée,Corvus cornix,Серая ворона
28611181,research,https://www.inaturalist.org/observations/28611181,https://static.inaturalist.org/photos/44612036/medium.jpeg,Corneille mantelée,Corvus cornix,Серая ворона
29379220,research,https://www.inaturalist.org/observations/29379220,https://inaturalist-open-data.s3.amazonaws.com/photos/45849461/medium.jpeg,Corneille mantelée,Corvus cornix,Серая ворона
29808196,research,https://www.inaturalist.org/observations/29808196,https://inaturalist-open-data.s3.amazonaws.com/photos/46539891/medium.jpg,Corneille mantelée,Corvus cornix,Серая ворона
31556435,research,https://www.inaturalist.org/observations/31556435,https://inaturalist-open-data.s3.amazonaws.com/photos/49398805/medium.jpg,Corneille mantelée,Corvus cornix,Серая ворона
31737593,research,https://www.inaturalist.org/observations/31737593,https://static.inaturalist.org/photos/49704133/medium.jpeg,Hooded Crow,Corvus cornix,Серая ворона
32574794,research,https://www.inaturalist.org/observations/32574794,https://static.inaturalist.org/photos/51104624/medium.jpg,Hooded Crow,Corvus cornix,Серая ворона
32630633,research,https://www.inaturalist.org/observations/32630633,https://static.inaturalist.org/photos/51195519/medium.jpg,Corneille mantelée,Corvus cornix,Серая ворона
33303748,research,https://www.inaturalist.org/observations/33303748,https://inaturalist-open-data.s3.amazonaws.com/photos/52299088/medium.jpeg,Corneille mantelée,Corvus cornix,Серая ворона
33819843,research,https://www.inaturalist.org/observations/33819843,https://inaturalist-open-data.s3.amazonaws.com/photos/53158694/medium.jpg,Hooded Crow,Corvus cornix,Серая ворона
33995932,research,https://www.inaturalist.org/observations/33995932,https://static.inaturalist.org/photos/53453823/medium.jpeg,Corneille mantelée,Corvus cornix,Серая ворона
35155025,research,https://www.inaturalist.org/observations/35155025,https://inaturalist-open-data.s3.amazonaws.com/photos/55402730/medium.jpeg,Серая ворона,Corvus cornix,Серая ворона
35481567,research,https://www.inaturalist.org/observations/35481567,https://inaturalist-open-data.s3.amazonaws.com/photos/55950820/medium.jpeg,Серая ворона,Corvus cornix,Серая ворона
35481583,research,https://www.inaturalist.org/observations/35481583,https://inaturalist-open-data.s3.amazonaws.com/photos/55950900/medium.jpeg,Серая ворона,Corvus cornix,Серая ворона
35609057,research,https://www.inaturalist.org/observations/35609057,https://inaturalist-open-data.s3.amazonaws.com/photos/56168116/medium.jpeg,Серая ворона,Corvus cornix,Серая ворона
37395316,research,https://www.inaturalist.org/observations/37395316,https://static.inaturalist.org/photos/59275525/medium.jpeg,Hooded Crow,Corvus cornix,Серая ворона
37451372,research,https://www.inaturalist.org/observations/37451372,https://inaturalist-open-data.s3.amazonaws.com/photos/59373903/medium.jpeg,Hooded Crow,Corvus cornix,Серая ворона
37451680,research,https://www.inaturalist.org/observations/37451680,https://inaturalist-open-data.s3.amazonaws.com/photos/59374031/medium.jpeg,Nebelkrähe,Corvus cornix,Серая ворона
37451690,research,https://www.inaturalist.org/observations/37451690,https://inaturalist-open-data.s3.amazonaws.com/photos/59374101/medium.jpeg,Nebelkrähe,Corvus cornix,Серая ворона
37451706,research,https://www.inaturalist.org/observations/37451706,https://inaturalist-open-data.s3.amazonaws.com/photos/59374260/medium.jpeg,Hooded Crow,Corvus cornix,Серая ворона
37537322,research,https://www.inaturalist.org/observations/37537322,https://inaturalist-open-data.s3.amazonaws.com/photos/59525964/medium.jpg,Hooded Crow,Corvus cornix,Серая ворона
38434388,research,https://www.inaturalist.org/observations/38434388,https://inaturalist-open-data.s3.amazonaws.com/photos/61082414/medium.jpeg,Серая ворона,Corvus cornix,Серая ворона
39057458,research,https://www.inaturalist.org/observations/39057458,https://inaturalist-open-data.s3.amazonaws.com/photos/61973317/medium.jpg,Серая ворона,Corvus cornix,Серая ворона
40135157,research,https://www.inaturalist.org/observations/40135157,https://inaturalist-open-data.s3.amazonaws.com/photos/63749575/medium.jpg,Hooded Crow,Corvus cornix,Серая ворона
40605508,research,https://www.inaturalist.org/observations/40605508,https://static.inaturalist.org/photos/64358433/medium.jpg,Hooded Crow,Corvus cornix,Серая ворона
40696071,research,https://www.inaturalist.org/observations/40696071,https://inaturalist-open-data.s3.amazonaws.com/photos/64512945/medium.jpg,Hooded Crow,Corvus cornix,Серая ворона
40696484,research,https://www.inaturalist.org/observations/40696484,https://inaturalist-open-data.s3.amazonaws.com/photos/64513373/medium.jpg,Bonte kraai,Corvus cornix,Серая ворона
40696486,research,https://www.inaturalist.org/observations/40696486,https://inaturalist-open-data.s3.amazonaws.com/photos/64513386/medium.jpg,Bonte kraai,Corvus cornix,Серая ворона
40698710,research,https://www.inaturalist.org/observations/40698710,https://inaturalist-open-data.s3.amazonaws.com/photos/64516929/medium.jpg,Hooded Crow,Corvus cornix,Серая ворона
40953017,research,https://www.inaturalist.org/observations/40953017,https://inaturalist-open-data.s3.amazonaws.com/photos/64933290/medium.jpg,Серая ворона,Corvus cornix,Серая ворона
41096713,research,https://www.inaturalist.org/observations/41096713,https://inaturalist-open-data.s3.amazonaws.com/photos/65164537/medium.jpg,Серая ворона,Corvus cornix,Серая ворона
41217769,research,https://www.inaturalist.org/observations/41217769,https://inaturalist-open-data.s3.amazonaws.com/photos/65367926/medium.jpg,Серая ворона,Corvus cornix,Серая ворона
41217844,research,https://www.inaturalist.org/observations/41217844,https://inaturalist-open-data.s3.amazonaws.com/photos/65367825/medium.jpg,Nebelkrähe,Corvus cornix,Серая ворона
41468765,research,https://www.inaturalist.org/observations/41468765,https://inaturalist-open-data.s3.amazonaws.com/photos/65786930/medium.jpg,Серая ворона,Corvus cornix,Серая ворона
41485118,research,https://www.inaturalist.org/observations/41485118,https://inaturalist-open-data.s3.amazonaws.com/photos/65814269/medium.jpg,Nebelkrähe,Corvus cornix,Серая ворона
41526215,research,https://www.inaturalist.org/observations/41526215,https://inaturalist-open-data.s3.amazonaws.com/photos/65884675/medium.jpg,Corneille mantelée,Corvus cornix,Серая ворона
41668346,research,https://www.inaturalist.org/observations/41668346,https://inaturalist-open-data.s3.amazonaws.com/photos/66104823/medium.jpg,Cornacchia grigia,Corvus cornix,Серая ворона
41824625,research,https://www.inaturalist.org/observations/41824625,https://inaturalist-open-data.s3.amazonaws.com/photos/66365643/medium.jpg,Серая ворона,Corvus cornix,Серая ворона
41915991,research,https://www.inaturalist.org/observations/41915991,https://inaturalist-open-data.s3.amazonaws.com/photos/66517033/medium.jpg,Серая ворона,Corvus cornix,Серая ворона
42072681,research,https://www.inaturalist.org/observations/42072681,https://inaturalist-open-data.s3.amazonaws.com/photos/66777655/medium.jpg,Nebelkrähe,Corvus cornix,Серая ворона
42231647,research,https://www.inaturalist.org/observations/42231647,https://inaturalist-open-data.s3.amazonaws.com/photos/67043636/medium.jpg,Hooded Crow,Corvus cornix,Серая ворона
42316586,research,https://www.inaturalist.org/observations/42316586,https://inaturalist-open-data.s3.amazonaws.com/photos/67185277/medium.jpg,Cornacchia grigia,Corvus cornix,Серая ворона
42396028,research,https://www.inaturalist.org/observations/42396028,https://inaturalist-open-data.s3.amazonaws.com/photos/67314192/medium.jpeg,Hooded Crow,Corvus cornix,Серая ворона
42546664,research,https://www.inaturalist.org/observations/42546664,https://inaturalist-open-data.s3.amazonaws.com/photos/67560270/medium.jpg,Серая ворона,Corvus cornix,Серая ворона
44114746,research,https://www.inaturalist.org/observations/44114746,https://inaturalist-open-data.s3.amazonaws.com/photos/69941870/medium.jpeg,Hooded Crow,Corvus cornix,Серая ворона
45560195,research,https://www.inaturalist.org/observations/45560195,https://inaturalist-open-data.s3.amazonaws.com/photos/72246854/medium.jpg,Hooded Crow,Corvus cornix,Серая ворона
45560196,research,https://www.inaturalist.org/observations/45560196,https://inaturalist-open-data.s3.amazonaws.com/photos/72246866/medium.jpg,Hooded Crow,Corvus cornix,Серая ворона
45560197,research,https://www.inaturalist.org/observations/45560197,https://inaturalist-open-data.s3.amazonaws.com/photos/72246878/medium.jpg,Hooded Crow,Corvus cornix,Серая ворона
45594614,research,https://www.inaturalist.org/observations/45594614,https://inaturalist-open-data.s3.amazonaws.com/photos/72304394/medium.jpg,Nebelkrähe,Corvus cornix,Серая ворона
45594615,research,https://www.inaturalist.org/observations/45594615,https://inaturalist-open-data.s3.amazonaws.com/photos/72304461/medium.jpg,Hooded Crow,Corvus cornix,Серая ворона
50379511,research,https://www.inaturalist.org/observations/50379511,https://static.inaturalist.org/photos/79998593/medium.jpg,Серая ворона,Corvus cornix,Серая ворона
56907073,research,https://www.inaturalist.org/observations/56907073,https://inaturalist-open-data.s3.amazonaws.com/photos/90732450/medium.jpeg,Серая ворона,Corvus cornix,Серая ворона
56922197,research,https://www.inaturalist.org/observations/56922197,https://static.inaturalist.org/photos/90749332/medium.jpeg,Corneille mantelée,Corvus cornix,Серая ворона
56925401,research,https://www.inaturalist.org/observations/56925401,https://static.inaturalist.org/photos/90754665/medium.jpeg,Varis,Corvus cornix,Серая ворона
56925563,research,https://www.inaturalist.org/observations/56925563,https://static.inaturalist.org/photos/90754944/medium.jpeg,Varis,Corvus cornix,Серая ворона
57129270,research,https://www.inaturalist.org/observations/57129270,https://static.inaturalist.org/photos/91100829/medium.jpg,Серая ворона,Corvus cornix,Серая ворона
57437026,research,https://www.inaturalist.org/observations/57437026,https://static.inaturalist.org/photos/91615746/medium.jpg,Серая ворона,Corvus cornix,Серая ворона
57437381,research,https://www.inaturalist.org/observations/57437381,https://static.inaturalist.org/photos/91616398/medium.jpg,Серая ворона,Corvus cornix,Серая ворона
58230189,research,https://www.inaturalist.org/observations/58230189,https://inaturalist-open-data.s3.amazonaws.com/photos/92947394/medium.jpg,Hooded Crow,Corvus cornix,Серая ворона
58354545,research,https://www.inaturalist.org/observations/58354545,https://inaturalist-open-data.s3.amazonaws.com/photos/93158164/medium.jpeg,Серая ворона,Corvus cornix,Серая ворона
60713962,research,https://www.inaturalist.org/observations/60713962,https://static.inaturalist.org/photos/97101985/medium.jpeg,Серая ворона,Corvus cornix,Серая ворона
60714245,research,https://www.inaturalist.org/observations/60714245,https://static.inaturalist.org/photos/97102495/medium.jpeg,Серая ворона,Corvus cornix,Серая ворона
60714937,research,https://www.inaturalist.org/observations/60714937,https://static.inaturalist.org/photos/97103447/medium.jpeg,Серая ворона,Corvus cornix,Серая ворона
61204610,research,https://www.inaturalist.org/observations/61204610,https://static.inaturalist.org/photos/97913755/medium.jpeg,Varis,Corvus cornix,Серая ворона
61332845,research,https://www.inaturalist.org/observations/61332845,https://static.inaturalist.org/photos/98132439/medium.jpeg,Varis,Corvus cornix,Серая ворона
62208935,research,https://www.inaturalist.org/observations/62208935,https://inaturalist-open-data.s3.amazonaws.com/photos/99643337/medium.jpeg,Hooded Crow,Corvus cornix,Серая ворона
62782246,research,https://www.inaturalist.org/observations/62782246,https://inaturalist-open-data.s3.amazonaws.com/photos/100652101/medium.jpg,Nebelkrähe,Corvus cornix,Серая ворона
62782249,research,https://www.inaturalist.org/observations/62782249,https://inaturalist-open-data.s3.amazonaws.com/photos/100652121/medium.jpg,Nebelkrähe,Corvus cornix,Серая ворона
64604814,research,https://www.inaturalist.org/observations/64604814,https://inaturalist-open-data.s3.amazonaws.com/photos/103887007/medium.jpg,Серая ворона,Corvus cornix,Серая ворона
64605116,research,https://www.inaturalist.org/observations/64605116,https://inaturalist-open-data.s3.amazonaws.com/photos/103887392/medium.jpg,Серая ворона,Corvus cornix,Серая ворона
64605117,research,https://www.inaturalist.org/observations/64605117,https://inaturalist-open-data.s3.amazonaws.com/photos/103887404/medium.jpg,Серая ворона,Corvus cornix,Серая ворона
64605118,research,https://www.inaturalist.org/observations/64605118,https://inaturalist-open-data.s3.amazonaws.com/photos/103887418/medium.jpg,Серая ворона,Corvus cornix,Серая ворона
64605122,research,https://www.inaturalist.org/observations/64605122,https://inaturalist-open-data.s3.amazonaws.com/photos/103887463/medium.jpg,Серая ворона,Corvus cornix,Серая ворона
64610330,research,https://www.inaturalist.org/observations/64610330,https://inaturalist-open-data.s3.amazonaws.com/photos/103894223/medium.jpg,Hooded Crow,Corvus cornix,Серая ворона
64610336,research,https://www.inaturalist.org/observations/64610336,https://inaturalist-open-data.s3.amazonaws.com/photos/103894836/medium.jpg,Hooded Crow,Corvus cornix,Серая ворона
64610343,research,https://www.inaturalist.org/observations/64610343,https://inaturalist-open-data.s3.amazonaws.com/photos/103895987/medium.jpg,Hooded Crow,Corvus cornix,Серая ворона
65292359,research,https://www.inaturalist.org/observations/65292359,https://inaturalist-open-data.s3.amazonaws.com/photos/105061528/medium.jpg,Hooded Crow,Corvus cornix,Серая ворона
65292360,research,https://www.inaturalist.org/observations/65292360,https://inaturalist-open-data.s3.amazonaws.com/photos/105061544/medium.jpg,Hooded Crow,Corvus cornix,Серая ворона
65292363,research,https://www.inaturalist.org/observations/65292363,https://inaturalist-open-data.s3.amazonaws.com/photos/105061574/medium.jpg,Hooded Crow,Corvus cornix,Серая ворона
65299655,research,https://www.inaturalist.org/observations/65299655,https://inaturalist-open-data.s3.amazonaws.com/photos/105075654/medium.jpeg,Hooded Crow,Corvus cornix,Серая ворона
65597835,research,https://www.inaturalist.org/observations/65597835,https://inaturalist-open-data.s3.amazonaws.com/photos/105609372/medium.jpg,Hooded Crow,Corvus cornix,Серая ворона
66001385,research,https://www.inaturalist.org/observations/66001385,https://inaturalist-open-data.s3.amazonaws.com/photos/106308324/medium.jpeg,Hooded Crow,Corvus cornix,Серая ворона
66106774,research,https://www.inaturalist.org/observations/66106774,https://inaturalist-open-data.s3.amazonaws.com/photos/106496831/medium.jpeg,Серая ворона,Corvus cornix,Серая ворона
66106888,research,https://www.inaturalist.org/observations/66106888,https://inaturalist-open-data.s3.amazonaws.com/photos/106497048/medium.jpeg,Hooded Crow,Corvus cornix,Серая ворона
66108111,research,https://www.inaturalist.org/observations/66108111,https://inaturalist-open-data.s3.amazonaws.com/photos/106495919/medium.jpeg,Nebelkrähe,Corvus cornix,Серая ворона
66192877,research,https://www.inaturalist.org/observations/66192877,https://inaturalist-open-data.s3.amazonaws.com/photos/106658437/medium.jpeg,Серая ворона,Corvus cornix,Серая ворона
66703739,research,https://www.inaturalist.org/observations/66703739,https://inaturalist-open-data.s3.amazonaws.com/photos/107591936/medium.jpg,Hooded Crow,Corvus cornix,Серая ворона
66996311,research,https://www.inaturalist.org/observations/66996311,https://inaturalist-open-data.s3.amazonaws.com/photos/108134938/medium.jpeg,Hooded Crow,Corvus cornix,Серая ворона
67050045,research,https://www.inaturalist.org/observations/67050045,https://inaturalist-open-data.s3.amazonaws.com/photos/108233455/medium.jpeg,Hooded Crow,Corvus cornix,Серая ворона
67401656,research,https://www.inaturalist.org/observations/67401656,https://inaturalist-open-data.s3.amazonaws.com/photos/108889524/medium.jpeg,Hooded Crow,Corvus cornix,Серая ворона
67523843,research,https://www.inaturalist.org/observations/67523843,https://inaturalist-open-data.s3.amazonaws.com/photos/109111529/medium.jpeg,Corneille mantelée,Corvus cornix,Серая ворона
67523844,research,https://www.inaturalist.org/observations/67523844,https://inaturalist-open-data.s3.amazonaws.com/photos/109111592/medium.jpeg,Corneille mantelée,Corvus cornix,Серая ворона
67523846,research,https://www.inaturalist.org/observations/67523846,https://inaturalist-open-data.s3.amazonaws.com/photos/109111708/medium.jpeg,Corneille mantelée,Corvus cornix,Серая ворона
67523857,research,https://www.inaturalist.org/observations/67523857,https://inaturalist-open-data.s3.amazonaws.com/photos/109113811/medium.jpeg,Corneille mantelée,Corvus cornix,Серая ворона
67523859,research,https://www.inaturalist.org/observations/67523859,https://inaturalist-open-data.s3.amazonaws.com/photos/109113826/medium.jpeg,Corneille mantelée,Corvus cornix,Серая ворона
67670075,research,https://www.inaturalist.org/observations/67670075,https://inaturalist-open-data.s3.amazonaws.com/photos/109390024/medium.jpg,Hooded Crow,Corvus cornix,Серая ворона
67714098,research,https://www.inaturalist.org/observations/67714098,https://inaturalist-open-data.s3.amazonaws.com/photos/109474090/medium.jpeg,Nebelkrähe,Corvus cornix,Серая ворона
67748247,research,https://www.inaturalist.org/observations/67748247,https://inaturalist-open-data.s3.amazonaws.com/photos/109540201/medium.jpg,Hooded Crow,Corvus cornix,Серая ворона
67748634,research,https://www.inaturalist.org/observations/67748634,https://static.inaturalist.org/photos/109540926/medium.jpeg,Hooded Crow,Corvus cornix,Серая ворона
67757710,research,https://www.inaturalist.org/observations/67757710,https://inaturalist-open-data.s3.amazonaws.com/photos/109558627/medium.jpg,Hooded Crow,Corvus cornix,Серая ворона
68280960,research,https://www.inaturalist.org/observations/68280960,https://inaturalist-open-data.s3.amazonaws.com/photos/110522251/medium.jpg,Nebelkrähe,Corvus cornix,Серая ворона
68859443,research,https://www.inaturalist.org/observations/68859443,https://static.inaturalist.org/photos/111602527/medium.jpg,Hooded Crow,Corvus cornix,Серая ворона
69063102,research,https://www.inaturalist.org/observations/69063102,https://inaturalist-open-data.s3.amazonaws.com/photos/111979981/medium.jpeg,vrána šedá,Corvus cornix,Серая ворона
69100144,research,https://www.inaturalist.org/observations/69100144,https://inaturalist-open-data.s3.amazonaws.com/photos/112051079/medium.jpeg,Hooded Crow,Corvus cornix,Серая ворона
69516728,research,https://www.inaturalist.org/observations/69516728,https://inaturalist-open-data.s3.amazonaws.com/photos/112811966/medium.jpeg,Hooded Crow,Corvus cornix,Серая ворона
70320902,research,https://www.inaturalist.org/observations/70320902,https://inaturalist-open-data.s3.amazonaws.com/photos/114293636/medium.jpg,Hooded Crow,Corvus cornix,Серая ворона
70321013,research,https://www.inaturalist.org/observations/70321013,https://inaturalist-open-data.s3.amazonaws.com/photos/114293925/medium.jpg,Серая ворона,Corvus cornix,Серая ворона
70321190,research,https://www.inaturalist.org/observations/70321190,https://inaturalist-open-data.s3.amazonaws.com/photos/114294339/medium.jpg,Hooded Crow,Corvus cornix,Серая ворона
70826751,research,https://www.inaturalist.org/observations/70826751,https://static.inaturalist.org/photos/115213328/medium.jpeg,Серая ворона,Corvus cornix,Серая ворона
71492601,research,https://www.inaturalist.org/observations/71492601,https://inaturalist-open-data.s3.amazonaws.com/photos/116407433/medium.jpg,Серая ворона,Corvus cornix,Серая ворона
71492604,research,https://www.inaturalist.org/observations/71492604,https://inaturalist-open-data.s3.amazonaws.com/photos/116407463/medium.jpg,Hooded Crow,Corvus cornix,Серая ворона
71492605,research,https://www.inaturalist.org/observations/71492605,https://inaturalist-open-data.s3.amazonaws.com/photos/116407483/medium.jpg,Hooded Crow,Corvus cornix,Серая ворона
71505097,research,https://www.inaturalist.org/observations/71505097,https://inaturalist-open-data.s3.amazonaws.com/photos/116429938/medium.jpeg,Серая Ворона,Corvus cornix,Серая ворона
71952263,research,https://www.inaturalist.org/observations/71952263,https://inaturalist-open-data.s3.amazonaws.com/photos/117229158/medium.jpg,Varis,Corvus cornix,Серая ворона
72432341,research,https://www.inaturalist.org/observations/72432341,https://static.inaturalist.org/photos/118093570/medium.jpeg,Hooded Crow,Corvus cornix,Серая ворона
72432349,research,https://www.inaturalist.org/observations/72432349,https://static.inaturalist.org/photos/118094171/medium.jpeg,Hooded Crow,Corvus cornix,Серая ворона
72458277,research,https://www.inaturalist.org/observations/72458277,https://inaturalist-open-data.s3.amazonaws.com/photos/118139150/medium.jpeg,Nebelkrähe,Corvus cornix,Серая ворона
72523622,research,https://www.inaturalist.org/observations/72523622,https://inaturalist-open-data.s3.amazonaws.com/photos/118258503/medium.jpg,Серая ворона,Corvus cornix,Серая ворона
72781129,research,https://www.inaturalist.org/observations/72781129,https://static.inaturalist.org/photos/118726678/medium.jpeg,Hooded Crow,Corvus cornix,Серая ворона
73006523,research,https://www.inaturalist.org/observations/73006523,https://inaturalist-open-data.s3.amazonaws.com/photos/119135377/medium.jpg,Серая ворона,Corvus cornix,Серая ворона
73281951,research,https://www.inaturalist.org/observations/73281951,https://inaturalist-open-data.s3.amazonaws.com/photos/119616367/medium.jpeg,Серая ворона,Corvus cornix,Серая ворона
73592701,research,https://www.inaturalist.org/observations/73592701,https://static.inaturalist.org/photos/120165167/medium.jpeg,Серая ворона,Corvus cornix,Серая ворона
76981095,research,https://www.inaturalist.org/observations/76981095,https://static.inaturalist.org/photos/125893455/medium.jpg,Серая ворона,Corvus cornix,Серая ворона
77915969,research,https://www.inaturalist.org/observations/77915969,https://inaturalist-open-data.s3.amazonaws.com/photos/127458761/medium.jpeg,Серая ворона,Corvus cornix,Серая ворона
78198742,research,https://www.inaturalist.org/observations/78198742,https://inaturalist-open-data.s3.amazonaws.com/photos/127945573/medium.jpeg,Nebelkrähe,Corvus cornix,Серая ворона
78543682,research,https://www.inaturalist.org/observations/78543682,https://inaturalist-open-data.s3.amazonaws.com/photos/128557182/medium.jpeg,Hooded Crow,Corvus cornix,Серая ворона
78713126,research,https://www.inaturalist.org/observations/78713126,https://inaturalist-open-data.s3.amazonaws.com/photos/128849917/medium.jpg,Varis,Corvus cornix,Серая ворона
78715661,research,https://www.inaturalist.org/observations/78715661,https://inaturalist-open-data.s3.amazonaws.com/photos/128854816/medium.jpg,Hooded Crow,Corvus cornix,Серая ворона
78736297,research,https://www.inaturalist.org/observations/78736297,https://inaturalist-open-data.s3.amazonaws.com/photos/128891181/medium.jpeg,Серая ворона,Corvus cornix,Серая ворона
79402148,research,https://www.inaturalist.org/observations/79402148,https://inaturalist-open-data.s3.amazonaws.com/photos/130057129/medium.jpeg,Серая ворона,Corvus cornix,Серая ворона
79898233,research,https://www.inaturalist.org/observations/79898233,https://inaturalist-open-data.s3.amazonaws.com/photos/130906103/medium.jpeg,Серая ворона,Corvus cornix,Серая ворона
81279313,research,https://www.inaturalist.org/observations/81279313,https://inaturalist-open-data.s3.amazonaws.com/photos/133304627/medium.jpg,Серая ворона,Corvus cornix,Серая ворона
82129267,research,https://www.inaturalist.org/observations/82129267,https://static.inaturalist.org/photos/134773823/medium.jpeg,Серая ворона,Corvus cornix,Серая ворона
82446194,research,https://www.inaturalist.org/observations/82446194,https://static.inaturalist.org/photos/135313668/medium.jpg,Varis,Corvus cornix,Серая ворона
82690059,research,https://www.inaturalist.org/observations/82690059,https://inaturalist-open-data.s3.amazonaws.com/photos/135739458/medium.jpeg,Hooded Crow,Corvus cornix,Серая ворона
83614814,research,https://www.inaturalist.org/observations/83614814,https://inaturalist-open-data.s3.amazonaws.com/photos/137347111/medium.jpeg,Серая ворона,Corvus cornix,Серая ворона
84600737,research,https://www.inaturalist.org/observations/84600737,https://inaturalist-open-data.s3.amazonaws.com/photos/139060423/medium.jpg,Hooded Crow,Corvus cornix,Серая ворона
87616714,research,https://www.inaturalist.org/observations/87616714,https://inaturalist-open-data.s3.amazonaws.com/photos/144472569/medium.jpg,Varis,Corvus cornix,Серая ворона
88977470,research,https://www.inaturalist.org/observations/88977470,https://inaturalist-open-data.s3.amazonaws.com/photos/146878686/medium.jpg,Серая ворона,Corvus cornix,Серая ворона
90520029,research,https://www.inaturalist.org/observations/90520029,https://inaturalist-open-data.s3.amazonaws.com/photos/149618636/medium.jpg,Серая ворона,Corvus cornix,Серая ворона
92217883,research,https://www.inaturalist.org/observations/92217883,https://static.inaturalist.org/photos/152657678/medium.jpeg,Серая ворона,Corvus cornix,Серая ворона
92694047,research,https://www.inaturalist.org/observations/92694047,https://inaturalist-open-data.s3.amazonaws.com/photos/153516740/medium.jpeg,Hooded Crow,Corvus cornix,Серая ворона
92934868,research,https://www.inaturalist.org/observations/92934868,https://inaturalist-open-data.s3.amazonaws.com/photos/153952290/medium.jpeg,Серая ворона,Corvus cornix,Серая ворона
93462426,research,https://www.inaturalist.org/observations/93462426,https://inaturalist-open-data.s3.amazonaws.com/photos/154910617/medium.jpg,Серая ворона,Corvus cornix,Серая ворона
94798105,research,https://www.inaturalist.org/observations/94798105,https://inaturalist-open-data.s3.amazonaws.com/photos/157298086/medium.jpg,Серая ворона,Corvus cornix,Серая ворона
96223125,research,https://www.inaturalist.org/observations/96223125,https://inaturalist-open-data.s3.amazonaws.com/photos/159829573/medium.jpg,Hooded Crow,Corvus cornix,Серая ворона
96533871,research,https://www.inaturalist.org/observations/96533871,https://inaturalist-open-data.s3.amazonaws.com/photos/160388405/medium.jpg,Серая ворона,Corvus cornix,Серая ворона
96995689,research,https://www.inaturalist.org/observations/96995689,https://inaturalist-open-data.s3.amazonaws.com/photos/161222371/medium.jpg,Серая ворона,Corvus cornix,Серая ворона
97865232,research,https://www.inaturalist.org/observations/97865232,https://inaturalist-open-data.s3.amazonaws.com/photos/162830797/medium.jpg,Hooded Crow,Corvus cornix,Серая ворона
100069190,research,https://www.inaturalist.org/observations/100069190,https://inaturalist-open-data.s3.amazonaws.com/photos/166965694/medium.jpeg,Hooded Crow,Corvus cornix,Серая ворона
100130920,research,https://www.inaturalist.org/observations/100130920,https://inaturalist-open-data.s3.amazonaws.com/photos/167080402/medium.jpg,Серая ворона,Corvus cornix,Серая ворона
100481701,research,https://www.inaturalist.org/observations/100481701,https://inaturalist-open-data.s3.amazonaws.com/photos/167714847/medium.jpg,Серая ворона,Corvus cornix,Серая ворона
100935282,research,https://www.inaturalist.org/observations/100935282,https://inaturalist-open-data.s3.amazonaws.com/photos/168515300/medium.jpeg,Hooded Crow,Corvus cornix,Серая ворона
101183861,research,https://www.inaturalist.org/observations/101183861,https://inaturalist-open-data.s3.amazonaws.com/photos/168951655/medium.jpg,Varis,Corvus cornix,Серая ворона
101186751,research,https://www.inaturalist.org/observations/101186751,https://inaturalist-open-data.s3.amazonaws.com/photos/168957518/medium.jpg,Серая ворона,Corvus cornix,Серая ворона
101203238,research,https://www.inaturalist.org/observations/101203238,https://inaturalist-open-data.s3.amazonaws.com/photos/168978038/medium.jpeg,Серая ворона,Corvus cornix,Серая ворона
101344733,research,https://www.inaturalist.org/observations/101344733,https://inaturalist-open-data.s3.amazonaws.com/photos/169237390/medium.jpeg,Hooded Crow,Corvus cornix,Серая ворона
102249205,research,https://www.inaturalist.org/observations/102249205,https://static.inaturalist.org/photos/170881498/medium.jpeg,Серая ворона,Corvus cornix,Серая ворона
102861738,research,https://www.inaturalist.org/observations/102861738,https://static.inaturalist.org/photos/172037124/medium.jpeg,Серая ворона,Corvus cornix,Серая ворона
102861922,research,https://www.inaturalist.org/observations/102861922,https://static.inaturalist.org/photos/172037472/medium.jpeg,Серая ворона,Corvus cornix,Серая ворона
102926438,research,https://www.inaturalist.org/observations/102926438,https://inaturalist-open-data.s3.amazonaws.com/photos/172156587/medium.jpeg,Серая ворона,Corvus cornix,Серая ворона
102926440,research,https://www.inaturalist.org/observations/102926440,https://inaturalist-open-data.s3.amazonaws.com/photos/172156593/medium.jpeg,Серая ворона,Corvus cornix,Серая ворона
102926455,research,https://www.inaturalist.org/observations/102926455,https://inaturalist-open-data.s3.amazonaws.com/photos/172157353/medium.jpeg,Серая ворона,Corvus cornix,Серая ворона
104191210,research,https://www.inaturalist.org/observations/104191210,https://inaturalist-open-data.s3.amazonaws.com/photos/174563456/medium.jpeg,Серая ворона,Corvus cornix,Серая ворона
104421093,research,https://www.inaturalist.org/observations/104421093,https://inaturalist-open-data.s3.amazonaws.com/photos/174964736/medium.jpeg,Hooded Crow,Corvus cornix,Серая ворона
104452638,research,https://www.inaturalist.org/observations/104452638,https://inaturalist-open-data.s3.amazonaws.com/photos/175024916/medium.jpeg,Серая ворона,Corvus cornix,Серая ворона
104452676,research,https://www.inaturalist.org/observations/104452676,https://inaturalist-open-data.s3.amazonaws.com/photos/175025031/medium.jpeg,Hooded Crow,Corvus cornix,Серая ворона
104520242,research,https://www.inaturalist.org/observations/104520242,https://inaturalist-open-data.s3.amazonaws.com/photos/175150974/medium.jpg,Серая ворона,Corvus cornix,Серая ворона
104913474,research,https://www.inaturalist.org/observations/104913474,https://inaturalist-open-data.s3.amazonaws.com/photos/175905571/medium.jpg,Серая ворона,Corvus cornix,Серая ворона
105422465,research,https://www.inaturalist.org/observations/105422465,https://inaturalist-open-data.s3.amazonaws.com/photos/176880605/medium.jpeg,Nebelkrähe,Corvus cornix,Серая ворона
105422522,research,https://www.inaturalist.org/observations/105422522,https://inaturalist-open-data.s3.amazonaws.com/photos/176880742/medium.jpeg,Hooded Crow,Corvus cornix,Серая ворона
105431480,research,https://www.inaturalist.org/observations/105431480,https://static.inaturalist.org/photos/176897375/medium.jpeg,Varis,Corvus cornix,Серая ворона
105550742,research,https://www.inaturalist.org/observations/105550742,https://inaturalist-open-data.s3.amazonaws.com/photos/177125063/medium.jpeg,Hooded Crow,Corvus cornix,Серая ворона
105714519,research,https://www.inaturalist.org/observations/105714519,https://inaturalist-open-data.s3.amazonaws.com/photos/177436326/medium.jpeg,Nebelkrähe,Corvus cornix,Серая ворона
106327616,research,https://www.inaturalist.org/observations/106327616,https://inaturalist-open-data.s3.amazonaws.com/photos/178593966/medium.jpeg,Nebelkrähe,Corvus cornix,Серая ворона
106327619,research,https://www.inaturalist.org/observations/106327619,https://inaturalist-open-data.s3.amazonaws.com/photos/178594637/medium.jpeg,Nebelkrähe,Corvus cornix,Серая ворона
106454261,research,https://www.inaturalist.org/observations/106454261,https://inaturalist-open-data.s3.amazonaws.com/photos/178829915/medium.jpeg,Bonte kraai,Corvus cornix,Серая ворона
106454604,research,https://www.inaturalist.org/observations/106454604,https://inaturalist-open-data.s3.amazonaws.com/photos/178830463/medium.jpeg,Серая ворона,Corvus cornix,Серая ворона
106489882,research,https://www.inaturalist.org/observations/106489882,https://inaturalist-open-data.s3.amazonaws.com/photos/178895740/medium.jpeg,Серая ворона,Corvus cornix,Серая ворона
106946228,research,https://www.inaturalist.org/observations/106946228,https://inaturalist-open-data.s3.amazonaws.com/photos/179769350/medium.jpg,Hooded Crow,Corvus cornix,Серая ворона
106966791,research,https://www.inaturalist.org/observations/106966791,https://inaturalist-open-data.s3.amazonaws.com/photos/179810517/medium.jpeg,Hooded Crow,Corvus cornix,Серая ворона
107713955,research,https://www.inaturalist.org/observations/107713955,https://inaturalist-open-data.s3.amazonaws.com/photos/181217344/medium.jpeg,Cornacchia grigia,Corvus cornix,Серая ворона
107716423,research,https://www.inaturalist.org/observations/107716423,https://inaturalist-open-data.s3.amazonaws.com/photos/181222113/medium.jpeg,Серая ворона,Corvus cornix,Серая ворона
107945011,research,https://www.inaturalist.org/observations/107945011,https://static.inaturalist.org/photos/181646584/medium.jpg,"",Corvus cornix,Серая ворона
108193916,research,https://www.inaturalist.org/observations/108193916,https://inaturalist-open-data.s3.amazonaws.com/photos/182116178/medium.jpeg,Hooded Crow,Corvus cornix,Серая ворона
108506160,research,https://www.inaturalist.org/observations/108506160,https://inaturalist-open-data.s3.amazonaws.com/photos/182699714/medium.jpeg,Серая ворона,Corvus cornix,Серая ворона
108506162,research,https://www.inaturalist.org/observations/108506162,https://inaturalist-open-data.s3.amazonaws.com/photos/182699722/medium.jpeg,Серая ворона,Corvus cornix,Серая ворона
108519183,research,https://www.inaturalist.org/observations/108519183,https://inaturalist-open-data.s3.amazonaws.com/photos/182724318/medium.jpeg,Серая ворона,Corvus cornix,Серая ворона
108682089,research,https://www.inaturalist.org/observations/108682089,,Nebelkrähe,Corvus cornix,Серая ворона
108962634,research,https://www.inaturalist.org/observations/108962634,https://inaturalist-open-data.s3.amazonaws.com/photos/183559012/medium.jpeg,Nebelkrähe,Corvus cornix,Серая ворона
109137636,research,https://www.inaturalist.org/observations/109137636,https://inaturalist-open-data.s3.amazonaws.com/photos/183886838/medium.jpeg,Серая ворона,Corvus cornix,Серая ворона
109161265,research,https://www.inaturalist.org/observations/109161265,https://inaturalist-open-data.s3.amazonaws.com/photos/183930388/medium.jpeg,Серая ворона,Corvus cornix,Серая ворона
109161267,research,https://www.inaturalist.org/observations/109161267,https://inaturalist-open-data.s3.amazonaws.com/photos/183930413/medium.jpeg,Серая ворона,Corvus cornix,Серая ворона
109308877,research,https://www.inaturalist.org/observations/109308877,https://inaturalist-open-data.s3.amazonaws.com/photos/184203346/medium.jpeg,Серая ворона,Corvus cornix,Серая ворона
109314038,research,https://www.inaturalist.org/observations/109314038,https://inaturalist-open-data.s3.amazonaws.com/photos/184209852/medium.jpeg,Серая ворона,Corvus cornix,Серая ворона
110077180,research,https://www.inaturalist.org/observations/110077180,https://inaturalist-open-data.s3.amazonaws.com/photos/185635215/medium.jpg,Hooded Crow,Corvus cornix,Серая ворона
110299445,research,https://www.inaturalist.org/observations/110299445,https://inaturalist-open-data.s3.amazonaws.com/photos/186042666/medium.jpeg,Серая ворона,Corvus cornix,Серая ворона
110558827,research,https://www.inaturalist.org/observations/110558827,https://inaturalist-open-data.s3.amazonaws.com/photos/186523852/medium.jpeg,Nebelkrähe,Corvus cornix,Серая ворона
110779236,research,https://www.inaturalist.org/observations/110779236,https://inaturalist-open-data.s3.amazonaws.com/photos/186931606/medium.jpg,Серая ворона,Corvus cornix,Серая ворона
111075886,research,https://www.inaturalist.org/observations/111075886,https://inaturalist-open-data.s3.amazonaws.com/photos/187466774/medium.jpeg,Hooded Crow,Corvus cornix,Серая ворона
112138290,research,https://www.inaturalist.org/observations/112138290,https://inaturalist-open-data.s3.amazonaws.com/photos/189394626/medium.jpeg,Серая ворона,Corvus cornix,Серая ворона
112265417,research,https://www.inaturalist.org/observations/112265417,https://inaturalist-open-data.s3.amazonaws.com/photos/189617996/medium.jpeg,Серая ворона,Corvus cornix,Серая ворона
112265422,research,https://www.inaturalist.org/observations/112265422,https://inaturalist-open-data.s3.amazonaws.com/photos/189619246/medium.jpeg,Серая ворона,Corvus cornix,Серая ворона
112265425,research,https://www.inaturalist.org/observations/112265425,https://inaturalist-open-data.s3.amazonaws.com/photos/189619655/medium.jpeg,Серая ворона,Corvus cornix,Серая ворона
112265431,research,https://www.inaturalist.org/observations/112265431,https://inaturalist-open-data.s3.amazonaws.com/photos/189620206/medium.jpeg,Серая ворона,Corvus cornix,Серая ворона
112265436,research,https://www.inaturalist.org/observations/112265436,https://inaturalist-open-data.s3.amazonaws.com/photos/189620729/medium.jpeg,Серая ворона,Corvus cornix,Серая ворона
112269082,research,https://www.inaturalist.org/observations/112269082,https://inaturalist-open-data.s3.amazonaws.com/photos/189627164/medium.jpeg,corneja gris,Corvus cornix,Серая ворона
112269726,research,https://www.inaturalist.org/observations/112269726,https://inaturalist-open-data.s3.amazonaws.com/photos/189628792/medium.jpeg,corneja gris,Corvus cornix,Серая ворона
112840306,research,https://www.inaturalist.org/observations/112840306,https://static.inaturalist.org/photos/190628870/medium.jpeg,Серая ворона,Corvus cornix,Серая ворона
112934043,research,https://www.inaturalist.org/observations/112934043,https://inaturalist-open-data.s3.amazonaws.com/photos/190799608/medium.jpeg,Bonte kraai,Corvus cornix,Серая ворона
113957869,research,https://www.inaturalist.org/observations/113957869,https://inaturalist-open-data.s3.amazonaws.com/photos/192468518/medium.jpeg,Серая ворона,Corvus cornix,Серая ворона
114197057,research,https://www.inaturalist.org/observations/114197057,https://inaturalist-open-data.s3.amazonaws.com/photos/192867674/medium.jpeg,corneja gris,Corvus cornix,Серая ворона
114234251,research,https://www.inaturalist.org/observations/114234251,https://static.inaturalist.org/photos/192923976/medium.jpeg,Bonte kraai,Corvus cornix,Серая ворона
114784571,research,https://www.inaturalist.org/observations/114784571,https://inaturalist-open-data.s3.amazonaws.com/photos/193787959/medium.jpg,Серая ворона,Corvus cornix,Серая ворона
114794431,research,https://www.inaturalist.org/observations/114794431,https://inaturalist-open-data.s3.amazonaws.com/photos/193803282/medium.jpg,Hooded Crow,Corvus cornix,Серая ворона
115551192,research,https://www.inaturalist.org/observations/115551192,https://static.inaturalist.org/photos/195019371/medium.jpeg,Серая ворона,Corvus cornix,Серая ворона
115620848,research,https://www.inaturalist.org/observations/115620848,https://static.inaturalist.org/photos/195135375/medium.jpeg,Cornacchia grigia,Corvus cornix,Серая ворона
115620934,research,https://www.inaturalist.org/observations/115620934,https://static.inaturalist.org/photos/195135519/medium.jpeg,Серая ворона,Corvus cornix,Серая ворона
115623433,research,https://www.inaturalist.org/observations/115623433,https://static.inaturalist.org/photos/195140054/medium.jpeg,Серая ворона,Corvus cornix,Серая ворона
116056518,research,https://www.inaturalist.org/observations/116056518,https://inaturalist-open-data.s3.amazonaws.com/photos/195878222/medium.jpeg,Серая ворона,Corvus cornix,Серая ворона
116400396,research,https://www.inaturalist.org/observations/116400396,https://inaturalist-open-data.s3.amazonaws.com/photos/196485696/medium.jpeg,Серая ворона,Corvus cornix,Серая ворона
116590112,research,https://www.inaturalist.org/observations/116590112,https://static.inaturalist.org/photos/196818237/medium.jpeg,Серая ворона,Corvus cornix,Серая ворона
116961560,research,https://www.inaturalist.org/observations/116961560,https://static.inaturalist.org/photos/197478220/medium.jpeg,Hooded Crow,Corvus cornix,Серая ворона
117714029,research,https://www.inaturalist.org/observations/117714029,https://static.inaturalist.org/photos/198831059/medium.jpeg,Серая ворона,Corvus cornix,Серая ворона
117761669,research,https://www.inaturalist.org/observations/117761669,https://static.inaturalist.org/photos/198910999/medium.jpeg,Серая ворона,Corvus cornix,Серая ворона
117837070,research,https://www.inaturalist.org/observations/117837070,https://inaturalist-open-data.s3.amazonaws.com/photos/199044610/medium.jpg,Cornacchia grigia,Corvus cornix,Серая ворона
117848168,research,https://www.inaturalist.org/observations/117848168,https://inaturalist-open-data.s3.amazonaws.com/photos/199063053/medium.jpeg,Серая ворона,Corvus cornix,Серая ворона
118064515,research,https://www.inaturalist.org/observations/118064515,https://static.inaturalist.org/photos/199439470/medium.jpeg,Серая ворона,Corvus cornix,Серая ворона
118064866,research,https://www.inaturalist.org/observations/118064866,https://static.inaturalist.org/photos/199440045/medium.jpeg,Hooded Crow,Corvus cornix,Серая ворона
118233467,research,https://www.inaturalist.org/observations/118233467,https://inaturalist-open-data.s3.amazonaws.com/photos/199735372/medium.jpg,corneja gris,Corvus cornix,Серая ворона
118352971,research,https://www.inaturalist.org/observations/118352971,https://inaturalist-open-data.s3.amazonaws.com/photos/199956716/medium.jpeg,Серая ворона,Corvus cornix,Серая ворона
118386480,research,https://www.inaturalist.org/observations/118386480,https://static.inaturalist.org/photos/200014264/medium.jpeg,Dolmányos varjú,Corvus cornix,Серая ворона
118490878,research,https://www.inaturalist.org/observations/118490878,https://static.inaturalist.org/photos/200205815/medium.jpeg,Серая ворона,Corvus cornix,Серая ворона
118490991,research,https://www.inaturalist.org/observations/118490991,https://static.inaturalist.org/photos/200206015/medium.jpeg,Серая ворона,Corvus cornix,Серая ворона
118498442,research,https://www.inaturalist.org/observations/118498442,https://inaturalist-open-data.s3.amazonaws.com/photos/200219597/medium.jpeg,Серая ворона,Corvus cornix,Серая ворона
120331547,research,https://www.inaturalist.org/observations/120331547,https://static.inaturalist.org/photos/203509541/medium.jpeg,corneja gris,Corvus cornix,Серая ворона
120332433,research,https://www.inaturalist.org/observations/120332433,https://static.inaturalist.org/photos/203511267/medium.jpeg,Серая ворона,Corvus cornix,Серая ворона
120332528,research,https://www.inaturalist.org/observations/120332528,https://static.inaturalist.org/photos/203511472/medium.jpeg,Серая ворона,Corvus cornix,Серая ворона
120333449,research,https://www.inaturalist.org/observations/120333449,https://static.inaturalist.org/photos/203513218/medium.jpeg,Серая ворона,Corvus cornix,Серая ворона
120335478,research,https://www.inaturalist.org/observations/120335478,https://static.inaturalist.org/photos/203516526/medium.jpeg,Серая ворона,Corvus cornix,Серая ворона
120335568,research,https://www.inaturalist.org/observations/120335568,https://static.inaturalist.org/photos/203516667/medium.jpeg,Dolmányos varjú,Corvus cornix,Серая ворона
120839250,research,https://www.inaturalist.org/observations/120839250,https://static.inaturalist.org/photos/204423220/medium.jpeg,Серая ворона,Corvus cornix,Серая ворона
121852939,research,https://www.inaturalist.org/observations/121852939,https://static.inaturalist.org/photos/206249911/medium.jpeg,Серая ворона,Corvus cornix,Серая ворона
122044166,research,https://www.inaturalist.org/observations/122044166,https://inaturalist-open-data.s3.amazonaws.com/photos/206588947/medium.jpeg,Hooded Crow,Corvus cornix,Серая ворона
122806589,research,https://www.inaturalist.org/observations/122806589,https://inaturalist-open-data.s3.amazonaws.com/photos/207969793/medium.jpg,Nebelkrähe,Corvus cornix,Серая ворона
123363496,research,https://www.inaturalist.org/observations/123363496,https://static.inaturalist.org/photos/208977210/medium.jpeg,Серая ворона,Corvus cornix,Серая ворона
123363572,research,https://www.inaturalist.org/observations/123363572,https://static.inaturalist.org/photos/208977371/medium.jpeg,Серая ворона,Corvus cornix,Серая ворона
125043555,research,https://www.inaturalist.org/observations/125043555,https://static.inaturalist.org/photos/212015144/medium.jpeg,Серая ворона,Corvus cornix,Серая ворона
125165457,research,https://www.inaturalist.org/observations/125165457,https://inaturalist-open-data.s3.amazonaws.com/photos/212238553/medium.jpeg,Серая ворона,Corvus cornix,Серая ворона
125753940,research,https://www.inaturalist.org/observations/125753940,https://inaturalist-open-data.s3.amazonaws.com/photos/213294189/medium.jpg,Hooded Crow,Corvus cornix,Серая ворона
125781806,research,https://www.inaturalist.org/observations/125781806,https://static.inaturalist.org/photos/213342261/medium.jpeg,Серая ворона,Corvus cornix,Серая ворона
125782017,research,https://www.inaturalist.org/observations/125782017,https://static.inaturalist.org/photos/213342542/medium.jpeg,Серая ворона,Corvus cornix,Серая ворона
125782174,research,https://www.inaturalist.org/observations/125782174,https://static.inaturalist.org/photos/213342905/medium.jpeg,Серая ворона,Corvus cornix,Серая ворона
127122887,research,https://www.inaturalist.org/observations/127122887,https://inaturalist-open-data.s3.amazonaws.com/photos/215776450/medium.jpeg,Nebelkrähe,Corvus cornix,Серая ворона
127214728,research,https://www.inaturalist.org/observations/127214728,https://static.inaturalist.org/photos/215947294/medium.jpeg,Серая ворона,Corvus cornix,Серая ворона
127214863,research,https://www.inaturalist.org/observations/127214863,https://static.inaturalist.org/photos/215947512/medium.jpeg,Серая ворона,Corvus cornix,Серая ворона
127964737,research,https://www.inaturalist.org/observations/127964737,https://inaturalist-open-data.s3.amazonaws.com/photos/217312725/medium.jpeg,Серая ворона,Corvus cornix,Серая ворона
128485525,research,https://www.inaturalist.org/observations/128485525,https://static.inaturalist.org/photos/218247659/medium.jpeg,Hooded Crow,Corvus cornix,Серая ворона
129386615,research,https://www.inaturalist.org/observations/129386615,https://static.inaturalist.org/photos/219874706/medium.jpeg,Серая ворона,Corvus cornix,Серая ворона
129437361,research,https://www.inaturalist.org/observations/129437361,https://inaturalist-open-data.s3.amazonaws.com/photos/219964247/medium.jpeg,Серая ворона,Corvus cornix,Серая ворона
129437710,research,https://www.inaturalist.org/observations/129437710,https://inaturalist-open-data.s3.amazonaws.com/photos/219965029/medium.jpeg,Серая ворона,Corvus cornix,Серая ворона
130393257,research,https://www.inaturalist.org/observations/130393257,https://inaturalist-open-data.s3.amazonaws.com/photos/221744413/medium.jpeg,Серая ворона,Corvus cornix,Серая ворона
130659783,research,https://www.inaturalist.org/observations/130659783,https://inaturalist-open-data.s3.amazonaws.com/photos/222236459/medium.jpeg,Серая ворона,Corvus cornix,Серая ворона
131149854,research,https://www.inaturalist.org/observations/131149854,https://inaturalist-open-data.s3.amazonaws.com/photos/223144215/medium.jpeg,Серая ворона,Corvus cornix,Серая ворона
131281457,research,https://www.inaturalist.org/observations/131281457,https://inaturalist-open-data.s3.amazonaws.com/photos/223385139/medium.jpg,Серая ворона,Corvus cornix,Серая ворона
132110664,research,https://www.inaturalist.org/observations/132110664,https://inaturalist-open-data.s3.amazonaws.com/photos/224929603/medium.jpeg,Серая ворона,Corvus cornix,Серая ворона
133594139,research,https://www.inaturalist.org/observations/133594139,https://inaturalist-open-data.s3.amazonaws.com/photos/227580623/medium.jpg,Серая ворона,Corvus cornix,Серая ворона
133605849,research,https://www.inaturalist.org/observations/133605849,https://inaturalist-open-data.s3.amazonaws.com/photos/227602407/medium.jpg,Hooded Crow,Corvus cornix,Серая ворона
134839989,research,https://www.inaturalist.org/observations/134839989,https://inaturalist-open-data.s3.amazonaws.com/photos/229906523/medium.jpeg,Серая ворона,Corvus cornix,Серая ворона
135231812,research,https://www.inaturalist.org/observations/135231812,https://inaturalist-open-data.s3.amazonaws.com/photos/230622457/medium.jpeg,Corneille mantelée,Corvus cornix,Серая ворона
135648180,research,https://www.inaturalist.org/observations/135648180,https://inaturalist-open-data.s3.amazonaws.com/photos/231393303/medium.jpeg,Hooded Crow,Corvus cornix,Серая ворона
135826639,research,https://www.inaturalist.org/observations/135826639,https://inaturalist-open-data.s3.amazonaws.com/photos/231723714/medium.jpeg,Hooded Crow,Corvus cornix,Серая ворона
136580437,research,https://www.inaturalist.org/observations/136580437,https://inaturalist-open-data.s3.amazonaws.com/photos/233123140/medium.jpeg,Nebelkrähe,Corvus cornix,Серая ворона
137462875,research,https://www.inaturalist.org/observations/137462875,https://inaturalist-open-data.s3.amazonaws.com/photos/234777827/medium.jpg,Hooded Crow,Corvus cornix,Серая ворона
138373836,research,https://www.inaturalist.org/observations/138373836,https://static.inaturalist.org/photos/236496530/medium.jpeg,Nebelkrähe,Corvus cornix,Серая ворона
138514883,research,https://www.inaturalist.org/observations/138514883,https://static.inaturalist.org/photos/236766852/medium.jpeg,Hooded Crow,Corvus cornix,Серая ворона
138854371,research,https://www.inaturalist.org/observations/138854371,https://static.inaturalist.org/photos/237383110/medium.jpeg,Hooded Crow,Corvus cornix,Серая ворона
138854420,research,https://www.inaturalist.org/observations/138854420,https://static.inaturalist.org/photos/237383197/medium.jpeg,Серая ворона,Corvus cornix,Серая ворона
139312957,research,https://www.inaturalist.org/observations/139312957,https://inaturalist-open-data.s3.amazonaws.com/photos/238256063/medium.jpg,Nebelkrähe,Corvus cornix,Серая ворона
139661994,research,https://www.inaturalist.org/observations/139661994,https://static.inaturalist.org/photos/238916274/medium.jpeg,Hooded Crow,Corvus cornix,Серая ворона
140066260,research,https://www.inaturalist.org/observations/140066260,https://static.inaturalist.org/photos/239696734/medium.jpeg,Hooded Crow,Corvus cornix,Серая ворона
141449605,research,https://www.inaturalist.org/observations/141449605,https://static.inaturalist.org/photos/242331336/medium.jpeg,Серая ворона,Corvus cornix,Серая ворона
141449609,research,https://www.inaturalist.org/observations/141449609,https://static.inaturalist.org/photos/242331357/medium.jpeg,Серая ворона,Corvus cornix,Серая ворона
141911883,research,https://www.inaturalist.org/observations/141911883,https://inaturalist-open-data.s3.amazonaws.com/photos/243211785/medium.jpg,Серая ворона,Corvus cornix,Серая ворона
141911888,research,https://www.inaturalist.org/observations/141911888,https://inaturalist-open-data.s3.amazonaws.com/photos/243212410/medium.jpg,Nebelkrähe,Corvus cornix,Серая ворона
141974544,research,https://www.inaturalist.org/observations/141974544,https://inaturalist-open-data.s3.amazonaws.com/photos/243332761/medium.jpeg,Серая ворона,Corvus cornix,Серая ворона
143015444,research,https://www.inaturalist.org/observations/143015444,https://inaturalist-open-data.s3.amazonaws.com/photos/245257605/medium.jpeg,Серая ворона,Corvus cornix,Серая ворона
143264443,research,https://www.inaturalist.org/observations/143264443,https://inaturalist-open-data.s3.amazonaws.com/photos/245680382/medium.jpeg,Серая ворона,Corvus cornix,Серая ворона
143264599,research,https://www.inaturalist.org/observations/143264599,https://inaturalist-open-data.s3.amazonaws.com/photos/245680635/medium.jpeg,Cornacchia grigia,Corvus cornix,Серая ворона
143344956,research,https://www.inaturalist.org/observations/143344956,https://inaturalist-open-data.s3.amazonaws.com/photos/245823586/medium.jpg,Hooded Crow,Corvus cornix,Серая ворона
143448051,research,https://www.inaturalist.org/observations/143448051,https://inaturalist-open-data.s3.amazonaws.com/photos/246010201/medium.jpeg,Серая ворона,Corvus cornix,Серая ворона
143448132,research,https://www.inaturalist.org/observations/143448132,https://inaturalist-open-data.s3.amazonaws.com/photos/246010419/medium.jpeg,Серая ворона,Corvus cornix,Серая ворона
143448350,research,https://www.inaturalist.org/observations/143448350,https://inaturalist-open-data.s3.amazonaws.com/photos/246010698/medium.jpeg,Hooded Crow,Corvus cornix,Серая ворона
143492700,research,https://www.inaturalist.org/observations/143492700,https://static.inaturalist.org/photos/246096016/medium.jpeg,Hooded Crow,Corvus cornix,Серая ворона
143590550,research,https://www.inaturalist.org/observations/143590550,https://inaturalist-open-data.s3.amazonaws.com/photos/246280949/medium.jpeg,Hooded Crow,Corvus cornix,Серая ворона
143590931,research,https://www.inaturalist.org/observations/143590931,https://inaturalist-open-data.s3.amazonaws.com/photos/246281730/medium.jpeg,Hooded Crow,Corvus cornix,Серая ворона
143713928,research,https://www.inaturalist.org/observations/143713928,https://inaturalist-open-data.s3.amazonaws.com/photos/246517692/medium.jpeg,Hooded Crow,Corvus cornix,Серая ворона
143848747,research,https://www.inaturalist.org/observations/143848747,https://inaturalist-open-data.s3.amazonaws.com/photos/246771827/medium.jpg,Nebelkrähe,Corvus cornix,Серая ворона
143848750,research,https://www.inaturalist.org/observations/143848750,https://inaturalist-open-data.s3.amazonaws.com/photos/246771969/medium.jpg,Nebelkrähe,Corvus cornix,Серая ворона
144210271,research,https://www.inaturalist.org/observations/144210271,https://inaturalist-open-data.s3.amazonaws.com/photos/247465588/medium.jpg,Серая ворона,Corvus cornix,Серая ворона
144210283,research,https://www.inaturalist.org/observations/144210283,https://inaturalist-open-data.s3.amazonaws.com/photos/247465748/medium.jpg,Hooded Crow,Corvus cornix,Серая ворона
144303025,research,https://www.inaturalist.org/observations/144303025,https://inaturalist-open-data.s3.amazonaws.com/photos/247641399/medium.jpg,Varis,Corvus cornix,Серая ворона
144348892,research,https://www.inaturalist.org/observations/144348892,https://inaturalist-open-data.s3.amazonaws.com/photos/247728040/medium.jpeg,Серая ворона,Corvus cornix,Серая ворона
144420652,research,https://www.inaturalist.org/observations/144420652,https://inaturalist-open-data.s3.amazonaws.com/photos/247864624/medium.jpeg,Серая ворона,Corvus cornix,Серая ворона
144488008,research,https://www.inaturalist.org/observations/144488008,https://static.inaturalist.org/photos/247995127/medium.jpeg,Серая ворона,Corvus cornix,Серая ворона
144657080,research,https://www.inaturalist.org/observations/144657080,https://inaturalist-open-data.s3.amazonaws.com/photos/248325502/medium.jpeg,Cornacchia grigia,Corvus cornix,Серая ворона
144657085,research,https://www.inaturalist.org/observations/144657085,https://inaturalist-open-data.s3.amazonaws.com/photos/248325700/medium.jpeg,Hooded Crow,Corvus cornix,Серая ворона
144728483,research,https://www.inaturalist.org/observations/144728483,https://inaturalist-open-data.s3.amazonaws.com/photos/248464150/medium.jpeg,Varis,Corvus cornix,Серая ворона
144791398,research,https://www.inaturalist.org/observations/144791398,https://static.inaturalist.org/photos/248586737/medium.jpeg,Серая ворона,Corvus cornix,Серая ворона
144869465,research,https://www.inaturalist.org/observations/144869465,https://static.inaturalist.org/photos/248740094/medium.jpeg,Bonte kraai,Corvus cornix,Серая ворона
144984252,research,https://www.inaturalist.org/observations/144984252,https://inaturalist-open-data.s3.amazonaws.com/photos/248963712/medium.jpeg,Серая ворона,Corvus cornix,Серая ворона
145055265,research,https://www.inaturalist.org/observations/145055265,https://inaturalist-open-data.s3.amazonaws.com/photos/249099150/medium.jpeg,Серая ворона,Corvus cornix,Серая ворона
145127603,research,https://www.inaturalist.org/observations/145127603,https://static.inaturalist.org/photos/249241235/medium.jpeg,Dolmányos varjú,Corvus cornix,Серая ворона
145184112,research,https://www.inaturalist.org/observations/145184112,https://inaturalist-open-data.s3.amazonaws.com/photos/249347094/medium.jpeg,Серая ворона,Corvus cornix,Серая ворона
145247914,research,https://www.inaturalist.org/observations/145247914,https://inaturalist-open-data.s3.amazonaws.com/photos/249471644/medium.jpeg,Серая ворона,Corvus cornix,Серая ворона
145840462,research,https://www.inaturalist.org/observations/145840462,https://inaturalist-open-data.s3.amazonaws.com/photos/250594473/medium.jpg,Серая ворона,Corvus cornix,Серая ворона
146144150,research,https://www.inaturalist.org/observations/146144150,https://inaturalist-open-data.s3.amazonaws.com/photos/251192180/medium.jpeg,Серая ворона,Corvus cornix,Серая ворона
146398022,research,https://www.inaturalist.org/observations/146398022,https://inaturalist-open-data.s3.amazonaws.com/photos/251684561/medium.jpeg,corneja gris,Corvus cornix,Серая ворона
147194614,research,https://www.inaturalist.org/observations/147194614,https://inaturalist-open-data.s3.amazonaws.com/photos/253237404/medium.jpg,corneja gris,Corvus cornix,Серая ворона
147688557,research,https://www.inaturalist.org/observations/147688557,https://inaturalist-open-data.s3.amazonaws.com/photos/254178983/medium.jpg,Серая ворона,Corvus cornix,Серая ворона
147707407,research,https://www.inaturalist.org/observations/147707407,https://static.inaturalist.org/photos/254214271/medium.jpeg,Серая ворона,Corvus cornix,Серая ворона
147765770,research,https://www.inaturalist.org/observations/147765770,https://inaturalist-open-data.s3.amazonaws.com/photos/254323980/medium.jpeg,Hooded Crow,Corvus cornix,Серая ворона
147788940,research,https://www.inaturalist.org/observations/147788940,https://inaturalist-open-data.s3.amazonaws.com/photos/254369299/medium.jpg,Hooded Crow,Corvus cornix,Серая ворона
147821135,research,https://www.inaturalist.org/observations/147821135,https://inaturalist-open-data.s3.amazonaws.com/photos/254430483/medium.jpeg,Серая ворона,Corvus cornix,Серая ворона
147958283,research,https://www.inaturalist.org/observations/147958283,https://inaturalist-open-data.s3.amazonaws.com/photos/254697451/medium.jpeg,Серая ворона,Corvus cornix,Серая ворона
148185489,research,https://www.inaturalist.org/observations/148185489,https://inaturalist-open-data.s3.amazonaws.com/photos/255132584/medium.jpg,Hooded Crow,Corvus cornix,Серая ворона
148186331,research,https://www.inaturalist.org/observations/148186331,https://inaturalist-open-data.s3.amazonaws.com/photos/255135033/medium.jpg,Hooded Crow,Corvus cornix,Серая ворона
148263072,research,https://www.inaturalist.org/observations/148263072,https://inaturalist-open-data.s3.amazonaws.com/photos/255282444/medium.png,Hooded Crow,Corvus cornix,Серая ворона
148308510,research,https://www.inaturalist.org/observations/148308510,https://static.inaturalist.org/photos/255370811/medium.jpeg,Hooded Crow,Corvus cornix,Серая ворона
148395812,research,https://www.inaturalist.org/observations/148395812,https://inaturalist-open-data.s3.amazonaws.com/photos/255538319/medium.jpg,Hooded Crow,Corvus cornix,Серая ворона
148395830,research,https://www.inaturalist.org/observations/148395830,https://inaturalist-open-data.s3.amazonaws.com/photos/255538453/medium.jpg,Серая ворона,Corvus cornix,Серая ворона
148395841,research,https://www.inaturalist.org/observations/148395841,https://inaturalist-open-data.s3.amazonaws.com/photos/255538515/medium.jpg,Серая ворона,Corvus cornix,Серая ворона
148612086,research,https://www.inaturalist.org/observations/148612086,https://inaturalist-open-data.s3.amazonaws.com/photos/255950534/medium.jpeg,Серая ворона,Corvus cornix,Серая ворона
148612091,research,https://www.inaturalist.org/observations/148612091,https://inaturalist-open-data.s3.amazonaws.com/photos/255951905/medium.jpeg,Серая ворона,Corvus cornix,Серая ворона
148624073,research,https://www.inaturalist.org/observations/148624073,https://inaturalist-open-data.s3.amazonaws.com/photos/255975808/medium.jpg,Серая ворона,Corvus cornix,Серая ворона
148888998,research,https://www.inaturalist.org/observations/148888998,https://inaturalist-open-data.s3.amazonaws.com/photos/256477585/medium.jpg,Серая ворона,Corvus cornix,Серая ворона
149219793,research,https://www.inaturalist.org/observations/149219793,https://inaturalist-open-data.s3.amazonaws.com/photos/257096989/medium.jpeg,Nebelkrähe,Corvus cornix,Серая ворона
149897064,research,https://www.inaturalist.org/observations/149897064,https://inaturalist-open-data.s3.amazonaws.com/photos/258370907/medium.jpeg,Hooded Crow,Corvus cornix,Серая ворона
149991643,research,https://www.inaturalist.org/observations/149991643,https://static.inaturalist.org/photos/258549459/medium.jpeg,Серая ворона,Corvus cornix,Серая ворона
149991651,research,https://www.inaturalist.org/observations/149991651,https://static.inaturalist.org/photos/258550457/medium.jpeg,Серая ворона,Corvus cornix,Серая ворона
150042912,research,https://www.inaturalist.org/observations/150042912,https://inaturalist-open-data.s3.amazonaws.com/photos/258648191/medium.jpeg,Серая ворона,Corvus cornix,Серая ворона
150294630,research,https://www.inaturalist.org/observations/150294630,https://inaturalist-open-data.s3.amazonaws.com/photos/259126043/medium.jpeg,Hooded Crow,Corvus cornix,Серая ворона
150396589,research,https://www.inaturalist.org/observations/150396589,https://inaturalist-open-data.s3.amazonaws.com/photos/259323454/medium.jpeg,Серая ворона,Corvus cornix,Серая ворона
150583488,research,https://www.inaturalist.org/observations/150583488,https://inaturalist-open-data.s3.amazonaws.com/photos/259685835/medium.jpg,Corneille mantelée,Corvus cornix,Серая ворона
150724701,research,https://www.inaturalist.org/observations/150724701,https://inaturalist-open-data.s3.amazonaws.com/photos/259952909/medium.jpeg,Hooded Crow,Corvus cornix,Серая ворона
150829260,research,https://www.inaturalist.org/observations/150829260,https://inaturalist-open-data.s3.amazonaws.com/photos/260149990/medium.jpeg,Hooded Crow,Corvus cornix,Серая ворона
150909274,research,https://www.inaturalist.org/observations/150909274,https://inaturalist-open-data.s3.amazonaws.com/photos/260302665/medium.jpg,Серая ворона,Corvus cornix,Серая ворона
151057322,research,https://www.inaturalist.org/observations/151057322,https://inaturalist-open-data.s3.amazonaws.com/photos/260579011/medium.jpg,Hooded Crow,Corvus cornix,Серая ворона
151109913,research,https://www.inaturalist.org/observations/151109913,https://inaturalist-open-data.s3.amazonaws.com/photos/260681024/medium.jpeg,Серая ворона,Corvus cornix,Серая ворона
151137766,research,https://www.inaturalist.org/observations/151137766,https://inaturalist-open-data.s3.amazonaws.com/photos/260729905/medium.jpeg,Серая ворона,Corvus cornix,Серая ворона
151231849,research,https://www.inaturalist.org/observations/151231849,https://inaturalist-open-data.s3.amazonaws.com/photos/260905159/medium.jpg,Hooded Crow,Corvus cornix,Серая ворона
151375988,research,https://www.inaturalist.org/observations/151375988,https://static.inaturalist.org/photos/261179645/medium.jpeg,Hooded Crow,Corvus cornix,Серая ворона
152017576,research,https://www.inaturalist.org/observations/152017576,https://inaturalist-open-data.s3.amazonaws.com/photos/262382389/medium.jpeg,Hooded Crow,Corvus cornix,Серая ворона
152269136,research,https://www.inaturalist.org/observations/152269136,https://inaturalist-open-data.s3.amazonaws.com/photos/262837280/medium.jpeg,Серая ворона,Corvus cornix,Серая ворона
152393533,research,https://www.inaturalist.org/observations/152393533,https://inaturalist-open-data.s3.amazonaws.com/photos/263069639/medium.jpg,Cornacchia grigia,Corvus cornix,Серая ворона
152610342,research,https://www.inaturalist.org/observations/152610342,https://inaturalist-open-data.s3.amazonaws.com/photos/263471439/medium.jpg,Серая ворона,Corvus cornix,Серая ворона
153462588,research,https://www.inaturalist.org/observations/153462588,https://inaturalist-open-data.s3.amazonaws.com/photos/265055969/medium.jpeg,Серая ворона,Corvus cornix,Серая ворона
153946239,research,https://www.inaturalist.org/observations/153946239,https://inaturalist-open-data.s3.amazonaws.com/photos/265950852/medium.jpg,Серая ворона,Corvus cornix,Серая ворона
153950206,research,https://www.inaturalist.org/observations/153950206,https://inaturalist-open-data.s3.amazonaws.com/photos/265957713/medium.jpeg,Nebelkrähe,Corvus cornix,Серая ворона
154451087,research,https://www.inaturalist.org/observations/154451087,https://inaturalist-open-data.s3.amazonaws.com/photos/266873614/medium.jpg,Серая ворона,Corvus cornix,Серая ворона
154452473,research,https://www.inaturalist.org/observations/154452473,https://inaturalist-open-data.s3.amazonaws.com/photos/266876145/medium.jpg,Серая ворона,Corvus cornix,Серая ворона
154453411,research,https://www.inaturalist.org/observations/154453411,https://inaturalist-open-data.s3.amazonaws.com/photos/266877384/medium.jpg,Серая ворона,Corvus cornix,Серая ворона
154853166,research,https://www.inaturalist.org/observations/154853166,https://inaturalist-open-data.s3.amazonaws.com/photos/267605964/medium.jpeg,Серая ворона,Corvus cornix,Серая ворона
155456856,research,https://www.inaturalist.org/observations/155456856,https://inaturalist-open-data.s3.amazonaws.com/photos/268725565/medium.jpg,Hooded Crow,Corvus cornix,Серая ворона
155519959,research,https://www.inaturalist.org/observations/155519959,https://inaturalist-open-data.s3.amazonaws.com/photos/268837748/medium.jpeg,Hooded Crow,Corvus cornix,Серая ворона
156295989,research,https://www.inaturalist.org/observations/156295989,https://inaturalist-open-data.s3.amazonaws.com/photos/270243889/medium.jpg,Hooded Crow,Corvus cornix,Серая ворона
156451124,research,https://www.inaturalist.org/observations/156451124,https://static.inaturalist.org/photos/270532043/medium.jpeg,Hooded Crow,Corvus cornix,Серая ворона
156704131,research,https://www.inaturalist.org/observations/156704131,https://inaturalist-open-data.s3.amazonaws.com/photos/270998612/medium.jpeg,Серая ворона,Corvus cornix,Серая ворона
156731962,research,https://www.inaturalist.org/observations/156731962,https://static.inaturalist.org/photos/271066894/medium.jpg,Серая ворона,Corvus cornix,Серая ворона
157058619,research,https://www.inaturalist.org/observations/157058619,https://inaturalist-open-data.s3.amazonaws.com/photos/271616823/medium.jpg,Серая ворона,Corvus cornix,Серая ворона
159415008,research,https://www.inaturalist.org/observations/159415008,https://inaturalist-open-data.s3.amazonaws.com/photos/275428692/medium.jpeg,Серая ворона,Corvus cornix,Серая ворона
159870163,research,https://www.inaturalist.org/observations/159870163,https://inaturalist-open-data.s3.amazonaws.com/photos/276240786/medium.jpg,Hooded Crow,Corvus cornix,Серая ворона
160956156,research,https://www.inaturalist.org/observations/160956156,https://inaturalist-open-data.s3.amazonaws.com/photos/278174583/medium.jpeg,Серая ворона,Corvus cornix,Серая ворона
161096734,research,https://www.inaturalist.org/observations/161096734,https://inaturalist-open-data.s3.amazonaws.com/photos/278428174/medium.jpg,Серая ворона,Corvus cornix,Серая ворона
161110904,research,https://www.inaturalist.org/observations/161110904,https://inaturalist-open-data.s3.amazonaws.com/photos/278453992/medium.jpeg,Серая ворона,Corvus cornix,Серая ворона
161364967,research,https://www.inaturalist.org/observations/161364967,https://inaturalist-open-data.s3.amazonaws.com/photos/278915997/medium.jpeg,Varis,Corvus cornix,Серая ворона
161777284,research,https://www.inaturalist.org/observations/161777284,https://inaturalist-open-data.s3.amazonaws.com/photos/279660525/medium.jpeg,Серая ворона,Corvus cornix,Серая ворона
161777292,research,https://www.inaturalist.org/observations/161777292,https://inaturalist-open-data.s3.amazonaws.com/photos/279660852/medium.jpeg,Серая ворона,Corvus cornix,Серая ворона
164040749,research,https://www.inaturalist.org/observations/164040749,https://inaturalist-open-data.s3.amazonaws.com/photos/283786183/medium.jpg,Серая ворона,Corvus cornix,Серая ворона
165066533,research,https://www.inaturalist.org/observations/165066533,https://inaturalist-open-data.s3.amazonaws.com/photos/285687057/medium.jpg,Hooded Crow,Corvus cornix,Серая ворона
165321626,research,https://www.inaturalist.org/observations/165321626,https://inaturalist-open-data.s3.amazonaws.com/photos/286162350/medium.jpeg,Hooded Crow,Corvus cornix,Серая ворона
165669965,research,https://www.inaturalist.org/observations/165669965,https://static.inaturalist.org/photos/286810356/medium.jpeg,Серая ворона,Corvus cornix,Серая ворона
165842683,research,https://www.inaturalist.org/observations/165842683,https://inaturalist-open-data.s3.amazonaws.com/photos/287124560/medium.jpeg,Nebelkrähe,Corvus cornix,Серая ворона
166744357,research,https://www.inaturalist.org/observations/166744357,https://inaturalist-open-data.s3.amazonaws.com/photos/288781473/medium.jpg,Hooded Crow,Corvus cornix,Серая ворона
167037940,research,https://www.inaturalist.org/observations/167037940,https://inaturalist-open-data.s3.amazonaws.com/photos/289315376/medium.jpeg,Серая ворона,Corvus cornix,Серая ворона
167230602,research,https://www.inaturalist.org/observations/167230602,https://inaturalist-open-data.s3.amazonaws.com/photos/289672691/medium.jpeg,Hooded Crow,Corvus cornix,Серая ворона
167832209,research,https://www.inaturalist.org/observations/167832209,https://inaturalist-open-data.s3.amazonaws.com/photos/290791839/medium.jpeg,Серая ворона,Corvus cornix,Серая ворона
167832646,research,https://www.inaturalist.org/observations/167832646,https://inaturalist-open-data.s3.amazonaws.com/photos/290792869/medium.jpeg,Серая ворона,Corvus cornix,Серая ворона
167832732,research,https://www.inaturalist.org/observations/167832732,https://inaturalist-open-data.s3.amazonaws.com/photos/290793089/medium.jpeg,Серая ворона,Corvus cornix,Серая ворона
168537267,research,https://www.inaturalist.org/observations/168537267,https://inaturalist-open-data.s3.amazonaws.com/photos/292095699/medium.jpeg,Серая ворона,Corvus cornix,Серая ворона
168709242,research,https://www.inaturalist.org/observations/168709242,https://inaturalist-open-data.s3.amazonaws.com/photos/292416190/medium.jpeg,Серая ворона,Corvus cornix,Серая ворона
169632285,research,https://www.inaturalist.org/observations/169632285,https://inaturalist-open-data.s3.amazonaws.com/photos/294116134/medium.jpeg,Серая ворона,Corvus cornix,Серая ворона
169646202,research,https://www.inaturalist.org/observations/169646202,https://inaturalist-open-data.s3.amazonaws.com/photos/294141434/medium.jpg,Hooded Crow,Corvus cornix,Серая ворона
170867764,research,https://www.inaturalist.org/observations/170867764,https://inaturalist-open-data.s3.amazonaws.com/photos/296426287/medium.jpeg,Серая ворона,Corvus cornix,Серая ворона
171892390,research,https://www.inaturalist.org/observations/171892390,https://static.inaturalist.org/photos/298326032/medium.jpeg,Серая ворона,Corvus cornix,Серая ворона
172341619,research,https://www.inaturalist.org/observations/172341619,https://inaturalist-open-data.s3.amazonaws.com/photos/299170529/medium.jpeg,Hooded Crow,Corvus cornix,Серая ворона
172623923,research,https://www.inaturalist.org/observations/172623923,https://inaturalist-open-data.s3.amazonaws.com/photos/299692734/medium.jpeg,Серая ворона,Corvus cornix,Серая ворона
173039399,research,https://www.inaturalist.org/observations/173039399,https://static.inaturalist.org/photos/300459651/medium.jpeg,Серая ворона,Corvus cornix,Серая ворона
174223469,research,https://www.inaturalist.org/observations/174223469,https://inaturalist-open-data.s3.amazonaws.com/photos/302654163/medium.jpeg,Серая ворона,Corvus cornix,Серая ворона
174587694,research,https://www.inaturalist.org/observations/174587694,https://static.inaturalist.org/photos/303322954/medium.jpeg,Bonte kraai,Corvus cornix,Серая ворона
175035637,research,https://www.inaturalist.org/observations/175035637,https://inaturalist-open-data.s3.amazonaws.com/photos/304155909/medium.jpg,Серая ворона,Corvus cornix,Серая ворона
175120685,research,https://www.inaturalist.org/observations/175120685,https://inaturalist-open-data.s3.amazonaws.com/photos/304309266/medium.jpg,Серая ворона,Corvus cornix,Серая ворона
176652806,research,https://www.inaturalist.org/observations/176652806,https://inaturalist-open-data.s3.amazonaws.com/photos/307145664/medium.jpeg,Серая ворона,Corvus cornix,Серая ворона
179420554,research,https://www.inaturalist.org/observations/179420554,https://inaturalist-open-data.s3.amazonaws.com/photos/312358663/medium.jpg,Серая ворона,Corvus cornix,Серая ворона
181499929,research,https://www.inaturalist.org/observations/181499929,https://inaturalist-open-data.s3.amazonaws.com/photos/316290352/medium.jpg,Серая ворона,Corvus cornix,Серая ворона
181767184,research,https://www.inaturalist.org/observations/181767184,https://inaturalist-open-data.s3.amazonaws.com/photos/316793122/medium.jpeg,Серая ворона,Corvus cornix,Серая ворона
182773270,research,https://www.inaturalist.org/observations/182773270,https://inaturalist-open-data.s3.amazonaws.com/photos/318743486/medium.jpg,Серая ворона,Corvus cornix,Серая ворона
182931313,research,https://www.inaturalist.org/observations/182931313,https://inaturalist-open-data.s3.amazonaws.com/photos/319053010/medium.jpeg,Серая ворона,Corvus cornix,Серая ворона
184671324,research,https://www.inaturalist.org/observations/184671324,https://inaturalist-open-data.s3.amazonaws.com/photos/322397248/medium.jpeg,Серая ворона,Corvus cornix,Серая ворона
185407255,research,https://www.inaturalist.org/observations/185407255,https://static.inaturalist.org/photos/324119490/medium.jpeg,Серая ворона,Corvus cornix,Серая ворона
186551101,research,https://www.inaturalist.org/observations/186551101,https://inaturalist-open-data.s3.amazonaws.com/photos/326039338/medium.jpg,Серая ворона,Corvus cornix,Серая ворона
187891752,research,https://www.inaturalist.org/observations/187891752,https://inaturalist-open-data.s3.amazonaws.com/photos/328689309/medium.jpeg,冠小嘴乌鸦,Corvus cornix,Серая ворона
187923722,research,https://www.inaturalist.org/observations/187923722,https://inaturalist-open-data.s3.amazonaws.com/photos/328751407/medium.jpeg,Hooded Crow,Corvus cornix,Серая ворона
188130133,research,https://www.inaturalist.org/observations/188130133,https://inaturalist-open-data.s3.amazonaws.com/photos/329106029/medium.jpg,Серая ворона,Corvus cornix,Серая ворона
188130137,research,https://www.inaturalist.org/observations/188130137,https://inaturalist-open-data.s3.amazonaws.com/photos/329106241/medium.jpg,Серая ворона,Corvus cornix,Серая ворона
188130138,research,https://www.inaturalist.org/observations/188130138,https://inaturalist-open-data.s3.amazonaws.com/photos/329106066/medium.jpg,Серая ворона,Corvus cornix,Серая ворона
188398760,research,https://www.inaturalist.org/observations/188398760,https://inaturalist-open-data.s3.amazonaws.com/photos/329730486/medium.jpeg,Hooded Crow,Corvus cornix,Серая ворона
188706597,research,https://www.inaturalist.org/observations/188706597,https://inaturalist-open-data.s3.amazonaws.com/photos/330358442/medium.jpeg,Серая ворона,Corvus cornix,Серая ворона
188759651,research,https://www.inaturalist.org/observations/188759651,https://inaturalist-open-data.s3.amazonaws.com/photos/330470902/medium.jpg,Серая ворона,Corvus cornix,Серая ворона
189628438,research,https://www.inaturalist.org/observations/189628438,https://inaturalist-open-data.s3.amazonaws.com/photos/332243172/medium.jpg,Серая ворона,Corvus cornix,Серая ворона
189628442,research,https://www.inaturalist.org/observations/189628442,https://inaturalist-open-data.s3.amazonaws.com/photos/332243194/medium.jpg,Серая ворона,Corvus cornix,Серая ворона
190215479,research,https://www.inaturalist.org/observations/190215479,https://inaturalist-open-data.s3.amazonaws.com/photos/333387164/medium.jpeg,Серая ворона,Corvus cornix,Серая ворона
190988398,research,https://www.inaturalist.org/observations/190988398,https://inaturalist-open-data.s3.amazonaws.com/photos/334937842/medium.jpeg,Серая ворона,Corvus cornix,Серая ворона
190988513,research,https://www.inaturalist.org/observations/190988513,https://inaturalist-open-data.s3.amazonaws.com/photos/334938168/medium.jpg,Серая ворона,Corvus cornix,Серая ворона
191115971,research,https://www.inaturalist.org/observations/191115971,https://static.inaturalist.org/photos/335194124/medium.jpeg,Серая ворона,Corvus cornix,Серая ворона
191178742,research,https://www.inaturalist.org/observations/191178742,https://static.inaturalist.org/photos/335321916/medium.jpg,Серая ворона,Corvus cornix,Серая ворона
191187978,research,https://www.inaturalist.org/observations/191187978,https://inaturalist-open-data.s3.amazonaws.com/photos/335338813/medium.jpg,Серая ворона,Corvus cornix,Серая ворона
191204165,research,https://www.inaturalist.org/observations/191204165,https://inaturalist-open-data.s3.amazonaws.com/photos/335371986/medium.jpg,Серая ворона,Corvus cornix,Серая ворона
192085450,research,https://www.inaturalist.org/observations/192085450,https://inaturalist-open-data.s3.amazonaws.com/photos/337127673/medium.jpeg,Hooded Crow,Corvus cornix,Серая ворона
192444610,research,https://www.inaturalist.org/observations/192444610,https://static.inaturalist.org/photos/337832151/medium.jpg,Серая ворона,Corvus cornix,Серая ворона
192722411,research,https://www.inaturalist.org/observations/192722411,https://inaturalist-open-data.s3.amazonaws.com/photos/338387850/medium.jpg,Серая ворона,Corvus cornix,Серая ворона
193138593,research,https://www.inaturalist.org/observations/193138593,https://inaturalist-open-data.s3.amazonaws.com/photos/339229619/medium.jpg,Серая ворона,Corvus cornix,Серая ворона
193287552,research,https://www.inaturalist.org/observations/193287552,https://inaturalist-open-data.s3.amazonaws.com/photos/339526555/medium.jpg,Серая ворона,Corvus cornix,Серая ворона
193706311,research,https://www.inaturalist.org/observations/193706311,https://inaturalist-open-data.s3.amazonaws.com/photos/340304116/medium.jpeg,Hooded Crow,Corvus cornix,Серая ворона
194106084,research,https://www.inaturalist.org/observations/194106084,https://static.inaturalist.org/photos/341104596/medium.jpeg,Серая ворона,Corvus cornix,Серая ворона
194106094,research,https://www.inaturalist.org/observations/194106094,https://static.inaturalist.org/photos/341104635/medium.jpeg,Серая ворона,Corvus cornix,Серая ворона
194122552,research,https://www.inaturalist.org/observations/194122552,https://inaturalist-open-data.s3.amazonaws.com/photos/341138531/medium.jpg,Серая ворона,Corvus cornix,Серая ворона
194185013,research,https://www.inaturalist.org/observations/194185013,https://inaturalist-open-data.s3.amazonaws.com/photos/341265503/medium.jpeg,Серая ворона,Corvus cornix,Серая ворона
194412285,research,https://www.inaturalist.org/observations/194412285,https://inaturalist-open-data.s3.amazonaws.com/photos/341729038/medium.jpg,Серая ворона,Corvus cornix,Серая ворона
194412437,research,https://www.inaturalist.org/observations/194412437,https://inaturalist-open-data.s3.amazonaws.com/photos/341729345/medium.jpg,Серая ворона,Corvus cornix,Серая ворона
194563675,research,https://www.inaturalist.org/observations/194563675,https://inaturalist-open-data.s3.amazonaws.com/photos/342037405/medium.jpg,Серая ворона,Corvus cornix,Серая ворона
194969534,research,https://www.inaturalist.org/observations/194969534,https://inaturalist-open-data.s3.amazonaws.com/photos/342870984/medium.jpeg,Серая ворона,Corvus cornix,Серая ворона
194970828,research,https://www.inaturalist.org/observations/194970828,https://inaturalist-open-data.s3.amazonaws.com/photos/342873171/medium.jpeg,Серая ворона,Corvus cornix,Серая ворона
194986297,research,https://www.inaturalist.org/observations/194986297,https://inaturalist-open-data.s3.amazonaws.com/photos/342904452/medium.jpeg,Серая ворона,Corvus cornix,Серая ворона
195065960,research,https://www.inaturalist.org/observations/195065960,https://inaturalist-open-data.s3.amazonaws.com/photos/343067641/medium.jpeg,Серая ворона,Corvus cornix,Серая ворона
195069037,research,https://www.inaturalist.org/observations/195069037,https://static.inaturalist.org/photos/343074755/medium.jpeg,Серая ворона,Corvus cornix,Серая ворона
195568820,research,https://www.inaturalist.org/observations/195568820,https://static.inaturalist.org/photos/344092167/medium.jpeg,Серая ворона,Corvus cornix,Серая ворона
196254721,research,https://www.inaturalist.org/observations/196254721,https://inaturalist-open-data.s3.amazonaws.com/photos/345471052/medium.jpg,Серая ворона,Corvus cornix,Серая ворона
196357454,research,https://www.inaturalist.org/observations/196357454,https://inaturalist-open-data.s3.amazonaws.com/photos/345678546/medium.jpg,Серая ворона,Corvus cornix,Серая ворона
196447032,research,https://www.inaturalist.org/observations/196447032,https://inaturalist-open-data.s3.amazonaws.com/photos/345863626/medium.jpeg,Серая ворона,Corvus cornix,Серая ворона
196448288,research,https://www.inaturalist.org/observations/196448288,https://inaturalist-open-data.s3.amazonaws.com/photos/345866426/medium.jpeg,Серая ворона,Corvus cornix,Серая ворона
196649176,research,https://www.inaturalist.org/observations/196649176,https://inaturalist-open-data.s3.amazonaws.com/photos/346148960/medium.jpeg,Серая ворона,Corvus cornix,Серая ворона
196658905,research,https://www.inaturalist.org/observations/196658905,https://static.inaturalist.org/photos/346169370/medium.jpg,Серая ворона,Corvus cornix,Серая ворона
197162291,research,https://www.inaturalist.org/observations/197162291,https://inaturalist-open-data.s3.amazonaws.com/photos/347184427/medium.jpeg,Серая ворона,Corvus cornix,Серая ворона
197302542,research,https://www.inaturalist.org/observations/197302542,https://inaturalist-open-data.s3.amazonaws.com/photos/347469772/medium.jpeg,Серая ворона,Corvus cornix,Серая ворона
197375694,research,https://www.inaturalist.org/observations/197375694,https://inaturalist-open-data.s3.amazonaws.com/photos/347616687/medium.jpg,Серая ворона,Corvus cornix,Серая ворона
197448833,research,https://www.inaturalist.org/observations/197448833,https://inaturalist-open-data.s3.amazonaws.com/photos/347765789/medium.jpeg,Серая ворона,Corvus cornix,Серая ворона
197482383,research,https://www.inaturalist.org/observations/197482383,https://inaturalist-open-data.s3.amazonaws.com/photos/347831301/medium.jpeg,Серая ворона,Corvus cornix,Серая ворона
197617106,research,https://www.inaturalist.org/observations/197617106,https://static.inaturalist.org/photos/348106105/medium.jpeg,Серая ворона,Corvus cornix,Серая ворона
197634094,research,https://www.inaturalist.org/observations/197634094,https://static.inaturalist.org/photos/348139490/medium.jpeg,Серая ворона,Corvus cornix,Серая ворона
197637060,research,https://www.inaturalist.org/observations/197637060,https://static.inaturalist.org/photos/348144835/medium.jpeg,Серая ворона,Corvus cornix,Серая ворона
197824131,research,https://www.inaturalist.org/observations/197824131,https://inaturalist-open-data.s3.amazonaws.com/photos/348517737/medium.jpeg,Серая ворона,Corvus cornix,Серая ворона
198043689,research,https://www.inaturalist.org/observations/198043689,https://inaturalist-open-data.s3.amazonaws.com/photos/348965832/medium.jpeg,Серая ворона,Corvus cornix,Серая ворона
198047179,research,https://www.inaturalist.org/observations/198047179,https://inaturalist-open-data.s3.amazonaws.com/photos/348972420/medium.jpeg,Hooded Crow,Corvus cornix,Серая ворона
198067063,research,https://www.inaturalist.org/observations/198067063,https://inaturalist-open-data.s3.amazonaws.com/photos/349011906/medium.jpeg,Hooded Crow,Corvus cornix,Серая ворона
198142775,research,https://www.inaturalist.org/observations/198142775,https://inaturalist-open-data.s3.amazonaws.com/photos/349163234/medium.jpeg,Серая ворона,Corvus cornix,Серая ворона
198146062,research,https://www.inaturalist.org/observations/198146062,https://inaturalist-open-data.s3.amazonaws.com/photos/349169804/medium.jpeg,Серая ворона,Corvus cornix,Серая ворона
198146595,research,https://www.inaturalist.org/observations/198146595,https://inaturalist-open-data.s3.amazonaws.com/photos/349170657/medium.jpeg,Серая ворона,Corvus cornix,Серая ворона
198278392,research,https://www.inaturalist.org/observations/198278392,https://static.inaturalist.org/photos/349434771/medium.jpeg,Серая ворона,Corvus cornix,Серая ворона
198309447,research,https://www.inaturalist.org/observations/198309447,https://inaturalist-open-data.s3.amazonaws.com/photos/349492413/medium.jpeg,Серая ворона,Corvus cornix,Серая ворона
198474147,research,https://www.inaturalist.org/observations/198474147,https://inaturalist-open-data.s3.amazonaws.com/photos/349829067/medium.jpeg,Серая ворона,Corvus cornix,Серая ворона
198554601,research,https://www.inaturalist.org/observations/198554601,https://inaturalist-open-data.s3.amazonaws.com/photos/349987069/medium.jpeg,Серая ворона,Corvus cornix,Серая ворона
198573237,needs_id,https://www.inaturalist.org/observations/198573237,https://inaturalist-open-data.s3.amazonaws.com/photos/350023831/medium.jpg,"",Corvus cornix,Серая ворона
199179833,research,https://www.inaturalist.org/observations/199179833,https://inaturalist-open-data.s3.amazonaws.com/photos/351215477/medium.jpeg,Серая ворона,Corvus cornix,Серая ворона
199444581,research,https://www.inaturalist.org/observations/199444581,https://inaturalist-open-data.s3.amazonaws.com/photos/351727243/medium.jpeg,Серая ворона,Corvus cornix,Серая ворона
199797026,research,https://www.inaturalist.org/observations/199797026,https://inaturalist-open-data.s3.amazonaws.com/photos/352392479/medium.jpeg,Серая ворона,Corvus cornix,Серая ворона
200059673,research,https://www.inaturalist.org/observations/200059673,https://inaturalist-open-data.s3.amazonaws.com/photos/352896331/medium.jpeg,Серая ворона,Corvus cornix,Серая ворона
200060007,research,https://www.inaturalist.org/observations/200060007,https://inaturalist-open-data.s3.amazonaws.com/photos/352897057/medium.jpeg,Серая ворона,Corvus cornix,Серая ворона
200065953,research,https://www.inaturalist.org/observations/200065953,https://inaturalist-open-data.s3.amazonaws.com/photos/352908794/medium.jpeg,Серая ворона,Corvus cornix,Серая ворона
200120859,research,https://www.inaturalist.org/observations/200120859,https://inaturalist-open-data.s3.amazonaws.com/photos/353015192/medium.jpeg,Серая ворона,Corvus cornix,Серая ворона
200400414,research,https://www.inaturalist.org/observations/200400414,https://inaturalist-open-data.s3.amazonaws.com/photos/353562160/medium.jpeg,Серая ворона,Corvus cornix,Серая ворона
200486566,research,https://www.inaturalist.org/observations/200486566,https://inaturalist-open-data.s3.amazonaws.com/photos/353733931/medium.jpg,Серая ворона,Corvus cornix,Серая ворона
200508614,research,https://www.inaturalist.org/observations/200508614,https://inaturalist-open-data.s3.amazonaws.com/photos/353778249/medium.jpeg,Серая ворона,Corvus cornix,Серая ворона
200635912,research,https://www.inaturalist.org/observations/200635912,https://inaturalist-open-data.s3.amazonaws.com/photos/354021190/medium.jpeg,Hooded Crow,Corvus cornix,Серая ворона
200749692,research,https://www.inaturalist.org/observations/200749692,https://static.inaturalist.org/photos/354240832/medium.jpeg,Серая ворона,Corvus cornix,Серая ворона
200801790,research,https://www.inaturalist.org/observations/200801790,https://inaturalist-open-data.s3.amazonaws.com/photos/354344788/medium.jpeg,Серая ворона,Corvus cornix,Серая ворона
200824361,research,https://www.inaturalist.org/observations/200824361,https://inaturalist-open-data.s3.amazonaws.com/photos/354387995/medium.jpeg,Hooded Crow,Corvus cornix,Серая ворона
201133717,research,https://www.inaturalist.org/observations/201133717,https://inaturalist-open-data.s3.amazonaws.com/photos/354996755/medium.jpg,Серая ворона,Corvus cornix,Серая ворона
201485107,research,https://www.inaturalist.org/observations/201485107,https://inaturalist-open-data.s3.amazonaws.com/photos/355678253/medium.jpeg,Hooded Crow,Corvus cornix,Серая ворона
201691452,research,https://www.inaturalist.org/observations/201691452,https://inaturalist-open-data.s3.amazonaws.com/photos/356076010/medium.jpg,Серая ворона,Corvus cornix,Серая ворона
201691458,research,https://www.inaturalist.org/observations/201691458,https://inaturalist-open-data.s3.amazonaws.com/photos/356076867/medium.jpg,Серая ворона,Corvus cornix,Серая ворона
201691467,research,https://www.inaturalist.org/observations/201691467,https://inaturalist-open-data.s3.amazonaws.com/photos/356076988/medium.jpg,Серая ворона,Corvus cornix,Серая ворона
201787539,research,https://www.inaturalist.org/observations/201787539,https://inaturalist-open-data.s3.amazonaws.com/photos/356263776/medium.jpeg,Серая ворона,Corvus cornix,Серая ворона
201787547,research,https://www.inaturalist.org/observations/201787547,https://inaturalist-open-data.s3.amazonaws.com/photos/356263790/medium.jpeg,Серая ворона,Corvus cornix,Серая ворона
202035639,research,https://www.inaturalist.org/observations/202035639,https://inaturalist-open-data.s3.amazonaws.com/photos/356745763/medium.jpeg,Серая ворона,Corvus cornix,Серая ворона
202304949,research,https://www.inaturalist.org/observations/202304949,https://inaturalist-open-data.s3.amazonaws.com/photos/357254113/medium.jpeg,Серая ворона,Corvus cornix,Серая ворона
202304968,research,https://www.inaturalist.org/observations/202304968,https://inaturalist-open-data.s3.amazonaws.com/photos/357254935/medium.jpeg,Серая ворона,Corvus cornix,Серая ворона
202304969,research,https://www.inaturalist.org/observations/202304969,https://inaturalist-open-data.s3.amazonaws.com/photos/357255373/medium.jpeg,Серая ворона,Corvus cornix,Серая ворона
202304972,research,https://www.inaturalist.org/observations/202304972,https://inaturalist-open-data.s3.amazonaws.com/photos/357255540/medium.jpeg,Серая ворона,Corvus cornix,Серая ворона
202309540,research,https://www.inaturalist.org/observations/202309540,https://inaturalist-open-data.s3.amazonaws.com/photos/357281737/medium.jpeg,Hooded Crow,Corvus cornix,Серая ворона
202446490,research,https://www.inaturalist.org/observations/202446490,https://inaturalist-open-data.s3.amazonaws.com/photos/357543835/medium.jpeg,Серая ворона,Corvus cornix,Серая ворона
202447243,research,https://www.inaturalist.org/observations/202447243,https://inaturalist-open-data.s3.amazonaws.com/photos/357545071/medium.jpeg,Серая ворона,Corvus cornix,Серая ворона
202486945,research,https://www.inaturalist.org/observations/202486945,https://inaturalist-open-data.s3.amazonaws.com/photos/357622419/medium.jpeg,Серая ворона,Corvus cornix,Серая ворона
202487004,research,https://www.inaturalist.org/observations/202487004,https://inaturalist-open-data.s3.amazonaws.com/photos/357622531/medium.jpeg,Серая ворона,Corvus cornix,Серая ворона
202487220,research,https://www.inaturalist.org/observations/202487220,https://inaturalist-open-data.s3.amazonaws.com/photos/357622928/medium.jpeg,Серая ворона,Corvus cornix,Серая ворона
202487317,research,https://www.inaturalist.org/observations/202487317,https://inaturalist-open-data.s3.amazonaws.com/photos/357623144/medium.jpeg,Серая ворона,Corvus cornix,Серая ворона
202487485,research,https://www.inaturalist.org/observations/202487485,https://inaturalist-open-data.s3.amazonaws.com/photos/357623346/medium.jpeg,Серая ворона,Corvus cornix,Серая ворона
203394623,research,https://www.inaturalist.org/observations/203394623,https://inaturalist-open-data.s3.amazonaws.com/photos/359352799/medium.jpeg,Серая ворона,Corvus cornix,Серая ворона
203476410,research,https://www.inaturalist.org/observations/203476410,https://inaturalist-open-data.s3.amazonaws.com/photos/359512175/medium.jpg,Серая ворона,Corvus cornix,Серая ворона
204057472,research,https://www.inaturalist.org/observations/204057472,https://inaturalist-open-data.s3.amazonaws.com/photos/360619554/medium.jpeg,Серая ворона,Corvus cornix,Серая ворона
204159487,research,https://www.inaturalist.org/observations/204159487,https://inaturalist-open-data.s3.amazonaws.com/photos/360821445/medium.jpeg,Hooded Crow,Corvus cornix,Серая ворона
205069892,research,https://www.inaturalist.org/observations/205069892,https://inaturalist-open-data.s3.amazonaws.com/photos/362548292/medium.jpeg,Серая ворона,Corvus cornix,Серая ворона
205402956,research,https://www.inaturalist.org/observations/205402956,https://inaturalist-open-data.s3.amazonaws.com/photos/363186034/medium.jpeg,Hooded Crow,Corvus cornix,Серая ворона
205556423,research,https://www.inaturalist.org/observations/205556423,https://inaturalist-open-data.s3.amazonaws.com/photos/363474996/medium.jpeg,Hooded Crow,Corvus cornix,Серая ворона
205633700,research,https://www.inaturalist.org/observations/205633700,https://inaturalist-open-data.s3.amazonaws.com/photos/363624716/medium.jpeg,Серая ворона,Corvus cornix,Серая ворона
206458844,needs_id,https://www.inaturalist.org/observations/206458844,https://inaturalist-open-data.s3.amazonaws.com/photos/365148921/medium.jpg,"",Corvus cornix,Серая ворона
206474749,research,https://www.inaturalist.org/observations/206474749,https://inaturalist-open-data.s3.amazonaws.com/photos/365176613/medium.jpg,Серая ворона,Corvus cornix,Серая ворона
206663965,research,https://www.inaturalist.org/observations/206663965,https://inaturalist-open-data.s3.amazonaws.com/photos/365462742/medium.jpg,Серая ворона,Corvus cornix,Серая ворона
206663984,research,https://www.inaturalist.org/observations/206663984,https://inaturalist-open-data.s3.amazonaws.com/photos/365463450/medium.jpg,Серая ворона,Corvus cornix,Серая ворона
206663988,research,https://www.inaturalist.org/observations/206663988,https://inaturalist-open-data.s3.amazonaws.com/photos/365463607/medium.jpg,Серая ворона,Corvus cornix,Серая ворона
206664016,research,https://www.inaturalist.org/observations/206664016,https://inaturalist-open-data.s3.amazonaws.com/photos/365466909/medium.jpg,Серая ворона,Corvus cornix,Серая ворона
207185017,research,https://www.inaturalist.org/observations/207185017,https://inaturalist-open-data.s3.amazonaws.com/photos/366448679/medium.jpeg,Hooded Crow,Corvus cornix,Серая ворона
207198038,research,https://www.inaturalist.org/observations/207198038,https://inaturalist-open-data.s3.amazonaws.com/photos/366466662/medium.jpeg,Серая ворона,Corvus cornix,Серая ворона
207803634,research,https://www.inaturalist.org/observations/207803634,https://inaturalist-open-data.s3.amazonaws.com/photos/367606656/medium.jpeg,Hooded Crow,Corvus cornix,Серая ворона
207824301,research,https://www.inaturalist.org/observations/207824301,https://inaturalist-open-data.s3.amazonaws.com/photos/367644262/medium.jpg,Серая ворона,Corvus cornix,Серая ворона
207824525,research,https://www.inaturalist.org/observations/207824525,https://inaturalist-open-data.s3.amazonaws.com/photos/367644629/medium.jpg,Серая ворона,Corvus cornix,Серая ворона
207997071,needs_id,https://www.inaturalist.org/observations/207997071,https://inaturalist-open-data.s3.amazonaws.com/photos/367968240/medium.jpg,"",Corvus cornix,Серая ворона
207997302,research,https://www.inaturalist.org/observations/207997302,https://inaturalist-open-data.s3.amazonaws.com/photos/367968498/medium.jpg,Серая ворона,Corvus cornix,Серая ворона
208157163,research,https://www.inaturalist.org/observations/208157163,https://inaturalist-open-data.s3.amazonaws.com/photos/368261411/medium.jpg,Серая ворона,Corvus cornix,Серая ворона
208235951,research,https://www.inaturalist.org/observations/208235951,https://inaturalist-open-data.s3.amazonaws.com/photos/368416873/medium.jpeg,Серая ворона,Corvus cornix,Серая ворона
208936953,research,https://www.inaturalist.org/observations/208936953,https://inaturalist-open-data.s3.amazonaws.com/photos/369715747/medium.jpg,Hooded Crow,Corvus cornix,Серая ворона
209115112,research,https://www.inaturalist.org/observations/209115112,https://inaturalist-open-data.s3.amazonaws.com/photos/370045587/medium.jpeg,Hooded Crow,Corvus cornix,Серая ворона
209301157,research,https://www.inaturalist.org/observations/209301157,https://inaturalist-open-data.s3.amazonaws.com/photos/370391075/medium.jpeg,Серая ворона,Corvus cornix,Серая ворона
212167328,research,https://www.inaturalist.org/observations/212167328,https://static.inaturalist.org/photos/374949511/medium.jpeg,Серая ворона,Corvus cornix,Серая ворона
212242606,research,https://www.inaturalist.org/observations/212242606,https://static.inaturalist.org/photos/375080861/medium.jpeg,Серая ворона,Corvus cornix,Серая ворона
212701011,research,https://www.inaturalist.org/observations/212701011,https://inaturalist-open-data.s3.amazonaws.com/photos/375878483/medium.jpg,Серая ворона,Corvus cornix,Серая ворона
213505271,research,https://www.inaturalist.org/observations/213505271,https://inaturalist-open-data.s3.amazonaws.com/photos/377323798/medium.jpg,Серая ворона,Corvus cornix,Серая ворона
214360033,research,https://www.inaturalist.org/observations/214360033,https://inaturalist-open-data.s3.amazonaws.com/photos/378889951/medium.jpeg,Серая ворона,Corvus cornix,Серая ворона
214537010,research,https://www.inaturalist.org/observations/214537010,https://inaturalist-open-data.s3.amazonaws.com/photos/379220560/medium.jpg,Серая ворона,Corvus cornix,Серая ворона
214974517,research,https://www.inaturalist.org/observations/214974517,https://inaturalist-open-data.s3.amazonaws.com/photos/380034266/medium.jpeg,Серая ворона,Corvus cornix,Серая ворона
215015226,research,https://www.inaturalist.org/observations/215015226,https://inaturalist-open-data.s3.amazonaws.com/photos/380105683/medium.jpg,Серая ворона,Corvus cornix,Серая ворона
216075472,research,https://www.inaturalist.org/observations/216075472,https://inaturalist-open-data.s3.amazonaws.com/photos/382102249/medium.jpeg,Hooded Crow,Corvus cornix,Серая ворона
216160446,research,https://www.inaturalist.org/observations/216160446,https://inaturalist-open-data.s3.amazonaws.com/photos/382257945/medium.jpeg,Hooded Crow,Corvus cornix,Серая ворона
216726070,research,https://www.inaturalist.org/observations/216726070,https://inaturalist-open-data.s3.amazonaws.com/photos/383325546/medium.jpeg,Серая ворона,Corvus cornix,Серая ворона
216909532,research,https://www.inaturalist.org/observations/216909532,https://inaturalist-open-data.s3.amazonaws.com/photos/383658617/medium.jpeg,Серая ворона,Corvus cornix,Серая ворона
216999701,research,https://www.inaturalist.org/observations/216999701,https://inaturalist-open-data.s3.amazonaws.com/photos/383836970/medium.jpg,Серая ворона,Corvus cornix,Серая ворона
217931166,research,https://www.inaturalist.org/observations/217931166,https://inaturalist-open-data.s3.amazonaws.com/photos/385590394/medium.jpg,Серая ворона,Corvus cornix,Серая ворона
218102661,research,https://www.inaturalist.org/observations/218102661,https://static.inaturalist.org/photos/385914720/medium.jpeg,Серая ворона,Corvus cornix,Серая ворона
218150925,research,https://www.inaturalist.org/observations/218150925,https://inaturalist-open-data.s3.amazonaws.com/photos/385998171/medium.jpeg,Серая ворона,Corvus cornix,Серая ворона
218619538,research,https://www.inaturalist.org/observations/218619538,https://inaturalist-open-data.s3.amazonaws.com/photos/386865347/medium.jpeg,Серая ворона,Corvus cornix,Серая ворона
218619581,research,https://www.inaturalist.org/observations/218619581,https://inaturalist-open-data.s3.amazonaws.com/photos/386865610/medium.jpeg,Серая ворона,Corvus cornix,Серая ворона
220033868,research,https://www.inaturalist.org/observations/220033868,https://inaturalist-open-data.s3.amazonaws.com/photos/389519441/medium.jpg,Серая ворона,Corvus cornix,Серая ворона
220033872,research,https://www.inaturalist.org/observations/220033872,https://inaturalist-open-data.s3.amazonaws.com/photos/389521183/medium.jpg,Серая ворона,Corvus cornix,Серая ворона
220033886,research,https://www.inaturalist.org/observations/220033886,https://inaturalist-open-data.s3.amazonaws.com/photos/389523137/medium.jpg,Серая ворона,Corvus cornix,Серая ворона
221388124,research,https://www.inaturalist.org/observations/221388124,https://inaturalist-open-data.s3.amazonaws.com/photos/392052896/medium.jpeg,Серая ворона,Corvus cornix,Серая ворона
221639769,research,https://www.inaturalist.org/observations/221639769,https://static.inaturalist.org/photos/392510427/medium.jpeg,Серая ворона,Corvus cornix,Серая ворона
221871597,research,https://www.inaturalist.org/observations/221871597,https://inaturalist-open-data.s3.amazonaws.com/photos/392954312/medium.jpg,Серая ворона,Corvus cornix,Серая ворона
222099885,research,https://www.inaturalist.org/observations/222099885,https://inaturalist-open-data.s3.amazonaws.com/photos/393382964/medium.jpeg,Серая ворона,Corvus cornix,Серая ворона
222961895,research,https://www.inaturalist.org/observations/222961895,https://inaturalist-open-data.s3.amazonaws.com/photos/395003834/medium.jpeg,Серая ворона,Corvus cornix,Серая ворона
222962118,research,https://www.inaturalist.org/observations/222962118,https://inaturalist-open-data.s3.amazonaws.com/photos/395004255/medium.jpeg,Серая ворона,Corvus cornix,Серая ворона
223144137,research,https://www.inaturalist.org/observations/223144137,https://inaturalist-open-data.s3.amazonaws.com/photos/395341122/medium.jpeg,Серая ворона,Corvus cornix,Серая ворона
223144140,research,https://www.inaturalist.org/observations/223144140,https://inaturalist-open-data.s3.amazonaws.com/photos/395341292/medium.jpeg,Серая ворона,Corvus cornix,Серая ворона
223356948,research,https://www.inaturalist.org/observations/223356948,https://inaturalist-open-data.s3.amazonaws.com/photos/395744071/medium.jpeg,Серая ворона,Corvus cornix,Серая ворона
223544718,research,https://www.inaturalist.org/observations/223544718,https://inaturalist-open-data.s3.amazonaws.com/photos/396105026/medium.jpeg,Серая ворона,Corvus cornix,Серая ворона
223705424,research,https://www.inaturalist.org/observations/223705424,https://inaturalist-open-data.s3.amazonaws.com/photos/396413060/medium.jpeg,Серая ворона,Corvus cornix,Серая ворона
223719767,research,https://www.inaturalist.org/observations/223719767,https://inaturalist-open-data.s3.amazonaws.com/photos/396438716/medium.jpeg,Серая ворона,Corvus cornix,Серая ворона
223942103,research,https://www.inaturalist.org/observations/223942103,https://inaturalist-open-data.s3.amazonaws.com/photos/396846509/medium.jpeg,Серая ворона,Corvus cornix,Серая ворона
224415944,research,https://www.inaturalist.org/observations/224415944,https://inaturalist-open-data.s3.amazonaws.com/photos/397742249/medium.jpeg,Серая ворона,Corvus cornix,Серая ворона
224445715,needs_id,https://www.inaturalist.org/observations/224445715,https://inaturalist-open-data.s3.amazonaws.com/photos/397797060/medium.jpeg,Серая ворона,Corvus cornix,Серая ворона
225003079,research,https://www.inaturalist.org/observations/225003079,https://static.inaturalist.org/photos/398865773/medium.jpg,Серая ворона,Corvus cornix,Серая ворона
225686558,research,https://www.inaturalist.org/observations/225686558,https://inaturalist-open-data.s3.amazonaws.com/photos/400168016/medium.jpeg,Серая ворона,Corvus cornix,Серая ворона
228200478,research,https://www.inaturalist.org/observations/228200478,https://inaturalist-open-data.s3.amazonaws.com/photos/404916932/medium.jpeg,Серая ворона,Corvus cornix,Серая ворона
229197416,research,https://www.inaturalist.org/observations/229197416,https://inaturalist-open-data.s3.amazonaws.com/photos/406815983/medium.jpeg,Серая ворона,Corvus cornix,Серая ворона
229555859,research,https://www.inaturalist.org/observations/229555859,https://inaturalist-open-data.s3.amazonaws.com/photos/407486227/medium.jpeg,Hooded Crow,Corvus cornix,Серая ворона
229756704,research,https://www.inaturalist.org/observations/229756704,https://inaturalist-open-data.s3.amazonaws.com/photos/407868774/medium.jpeg,Hooded Crow,Corvus cornix,Серая ворона
229890396,research,https://www.inaturalist.org/observations/229890396,https://inaturalist-open-data.s3.amazonaws.com/photos/408124854/medium.jpeg,Серая ворона,Corvus cornix,Серая ворона
230544540,research,https://www.inaturalist.org/observations/230544540,https://inaturalist-open-data.s3.amazonaws.com/photos/409364333/medium.jpeg,Серая ворона,Corvus cornix,Серая ворона
231982708,research,https://www.inaturalist.org/observations/231982708,https://inaturalist-open-data.s3.amazonaws.com/photos/412089516/medium.jpeg,Серая ворона,Corvus cornix,Серая ворона
232108349,research,https://www.inaturalist.org/observations/232108349,https://inaturalist-open-data.s3.amazonaws.com/photos/412320434/medium.jpg,Серая ворона,Corvus cornix,Серая ворона
232178637,research,https://www.inaturalist.org/observations/232178637,https://inaturalist-open-data.s3.amazonaws.com/photos/412457886/medium.jpg,Серая ворона,Corvus cornix,Серая ворона
234739374,research,https://www.inaturalist.org/observations/234739374,https://inaturalist-open-data.s3.amazonaws.com/photos/417358929/medium.jpeg,Hooded Crow,Corvus cornix,Серая ворона
235389201,research,https://www.inaturalist.org/observations/235389201,https://inaturalist-open-data.s3.amazonaws.com/photos/418614813/medium.jpeg,Hooded Crow,Corvus cornix,Серая ворона
236130248,research,https://www.inaturalist.org/observations/236130248,https://inaturalist-open-data.s3.amazonaws.com/photos/420047958/medium.jpeg,Hooded Crow,Corvus cornix,Серая ворона
236370988,research,https://www.inaturalist.org/observations/236370988,https://inaturalist-open-data.s3.amazonaws.com/photos/420506048/medium.jpeg,Серая ворона,Corvus cornix,Серая ворона
236706526,research,https://www.inaturalist.org/observations/236706526,https://inaturalist-open-data.s3.amazonaws.com/photos/421153104/medium.jpeg,Hooded Crow,Corvus cornix,Серая ворона
236706575,research,https://www.inaturalist.org/observations/236706575,https://inaturalist-open-data.s3.amazonaws.com/photos/421153271/medium.jpeg,Hooded Crow,Corvus cornix,Серая ворона
236706746,research,https://www.inaturalist.org/observations/236706746,https://inaturalist-open-data.s3.amazonaws.com/photos/421153635/medium.jpeg,Hooded Crow,Corvus cornix,Серая ворона
238104222,research,https://www.inaturalist.org/observations/238104222,https://inaturalist-open-data.s3.amazonaws.com/photos/423850152/medium.jpeg,Hooded Crow,Corvus cornix,Серая ворона
238952962,research,https://www.inaturalist.org/observations/238952962,https://inaturalist-open-data.s3.amazonaws.com/photos/425495993/medium.jpeg,Серая ворона,Corvus cornix,Серая ворона
238960885,research,https://www.inaturalist.org/observations/238960885,https://static.inaturalist.org/photos/425510545/medium.jpeg,Серая ворона,Corvus cornix,Серая ворона
239437789,research,https://www.inaturalist.org/observations/239437789,https://inaturalist-open-data.s3.amazonaws.com/photos/426441517/medium.jpeg,Gralha-cinzenta,Corvus cornix,Серая ворона
239674861,research,https://www.inaturalist.org/observations/239674861,https://inaturalist-open-data.s3.amazonaws.com/photos/426899565/medium.jpeg,Серая ворона,Corvus cornix,Серая ворона
240506949,research,https://www.inaturalist.org/observations/240506949,https://static.inaturalist.org/photos/428500572/medium.jpeg,Серая ворона,Corvus cornix,Серая ворона
240796230,research,https://www.inaturalist.org/observations/240796230,https://inaturalist-open-data.s3.amazonaws.com/photos/429058381/medium.jpg,Серая ворона,Corvus cornix,Серая ворона
240970814,research,https://www.inaturalist.org/observations/240970814,https://inaturalist-open-data.s3.amazonaws.com/photos/429396054/medium.jpeg,Hooded Crow,Corvus cornix,Серая ворона
241090933,research,https://www.inaturalist.org/observations/241090933,https://inaturalist-open-data.s3.amazonaws.com/photos/429634062/medium.jpeg,Серая ворона,Corvus cornix,Серая ворона
241656925,research,https://www.inaturalist.org/observations/241656925,https://inaturalist-open-data.s3.amazonaws.com/photos/430717825/medium.jpeg,Gralha-cinzenta,Corvus cornix,Серая ворона
241659485,research,https://www.inaturalist.org/observations/241659485,https://inaturalist-open-data.s3.amazonaws.com/photos/430722196/medium.jpeg,Gralha-cinzenta,Corvus cornix,Серая ворона
241661739,research,https://www.inaturalist.org/observations/241661739,https://inaturalist-open-data.s3.amazonaws.com/photos/430726325/medium.jpeg,Gralha-cinzenta,Corvus cornix,Серая ворона
241663216,research,https://www.inaturalist.org/observations/241663216,https://inaturalist-open-data.s3.amazonaws.com/photos/430728818/medium.jpeg,Gralha-cinzenta,Corvus cornix,Серая ворона
242039599,research,https://www.inaturalist.org/observations/242039599,https://inaturalist-open-data.s3.amazonaws.com/photos/431459340/medium.jpeg,Серая ворона,Corvus cornix,Серая ворона
242040100,research,https://www.inaturalist.org/observations/242040100,,Серая ворона,Corvus cornix,Серая ворона
242058916,research,https://www.inaturalist.org/observations/242058916,https://inaturalist-open-data.s3.amazonaws.com/photos/431492324/medium.jpeg,Серая ворона,Corvus cornix,Серая ворона
242058920,research,https://www.inaturalist.org/observations/242058920,https://inaturalist-open-data.s3.amazonaws.com/photos/431492336/medium.jpeg,Серая ворона,Corvus cornix,Серая ворона
242842770,research,https://www.inaturalist.org/observations/242842770,https://inaturalist-open-data.s3.amazonaws.com/photos/432961547/medium.jpeg,Серая ворона,Corvus cornix,Серая ворона
243181492,research,https://www.inaturalist.org/observations/243181492,https://inaturalist-open-data.s3.amazonaws.com/photos/433589461/medium.jpeg,Серая ворона,Corvus cornix,Серая ворона
243418236,research,https://www.inaturalist.org/observations/243418236,https://inaturalist-open-data.s3.amazonaws.com/photos/434042983/medium.jpeg,Серая ворона,Corvus cornix,Серая ворона
243429405,research,https://www.inaturalist.org/observations/243429405,https://inaturalist-open-data.s3.amazonaws.com/photos/434066215/medium.jpeg,Hooded Crow,Corvus cornix,Серая ворона
244335547,research,https://www.inaturalist.org/observations/244335547,https://inaturalist-open-data.s3.amazonaws.com/photos/435822017/medium.jpeg,Серая ворона,Corvus cornix,Серая ворона
244344385,research,https://www.inaturalist.org/observations/244344385,https://inaturalist-open-data.s3.amazonaws.com/photos/435833308/medium.jpeg,Серая ворона,Corvus cornix,Серая ворона
244549888,research,https://www.inaturalist.org/observations/244549888,https://static.inaturalist.org/photos/436231614/medium.jpeg,Серая ворона,Corvus cornix,Серая ворона
244572521,research,https://www.inaturalist.org/observations/244572521,https://inaturalist-open-data.s3.amazonaws.com/photos/436274202/medium.jpg,Серая ворона,Corvus cornix,Серая ворона
246160330,research,https://www.inaturalist.org/observations/246160330,https://inaturalist-open-data.s3.amazonaws.com/photos/439394062/medium.jpeg,Серая ворона,Corvus cornix,Серая ворона
246178054,research,https://www.inaturalist.org/observations/246178054,https://inaturalist-open-data.s3.amazonaws.com/photos/439425134/medium.jpeg,Серая Ворона,Corvus cornix,Серая ворона
246346201,research,https://www.inaturalist.org/observations/246346201,https://static.inaturalist.org/photos/439760208/medium.jpeg,Серая ворона,Corvus cornix,Серая ворона
247637652,research,https://www.inaturalist.org/observations/247637652,https://inaturalist-open-data.s3.amazonaws.com/photos/442338849/medium.jpeg,Серая ворона,Corvus cornix,Серая ворона
247657657,research,https://www.inaturalist.org/observations/247657657,https://inaturalist-open-data.s3.amazonaws.com/photos/442363339/medium.jpeg,Hooded Crow,Corvus cornix,Серая ворона
248709455,research,https://www.inaturalist.org/observations/248709455,https://inaturalist-open-data.s3.amazonaws.com/photos/444451728/medium.jpg,Серая ворона,Corvus cornix,Серая ворона
248709511,research,https://www.inaturalist.org/observations/248709511,https://inaturalist-open-data.s3.amazonaws.com/photos/444452002/medium.jpg,Серая ворона,Corvus cornix,Серая ворона
249377289,research,https://www.inaturalist.org/observations/249377289,https://inaturalist-open-data.s3.amazonaws.com/photos/445771289/medium.jpeg,Hooded Crow,Corvus cornix,Серая ворона
249377571,research,https://www.inaturalist.org/observations/249377571,https://inaturalist-open-data.s3.amazonaws.com/photos/445771873/medium.jpeg,Hooded Crow,Corvus cornix,Серая ворона
249867283,research,https://www.inaturalist.org/observations/249867283,https://inaturalist-open-data.s3.amazonaws.com/photos/446751744/medium.jpeg,Серая ворона,Corvus cornix,Серая ворона
250432909,research,https://www.inaturalist.org/observations/250432909,https://static.inaturalist.org/photos/447888571/medium.jpeg,Серая ворона,Corvus cornix,Серая ворона
250432915,research,https://www.inaturalist.org/observations/250432915,https://static.inaturalist.org/photos/447888707/medium.jpeg,Серая ворона,Corvus cornix,Серая ворона
250541081,research,https://www.inaturalist.org/observations/250541081,https://static.inaturalist.org/photos/448108712/medium.jpeg,Серая ворона,Corvus cornix,Серая ворона
250574328,research,https://www.inaturalist.org/observations/250574328,https://inaturalist-open-data.s3.amazonaws.com/photos/448172575/medium.jpg,Серая ворона,Corvus cornix,Серая ворона
250670076,research,https://www.inaturalist.org/observations/250670076,https://inaturalist-open-data.s3.amazonaws.com/photos/448367476/medium.jpeg,Серая ворона,Corvus cornix,Серая ворона
251067489,research,https://www.inaturalist.org/observations/251067489,https://inaturalist-open-data.s3.amazonaws.com/photos/449157305/medium.jpeg,Hooded Crow,Corvus cornix,Серая ворона
251188231,research,https://www.inaturalist.org/observations/251188231,https://inaturalist-open-data.s3.amazonaws.com/photos/449400304/medium.jpeg,Серая ворона,Corvus cornix,Серая ворона
251188652,research,https://www.inaturalist.org/observations/251188652,https://inaturalist-open-data.s3.amazonaws.com/photos/449401172/medium.jpeg,Серая ворона,Corvus cornix,Серая ворона
251188887,research,https://www.inaturalist.org/observations/251188887,https://inaturalist-open-data.s3.amazonaws.com/photos/449401706/medium.jpeg,Серая ворона,Corvus cornix,Серая ворона
251302152,research,https://www.inaturalist.org/observations/251302152,https://inaturalist-open-data.s3.amazonaws.com/photos/449631109/medium.jpeg,Серая ворона,Corvus cornix,Серая ворона
251450057,research,https://www.inaturalist.org/observations/251450057,https://inaturalist-open-data.s3.amazonaws.com/photos/449912994/medium.jpeg,Серая ворона,Corvus cornix,Серая ворона
251470259,research,https://www.inaturalist.org/observations/251470259,https://inaturalist-open-data.s3.amazonaws.com/photos/449959977/medium.jpg,Серая ворона,Corvus cornix,Серая ворона
251487768,research,https://www.inaturalist.org/observations/251487768,https://inaturalist-open-data.s3.amazonaws.com/photos/449995057/medium.jpg,Серая ворона,Corvus cornix,Серая ворона
251571308,research,https://www.inaturalist.org/observations/251571308,https://inaturalist-open-data.s3.amazonaws.com/photos/450160903/medium.jpeg,Hooded Crow,Corvus cornix,Серая ворона
251571409,research,https://www.inaturalist.org/observations/251571409,https://inaturalist-open-data.s3.amazonaws.com/photos/450161195/medium.jpeg,Hooded Crow,Corvus cornix,Серая ворона
251571475,research,https://www.inaturalist.org/observations/251571475,https://inaturalist-open-data.s3.amazonaws.com/photos/450161666/medium.jpeg,Hooded Crow,Corvus cornix,Серая ворона
251637402,research,https://www.inaturalist.org/observations/251637402,https://inaturalist-open-data.s3.amazonaws.com/photos/450293127/medium.jpeg,Серая ворона,Corvus cornix,Серая ворона
251949792,research,https://www.inaturalist.org/observations/251949792,https://inaturalist-open-data.s3.amazonaws.com/photos/450916036/medium.jpeg,Серая ворона,Corvus cornix,Серая ворона
252038476,research,https://www.inaturalist.org/observations/252038476,https://inaturalist-open-data.s3.amazonaws.com/photos/451097737/medium.jpeg,Серая ворона,Corvus cornix,Серая ворона
252040546,research,https://www.inaturalist.org/observations/252040546,https://inaturalist-open-data.s3.amazonaws.com/photos/451101469/medium.jpeg,Серая ворона,Corvus cornix,Серая ворона
252189214,research,https://www.inaturalist.org/observations/252189214,https://inaturalist-open-data.s3.amazonaws.com/photos/451398867/medium.jpeg,Hooded Crow,Corvus cornix,Серая ворона
252355566,research,https://www.inaturalist.org/observations/252355566,https://inaturalist-open-data.s3.amazonaws.com/photos/451733388/medium.jpeg,Серая ворона,Corvus cornix,Серая ворона
252591562,research,https://www.inaturalist.org/observations/252591562,https://inaturalist-open-data.s3.amazonaws.com/photos/452200641/medium.jpeg,Серая ворона,Corvus cornix,Серая ворона
252686660,research,https://www.inaturalist.org/observations/252686660,https://inaturalist-open-data.s3.amazonaws.com/photos/452376902/medium.jpeg,Hooded Crow,Corvus cornix,Серая ворона
253104488,research,https://www.inaturalist.org/observations/253104488,https://inaturalist-open-data.s3.amazonaws.com/photos/453137965/medium.jpeg,Hooded Crow,Corvus cornix,Серая ворона
253150821,research,https://www.inaturalist.org/observations/253150821,https://inaturalist-open-data.s3.amazonaws.com/photos/453231918/medium.jpeg,Серая ворона,Corvus cornix,Серая ворона
253174696,research,https://www.inaturalist.org/observations/253174696,https://inaturalist-open-data.s3.amazonaws.com/photos/453274991/medium.jpeg,Серая ворона,Corvus cornix,Серая ворона
253174847,research,https://www.inaturalist.org/observations/253174847,https://inaturalist-open-data.s3.amazonaws.com/photos/453275117/medium.jpeg,Серая ворона,Corvus cornix,Серая ворона
253193197,research,https://www.inaturalist.org/observations/253193197,https://inaturalist-open-data.s3.amazonaws.com/photos/453308972/medium.jpeg,Серая ворона,Corvus cornix,Серая ворона
253425883,research,https://www.inaturalist.org/observations/253425883,https://inaturalist-open-data.s3.amazonaws.com/photos/453766194/medium.jpeg,Hooded Crow,Corvus cornix,Серая ворона
253513020,research,https://www.inaturalist.org/observations/253513020,https://inaturalist-open-data.s3.amazonaws.com/photos/453941018/medium.jpeg,Серая ворона,Corvus cornix,Серая ворона
253762935,research,https://www.inaturalist.org/observations/253762935,https://static.inaturalist.org/photos/454436980/medium.jpeg,Серая ворона,Corvus cornix,Серая ворона
253764733,research,https://www.inaturalist.org/observations/253764733,https://inaturalist-open-data.s3.amazonaws.com/photos/454440703/medium.jpeg,Серая ворона,Corvus cornix,Серая ворона
253765344,research,https://www.inaturalist.org/observations/253765344,https://inaturalist-open-data.s3.amazonaws.com/photos/454441951/medium.jpeg,Серая ворона,Corvus cornix,Серая ворона
253850639,research,https://www.inaturalist.org/observations/253850639,https://inaturalist-open-data.s3.amazonaws.com/photos/454610124/medium.jpeg,Серая ворона,Corvus cornix,Серая ворона
254034401,needs_id,https://www.inaturalist.org/observations/254034401,https://inaturalist-open-data.s3.amazonaws.com/photos/454941635/medium.jpeg,"",Corvus cornix,Серая ворона
254401824,research,https://www.inaturalist.org/observations/254401824,https://inaturalist-open-data.s3.amazonaws.com/photos/455674368/medium.jpeg,Серая ворона,Corvus cornix,Серая ворона
254650971,research,https://www.inaturalist.org/observations/254650971,https://inaturalist-open-data.s3.amazonaws.com/photos/456171154/medium.jpeg,Серая ворона,Corvus cornix,Серая ворона
254708911,research,https://www.inaturalist.org/observations/254708911,https://inaturalist-open-data.s3.amazonaws.com/photos/456293871/medium.jpg,Серая ворона,Corvus cornix,Серая ворона
254894204,research,https://www.inaturalist.org/observations/254894204,https://inaturalist-open-data.s3.amazonaws.com/photos/456670346/medium.jpeg,Серая ворона,Corvus cornix,Серая ворона
255072298,research,https://www.inaturalist.org/observations/255072298,https://inaturalist-open-data.s3.amazonaws.com/photos/457027912/medium.jpg,Серая ворона,Corvus cornix,Серая ворона
255282632,research,https://www.inaturalist.org/observations/255282632,https://inaturalist-open-data.s3.amazonaws.com/photos/457459274/medium.jpeg,Серая ворона,Corvus cornix,Серая ворона
255319280,research,https://www.inaturalist.org/observations/255319280,https://inaturalist-open-data.s3.amazonaws.com/photos/457532712/medium.jpeg,Серая ворона,Corvus cornix,Серая ворона
255472019,research,https://www.inaturalist.org/observations/255472019,https://inaturalist-open-data.s3.amazonaws.com/photos/457818795/medium.jpeg,Серая ворона,Corvus cornix,Серая ворона
255565706,research,https://www.inaturalist.org/observations/255565706,https://inaturalist-open-data.s3.amazonaws.com/photos/457948053/medium.jpeg,Серая ворона,Corvus cornix,Серая ворона
255565714,research,https://www.inaturalist.org/observations/255565714,https://inaturalist-open-data.s3.amazonaws.com/photos/457952456/medium.jpeg,Серая ворона,Corvus cornix,Серая ворона
255709085,research,https://www.inaturalist.org/observations/255709085,https://inaturalist-open-data.s3.amazonaws.com/photos/458308052/medium.jpeg,Серая ворона,Corvus cornix,Серая ворона
255709660,research,https://www.inaturalist.org/observations/255709660,https://inaturalist-open-data.s3.amazonaws.com/photos/458309274/medium.jpeg,Серая ворона,Corvus cornix,Серая ворона
255901069,research,https://www.inaturalist.org/observations/255901069,https://inaturalist-open-data.s3.amazonaws.com/photos/458684265/medium.jpeg,Серая ворона,Corvus cornix,Серая ворона
255902383,research,https://www.inaturalist.org/observations/255902383,https://inaturalist-open-data.s3.amazonaws.com/photos/458687076/medium.jpeg,Серая ворона,Corvus cornix,Серая ворона
256097531,research,https://www.inaturalist.org/observations/256097531,https://inaturalist-open-data.s3.amazonaws.com/photos/459085055/medium.jpeg,Серая ворона,Corvus cornix,Серая ворона
256188187,research,https://www.inaturalist.org/observations/256188187,https://inaturalist-open-data.s3.amazonaws.com/photos/459266850/medium.jpg,Серая ворона,Corvus cornix,Серая ворона
256192049,research,https://www.inaturalist.org/observations/256192049,https://inaturalist-open-data.s3.amazonaws.com/photos/459275239/medium.jpeg,Серая ворона,Corvus cornix,Серая ворона
256245304,research,https://www.inaturalist.org/observations/256245304,https://inaturalist-open-data.s3.amazonaws.com/photos/459384359/medium.jpeg,Серая ворона,Corvus cornix,Серая ворона
256291919,research,https://www.inaturalist.org/observations/256291919,https://inaturalist-open-data.s3.amazonaws.com/photos/459480228/medium.jpg,Серая ворона,Corvus cornix,Серая ворона
256291934,research,https://www.inaturalist.org/observations/256291934,https://inaturalist-open-data.s3.amazonaws.com/photos/459480319/medium.jpg,Серая ворона,Corvus cornix,Серая ворона
256399005,research,https://www.inaturalist.org/observations/256399005,https://inaturalist-open-data.s3.amazonaws.com/photos/459698703/medium.jpg,Серая ворона,Corvus cornix,Серая ворона
256497020,research,https://www.inaturalist.org/observations/256497020,https://inaturalist-open-data.s3.amazonaws.com/photos/459899757/medium.jpeg,Серая ворона,Corvus cornix,Серая ворона
256654400,research,https://www.inaturalist.org/observations/256654400,https://inaturalist-open-data.s3.amazonaws.com/photos/460210364/medium.jpg,Серая ворона,Corvus cornix,Серая ворона
257567191,research,https://www.inaturalist.org/observations/257567191,https://inaturalist-open-data.s3.amazonaws.com/photos/462077914/medium.jpeg,Hooded Crow,Corvus cornix,Серая ворона
257600747,research,https://www.inaturalist.org/observations/257600747,https://inaturalist-open-data.s3.amazonaws.com/photos/462136121/medium.jpg,Серая ворона,Corvus cornix,Серая ворона
257600750,research,https://www.inaturalist.org/observations/257600750,https://inaturalist-open-data.s3.amazonaws.com/photos/462136130/medium.jpg,Серая ворона,Corvus cornix,Серая ворона
257689134,research,https://www.inaturalist.org/observations/257689134,https://inaturalist-open-data.s3.amazonaws.com/photos/462308813/medium.jpg,Серая ворона,Corvus cornix,Серая ворона
257916644,research,https://www.inaturalist.org/observations/257916644,https://inaturalist-open-data.s3.amazonaws.com/photos/462688657/medium.jpg,Серая ворона,Corvus cornix,Серая ворона
257927912,research,https://www.inaturalist.org/observations/257927912,https://inaturalist-open-data.s3.amazonaws.com/photos/462713657/medium.jpeg,Серая ворона,Corvus cornix,Серая ворона
257939683,research,https://www.inaturalist.org/observations/257939683,https://inaturalist-open-data.s3.amazonaws.com/photos/462737658/medium.jpg,Серая ворона,Corvus cornix,Серая ворона
258062270,research,https://www.inaturalist.org/observations/258062270,https://inaturalist-open-data.s3.amazonaws.com/photos/462948785/medium.jpeg,Серая ворона,Corvus cornix,Серая ворона
258062499,research,https://www.inaturalist.org/observations/258062499,https://inaturalist-open-data.s3.amazonaws.com/photos/462949407/medium.jpeg,Серая ворона,Corvus cornix,Серая ворона
258155556,research,https://www.inaturalist.org/observations/258155556,https://static.inaturalist.org/photos/463129602/medium.jpeg,Серая ворона,Corvus cornix,Серая ворона
258155565,research,https://www.inaturalist.org/observations/258155565,https://static.inaturalist.org/photos/463129623/medium.jpeg,Серая ворона,Corvus cornix,Серая ворона
258274320,research,https://www.inaturalist.org/observations/258274320,https://inaturalist-open-data.s3.amazonaws.com/photos/463346586/medium.jpg,Серая ворона,Corvus cornix,Серая ворона
258274322,research,https://www.inaturalist.org/observations/258274322,https://inaturalist-open-data.s3.amazonaws.com/photos/463346580/medium.jpg,Серая ворона,Corvus cornix,Серая ворона
258274325,research,https://www.inaturalist.org/observations/258274325,https://inaturalist-open-data.s3.amazonaws.com/photos/463346610/medium.jpg,Серая ворона,Corvus cornix,Серая ворона
258274326,research,https://www.inaturalist.org/observations/258274326,https://inaturalist-open-data.s3.amazonaws.com/photos/463346600/medium.jpg,Серая ворона,Corvus cornix,Серая ворона
258367935,research,https://www.inaturalist.org/observations/258367935,https://static.inaturalist.org/photos/463535954/medium.jpeg,Серая Ворона,Corvus cornix,Серая ворона
258371948,research,https://www.inaturalist.org/observations/258371948,https://inaturalist-open-data.s3.amazonaws.com/photos/463544263/medium.jpeg,Серая ворона,Corvus cornix,Серая ворона
258593006,research,https://www.inaturalist.org/observations/258593006,https://inaturalist-open-data.s3.amazonaws.com/photos/463997104/medium.jpeg,Серая ворона,Corvus cornix,Серая ворона
258810520,research,https://www.inaturalist.org/observations/258810520,https://inaturalist-open-data.s3.amazonaws.com/photos/464443304/medium.jpeg,Серая ворона,Corvus cornix,Серая ворона
259045359,research,https://www.inaturalist.org/observations/259045359,https://inaturalist-open-data.s3.amazonaws.com/photos/464922098/medium.jpeg,Серая ворона,Corvus cornix,Серая ворона
259082837,research,https://www.inaturalist.org/observations/259082837,https://inaturalist-open-data.s3.amazonaws.com/photos/464996202/medium.jpeg,Серая ворона,Corvus cornix,Серая ворона
259083334,research,https://www.inaturalist.org/observations/259083334,https://inaturalist-open-data.s3.amazonaws.com/photos/464997117/medium.jpeg,Серая ворона,Corvus cornix,Серая ворона
259178372,research,https://www.inaturalist.org/observations/259178372,https://inaturalist-open-data.s3.amazonaws.com/photos/465190145/medium.jpeg,Серая ворона,Corvus cornix,Серая ворона
259178827,research,https://www.inaturalist.org/observations/259178827,https://inaturalist-open-data.s3.amazonaws.com/photos/465191631/medium.jpeg,Серая ворона,Corvus cornix,Серая ворона
259179206,research,https://www.inaturalist.org/observations/259179206,https://inaturalist-open-data.s3.amazonaws.com/photos/465192496/medium.jpeg,Серая ворона,Corvus cornix,Серая ворона
259337191,research,https://www.inaturalist.org/observations/259337191,https://inaturalist-open-data.s3.amazonaws.com/photos/465514977/medium.jpeg,Серая ворона,Corvus cornix,Серая ворона
259453019,research,https://www.inaturalist.org/observations/259453019,https://inaturalist-open-data.s3.amazonaws.com/photos/465747312/medium.jpg,Серая ворона,Corvus cornix,Серая ворона
259461127,research,https://www.inaturalist.org/observations/259461127,https://inaturalist-open-data.s3.amazonaws.com/photos/465763452/medium.jpeg,Серая ворона,Corvus cornix,Серая ворона
259660533,research,https://www.inaturalist.org/observations/259660533,https://inaturalist-open-data.s3.amazonaws.com/photos/466162607/medium.jpg,Серая ворона,Corvus cornix,Серая ворона
259660536,research,https://www.inaturalist.org/observations/259660536,https://inaturalist-open-data.s3.amazonaws.com/photos/466162601/medium.jpg,Серая ворона,Corvus cornix,Серая ворона
259660538,research,https://www.inaturalist.org/observations/259660538,https://inaturalist-open-data.s3.amazonaws.com/photos/466162633/medium.jpg,Серая ворона,Corvus cornix,Серая ворона
259660543,research,https://www.inaturalist.org/observations/259660543,https://inaturalist-open-data.s3.amazonaws.com/photos/466162636/medium.jpg,Серая ворона,Corvus cornix,Серая ворона
259660553,research,https://www.inaturalist.org/observations/259660553,https://inaturalist-open-data.s3.amazonaws.com/photos/466162650/medium.jpg,Серая ворона,Corvus cornix,Серая ворона
259664494,research,https://www.inaturalist.org/observations/259664494,https://static.inaturalist.org/photos/466171253/medium.jpeg,Серая ворона,Corvus cornix,Серая ворона
259745733,research,https://www.inaturalist.org/observations/259745733,https://inaturalist-open-data.s3.amazonaws.com/photos/466337041/medium.jpeg,Серая ворона,Corvus cornix,Серая ворона
259760292,research,https://www.inaturalist.org/observations/259760292,https://inaturalist-open-data.s3.amazonaws.com/photos/466365523/medium.jpg,Серая ворона,Corvus cornix,Серая ворона
259776481,research,https://www.inaturalist.org/observations/259776481,https://inaturalist-open-data.s3.amazonaws.com/photos/466396901/medium.jpeg,Серая ворона,Corvus cornix,Серая ворона
259781301,research,https://www.inaturalist.org/observations/259781301,https://inaturalist-open-data.s3.amazonaws.com/photos/466404894/medium.jpeg,Серая ворона,Corvus cornix,Серая ворона
259785121,research,https://www.inaturalist.org/observations/259785121,https://inaturalist-open-data.s3.amazonaws.com/photos/466413662/medium.jpg,Серая ворона,Corvus cornix,Серая ворона
259785122,research,https://www.inaturalist.org/observations/259785122,https://inaturalist-open-data.s3.amazonaws.com/photos/466413664/medium.jpg,Серая ворона,Corvus cornix,Серая ворона
259785133,research,https://www.inaturalist.org/observations/259785133,https://inaturalist-open-data.s3.amazonaws.com/photos/466413695/medium.jpg,Серая ворона,Corvus cornix,Серая ворона
259882369,research,https://www.inaturalist.org/observations/259882369,https://inaturalist-open-data.s3.amazonaws.com/photos/466600392/medium.jpeg,Серая ворона,Corvus cornix,Серая ворона
259939975,research,https://www.inaturalist.org/observations/259939975,https://inaturalist-open-data.s3.amazonaws.com/photos/466716909/medium.jpg,Серая ворона,Corvus cornix,Серая ворона
259941802,research,https://www.inaturalist.org/observations/259941802,https://inaturalist-open-data.s3.amazonaws.com/photos/466720968/medium.jpg,Серая ворона,Corvus cornix,Серая ворона
259986963,research,https://www.inaturalist.org/observations/259986963,https://inaturalist-open-data.s3.amazonaws.com/photos/466809219/medium.jpeg,Hooded Crow,Corvus cornix,Серая ворона
260062671,research,https://www.inaturalist.org/observations/260062671,https://inaturalist-open-data.s3.amazonaws.com/photos/466958771/medium.jpeg,Серая ворона,Corvus cornix,Серая ворона
260065298,research,https://www.inaturalist.org/observations/260065298,https://inaturalist-open-data.s3.amazonaws.com/photos/466963395/medium.jpeg,Серая ворона,Corvus cornix,Серая ворона
260129437,research,https://www.inaturalist.org/observations/260129437,https://inaturalist-open-data.s3.amazonaws.com/photos/467089731/medium.jpeg,Серая ворона,Corvus cornix,Серая ворона
260160826,research,https://www.inaturalist.org/observations/260160826,https://inaturalist-open-data.s3.amazonaws.com/photos/467154156/medium.jpeg,Серая ворона,Corvus cornix,Серая ворона
260182486,research,https://www.inaturalist.org/observations/260182486,https://inaturalist-open-data.s3.amazonaws.com/photos/467195593/medium.jpeg,Hooded Crow,Corvus cornix,Серая ворона
260191011,research,https://www.inaturalist.org/observations/260191011,https://inaturalist-open-data.s3.amazonaws.com/photos/467213088/medium.jpeg,Серая ворона,Corvus cornix,Серая ворона
260400499,research,https://www.inaturalist.org/observations/260400499,https://inaturalist-open-data.s3.amazonaws.com/photos/467632643/medium.jpeg,Серая ворона,Corvus cornix,Серая ворона
260401395,research,https://www.inaturalist.org/observations/260401395,https://inaturalist-open-data.s3.amazonaws.com/photos/467634665/medium.jpeg,Серая ворона,Corvus cornix,Серая ворона
260465195,needs_id,https://www.inaturalist.org/observations/260465195,https://inaturalist-open-data.s3.amazonaws.com/photos/467761736/medium.jpg,"",Corvus cornix,Серая ворона
260465291,needs_id,https://www.inaturalist.org/observations/260465291,https://inaturalist-open-data.s3.amazonaws.com/photos/467761889/medium.jpg,"",Corvus cornix,Серая ворона
260515139,research,https://www.inaturalist.org/observations/260515139,https://inaturalist-open-data.s3.amazonaws.com/photos/467859440/medium.jpeg,Серая ворона,Corvus cornix,Серая ворона
260515143,research,https://www.inaturalist.org/observations/260515143,https://inaturalist-open-data.s3.amazonaws.com/photos/467859625/medium.jpeg,Серая ворона,Corvus cornix,Серая ворона
260623813,needs_id,https://www.inaturalist.org/observations/260623813,https://inaturalist-open-data.s3.amazonaws.com/photos/468072240/medium.jpg,"",Corvus cornix,Серая ворона
260634706,research,https://www.inaturalist.org/observations/260634706,https://inaturalist-open-data.s3.amazonaws.com/photos/468094043/medium.jpeg,Серая Ворона,Corvus cornix,Серая ворона
260635734,research,https://www.inaturalist.org/observations/260635734,https://inaturalist-open-data.s3.amazonaws.com/photos/468095544/medium.jpeg,Серая Ворона,Corvus cornix,Серая ворона
260641221,research,https://www.inaturalist.org/observations/260641221,https://inaturalist-open-data.s3.amazonaws.com/photos/468106219/medium.jpeg,Серая ворона,Corvus cornix,Серая ворона
260641964,research,https://www.inaturalist.org/observations/260641964,https://inaturalist-open-data.s3.amazonaws.com/photos/468108010/medium.jpeg,Серая ворона,Corvus cornix,Серая ворона
260748038,research,https://www.inaturalist.org/observations/260748038,https://inaturalist-open-data.s3.amazonaws.com/photos/468313444/medium.jpg,Hooded Crow,Corvus cornix,Серая ворона
261160962,research,https://www.inaturalist.org/observations/261160962,https://inaturalist-open-data.s3.amazonaws.com/photos/469134859/medium.jpeg,Серая ворона,Corvus cornix,Серая ворона
261163307,research,https://www.inaturalist.org/observations/261163307,https://inaturalist-open-data.s3.amazonaws.com/photos/469139359/medium.jpeg,Серая ворона,Corvus cornix,Серая ворона
261164046,research,https://www.inaturalist.org/observations/261164046,https://inaturalist-open-data.s3.amazonaws.com/photos/469140887/medium.jpeg,Серая ворона,Corvus cornix,Серая ворона
261270705,research,https://www.inaturalist.org/observations/261270705,https://inaturalist-open-data.s3.amazonaws.com/photos/469355183/medium.jpeg,Hooded Crow,Corvus cornix,Серая ворона
261377892,research,https://www.inaturalist.org/observations/261377892,https://inaturalist-open-data.s3.amazonaws.com/photos/469566130/medium.jpeg,Серая ворона,Corvus cornix,Серая ворона
261379307,research,https://www.inaturalist.org/observations/261379307,https://inaturalist-open-data.s3.amazonaws.com/photos/469568925/medium.jpeg,Серая ворона,Corvus cornix,Серая ворона
261406349,research,https://www.inaturalist.org/observations/261406349,https://inaturalist-open-data.s3.amazonaws.com/photos/469623246/medium.jpg,Серая ворона,Corvus cornix,Серая ворона
261423011,research,https://www.inaturalist.org/observations/261423011,https://inaturalist-open-data.s3.amazonaws.com/photos/469656783/medium.jpg,Серая ворона,Corvus cornix,Серая ворона
261510401,research,https://www.inaturalist.org/observations/261510401,https://inaturalist-open-data.s3.amazonaws.com/photos/469829592/medium.jpeg,Серая ворона,Corvus cornix,Серая ворона
261523030,research,https://www.inaturalist.org/observations/261523030,https://inaturalist-open-data.s3.amazonaws.com/photos/469855263/medium.jpeg,Hooded Crow,Corvus cornix,Серая ворона
261624147,research,https://www.inaturalist.org/observations/261624147,https://inaturalist-open-data.s3.amazonaws.com/photos/470056484/medium.jpg,Серая ворона,Corvus cornix,Серая ворона
261624151,research,https://www.inaturalist.org/observations/261624151,https://inaturalist-open-data.s3.amazonaws.com/photos/470056489/medium.jpg,Серая ворона,Corvus cornix,Серая ворона
261624163,research,https://www.inaturalist.org/observations/261624163,https://inaturalist-open-data.s3.amazonaws.com/photos/470056653/medium.jpg,Серая ворона,Corvus cornix,Серая ворона
261624164,research,https://www.inaturalist.org/observations/261624164,https://inaturalist-open-data.s3.amazonaws.com/photos/470057440/medium.jpg,Серая ворона,Corvus cornix,Серая ворона
261816360,research,https://www.inaturalist.org/observations/261816360,https://static.inaturalist.org/photos/470443363/medium.jpeg,Серая ворона,Corvus cornix,Серая ворона
261967041,research,https://www.inaturalist.org/observations/261967041,https://static.inaturalist.org/photos/470732786/medium.jpeg,Серая ворона,Corvus cornix,Серая ворона
261968060,research,https://www.inaturalist.org/observations/261968060,https://static.inaturalist.org/photos/470734743/medium.jpeg,Серая ворона,Corvus cornix,Серая ворона
262381749,research,https://www.inaturalist.org/observations/262381749,https://inaturalist-open-data.s3.amazonaws.com/photos/471381799/medium.jpg,Серая ворона,Corvus cornix,Серая ворона
262395027,research,https://www.inaturalist.org/observations/262395027,https://inaturalist-open-data.s3.amazonaws.com/photos/471401490/medium.jpeg,Hooded Crow,Corvus cornix,Серая ворона
262419388,research,https://www.inaturalist.org/observations/262419388,https://inaturalist-open-data.s3.amazonaws.com/photos/471426881/medium.jpeg,Серая ворона,Corvus cornix,Серая ворона
262516181,research,https://www.inaturalist.org/observations/262516181,https://inaturalist-open-data.s3.amazonaws.com/photos/471561015/medium.jpeg,Серая ворона,Corvus cornix,Серая ворона
262700869,research,https://www.inaturalist.org/observations/262700869,https://inaturalist-open-data.s3.amazonaws.com/photos/471791322/medium.jpg,Серая ворона,Corvus cornix,Серая ворона
262806252,research,https://www.inaturalist.org/observations/262806252,https://inaturalist-open-data.s3.amazonaws.com/photos/472007496/medium.jpeg,Серая ворона,Corvus cornix,Серая ворона
262972577,research,https://www.inaturalist.org/observations/262972577,https://inaturalist-open-data.s3.amazonaws.com/photos/472337718/medium.jpeg,Серая ворона,Corvus cornix,Серая ворона
262972892,research,https://www.inaturalist.org/observations/262972892,https://inaturalist-open-data.s3.amazonaws.com/photos/472338309/medium.jpeg,Серая ворона,Corvus cornix,Серая ворона
263071768,research,https://www.inaturalist.org/observations/263071768,https://inaturalist-open-data.s3.amazonaws.com/photos/472535833/medium.jpeg,Серая ворона,Corvus cornix,Серая ворона
263082211,research,https://www.inaturalist.org/observations/263082211,https://inaturalist-open-data.s3.amazonaws.com/photos/472555997/medium.jpeg,Серая ворона,Corvus cornix,Серая ворона
263172312,research,https://www.inaturalist.org/observations/263172312,https://inaturalist-open-data.s3.amazonaws.com/photos/472738536/medium.jpeg,Hooded Crow,Corvus cornix,Серая ворона
263405984,research,https://www.inaturalist.org/observations/263405984,https://inaturalist-open-data.s3.amazonaws.com/photos/473197070/medium.jpeg,Серая ворона,Corvus cornix,Серая ворона
263406325,research,https://www.inaturalist.org/observations/263406325,https://static.inaturalist.org/photos/473195037/medium.jpeg,Серая ворона,Corvus cornix,Серая ворона
263406328,research,https://www.inaturalist.org/observations/263406328,https://static.inaturalist.org/photos/473195042/medium.jpeg,Серая ворона,Corvus cornix,Серая ворона
263406330,research,https://www.inaturalist.org/observations/263406330,https://static.inaturalist.org/photos/473195077/medium.jpeg,Серая ворона,Corvus cornix,Серая ворона
263406339,research,https://www.inaturalist.org/observations/263406339,https://static.inaturalist.org/photos/473195271/medium.jpeg,Серая ворона,Corvus cornix,Серая ворона
263406351,research,https://www.inaturalist.org/observations/263406351,https://static.inaturalist.org/photos/473195385/medium.jpeg,Серая ворона,Corvus cornix,Серая ворона
263406353,research,https://www.inaturalist.org/observations/263406353,https://static.inaturalist.org/photos/473195442/medium.jpeg,Серая ворона,Corvus cornix,Серая ворона
263406361,research,https://www.inaturalist.org/observations/263406361,https://static.inaturalist.org/photos/473195580/medium.jpeg,Серая ворона,Corvus cornix,Серая ворона
263406365,research,https://www.inaturalist.org/observations/263406365,https://static.inaturalist.org/photos/473195660/medium.jpeg,Серая ворона,Corvus cornix,Серая ворона
263406375,research,https://www.inaturalist.org/observations/263406375,https://static.inaturalist.org/photos/473195804/medium.jpeg,Серая ворона,Corvus cornix,Серая ворона
263406379,research,https://www.inaturalist.org/observations/263406379,https://static.inaturalist.org/photos/473195808/medium.jpeg,Серая ворона,Corvus cornix,Серая ворона
263738635,research,https://www.inaturalist.org/observations/263738635,https://static.inaturalist.org/photos/473853705/medium.jpg,Серая ворона,Corvus cornix,Серая ворона
263752418,research,https://www.inaturalist.org/observations/263752418,https://inaturalist-open-data.s3.amazonaws.com/photos/473880451/medium.jpeg,Серая ворона,Corvus cornix,Серая ворона
263761988,research,https://www.inaturalist.org/observations/263761988,https://inaturalist-open-data.s3.amazonaws.com/photos/473898730/medium.jpeg,Серая ворона,Corvus cornix,Серая ворона
263763905,research,https://www.inaturalist.org/observations/263763905,https://inaturalist-open-data.s3.amazonaws.com/photos/473903041/medium.jpeg,Серая ворона,Corvus cornix,Серая ворона
263777872,research,https://www.inaturalist.org/observations/263777872,https://static.inaturalist.org/photos/473929658/medium.jpg,Серая ворона,Corvus cornix,Серая ворона
263979724,research,https://www.inaturalist.org/observations/263979724,https://inaturalist-open-data.s3.amazonaws.com/photos/474326785/medium.jpeg,Серая ворона,Corvus cornix,Серая ворона
264321436,research,https://www.inaturalist.org/observations/264321436,https://inaturalist-open-data.s3.amazonaws.com/photos/474764847/medium.jpeg,Серая ворона,Corvus cornix,Серая ворона
264855510,research,https://www.inaturalist.org/observations/264855510,https://inaturalist-open-data.s3.amazonaws.com/photos/475638128/medium.jpeg,Серая ворона,Corvus cornix,Серая ворона
265016279,needs_id,https://www.inaturalist.org/observations/265016279,https://inaturalist-open-data.s3.amazonaws.com/photos/475954695/medium.jpg,"",Corvus cornix,Серая ворона
265054102,research,https://www.inaturalist.org/observations/265054102,https://inaturalist-open-data.s3.amazonaws.com/photos/476026084/medium.jpeg,Серая ворона,Corvus cornix,Серая ворона
265068646,research,https://www.inaturalist.org/observations/265068646,https://inaturalist-open-data.s3.amazonaws.com/photos/476054902/medium.jpeg,Серая ворона,Corvus cornix,Серая ворона
265095473,research,https://www.inaturalist.org/observations/265095473,https://inaturalist-open-data.s3.amazonaws.com/photos/476105844/medium.jpg,Серая ворона,Corvus cornix,Серая ворона
265288350,research,https://www.inaturalist.org/observations/265288350,https://inaturalist-open-data.s3.amazonaws.com/photos/476498173/medium.jpeg,Серая ворона,Corvus cornix,Серая ворона
265291724,research,https://www.inaturalist.org/observations/265291724,https://inaturalist-open-data.s3.amazonaws.com/photos/476495884/medium.jpeg,Hooded Crow,Corvus cornix,Серая ворона
265294937,research,https://www.inaturalist.org/observations/265294937,https://inaturalist-open-data.s3.amazonaws.com/photos/476502459/medium.jpeg,Серая ворона,Corvus cornix,Серая ворона
265301504,research,https://www.inaturalist.org/observations/265301504,https://inaturalist-open-data.s3.amazonaws.com/photos/476514642/medium.jpeg,Серая ворона,Corvus cornix,Серая ворона
265310284,needs_id,https://www.inaturalist.org/observations/265310284,https://inaturalist-open-data.s3.amazonaws.com/photos/476531756/medium.jpg,"",Corvus cornix,Серая ворона
265855946,research,https://www.inaturalist.org/observations/265855946,https://inaturalist-open-data.s3.amazonaws.com/photos/477603759/medium.jpeg,Hooded Crow,Corvus cornix,Серая ворона
266240247,research,https://www.inaturalist.org/observations/266240247,https://inaturalist-open-data.s3.amazonaws.com/photos/478338337/medium.jpeg,Серая ворона,Corvus cornix,Серая ворона
266445333,needs_id,https://www.inaturalist.org/observations/266445333,https://inaturalist-open-data.s3.amazonaws.com/photos/478730403/medium.jpg,"",Corvus cornix,Серая ворона
266614808,research,https://www.inaturalist.org/observations/266614808,https://inaturalist-open-data.s3.amazonaws.com/photos/479042627/medium.jpeg,Серая ворона,Corvus cornix,Серая ворона
266728405,research,https://www.inaturalist.org/observations/266728405,https://inaturalist-open-data.s3.amazonaws.com/photos/479249615/medium.jpg,Серая ворона,Corvus cornix,Серая ворона
266744131,research,https://www.inaturalist.org/observations/266744131,https://inaturalist-open-data.s3.amazonaws.com/photos/479278978/medium.jpeg,Серая ворона,Corvus cornix,Серая ворона
266871831,research,https://www.inaturalist.org/observations/266871831,https://inaturalist-open-data.s3.amazonaws.com/photos/479525096/medium.jpg,Серая ворона,Corvus cornix,Серая ворона
267304820,research,https://www.inaturalist.org/observations/267304820,https://inaturalist-open-data.s3.amazonaws.com/photos/480357105/medium.jpg,Серая ворона,Corvus cornix,Серая ворона
267356933,research,https://www.inaturalist.org/observations/267356933,https://static.inaturalist.org/photos/480453074/medium.jpeg,Серая ворона,Corvus cornix,Серая ворона
267356939,research,https://www.inaturalist.org/observations/267356939,https://static.inaturalist.org/photos/480453089/medium.jpeg,Серая ворона,Corvus cornix,Серая ворона
267373040,research,https://www.inaturalist.org/observations/267373040,https://inaturalist-open-data.s3.amazonaws.com/photos/480481321/medium.jpeg,Серая ворона,Corvus cornix,Серая ворона
267574634,research,https://www.inaturalist.org/observations/267574634,https://inaturalist-open-data.s3.amazonaws.com/photos/480868173/medium.jpeg,Hooded Crow,Corvus cornix,Серая ворона
267685943,research,https://www.inaturalist.org/observations/267685943,https://static.inaturalist.org/photos/481088430/medium.jpeg,Серая ворона,Corvus cornix,Серая ворона
267685944,research,https://www.inaturalist.org/observations/267685944,https://static.inaturalist.org/photos/481088442/medium.jpeg,Серая ворона,Corvus cornix,Серая ворона
267685959,research,https://www.inaturalist.org/observations/267685959,https://static.inaturalist.org/photos/481088542/medium.jpeg,Серая ворона,Corvus cornix,Серая ворона
267685972,research,https://www.inaturalist.org/observations/267685972,https://static.inaturalist.org/photos/481088589/medium.jpeg,Серая ворона,Corvus cornix,Серая ворона
267686000,research,https://www.inaturalist.org/observations/267686000,https://static.inaturalist.org/photos/481088767/medium.jpeg,Серая ворона,Corvus cornix,Серая ворона
267694458,research,https://www.inaturalist.org/observations/267694458,https://static.inaturalist.org/photos/481102504/medium.jpeg,Серая ворона,Corvus cornix,Серая ворона
267694461,research,https://www.inaturalist.org/observations/267694461,https://static.inaturalist.org/photos/481102574/medium.jpeg,Серая ворона,Corvus cornix,Серая ворона
267694464,research,https://www.inaturalist.org/observations/267694464,https://static.inaturalist.org/photos/481102557/medium.jpeg,Серая ворона,Corvus cornix,Серая ворона
267694471,research,https://www.inaturalist.org/observations/267694471,https://static.inaturalist.org/photos/481102591/medium.jpeg,Серая ворона,Corvus cornix,Серая ворона
267694488,research,https://www.inaturalist.org/observations/267694488,https://static.inaturalist.org/photos/481102686/medium.jpeg,Серая ворона,Corvus cornix,Серая ворона
267694490,research,https://www.inaturalist.org/observations/267694490,https://static.inaturalist.org/photos/481102717/medium.jpeg,Серая ворона,Corvus cornix,Серая ворона
267716976,needs_id,https://www.inaturalist.org/observations/267716976,https://inaturalist-open-data.s3.amazonaws.com/photos/481144342/medium.jpg,"",Corvus cornix,Серая ворона
267922924,needs_id,https://www.inaturalist.org/observations/267922924,https://inaturalist-open-data.s3.amazonaws.com/photos/481534319/medium.jpg,"",Corvus cornix,Серая ворона
267922955,needs_id,https://www.inaturalist.org/observations/267922955,https://inaturalist-open-data.s3.amazonaws.com/photos/481534461/medium.jpg,"",Corvus cornix,Серая ворона
268008501,research,https://www.inaturalist.org/observations/268008501,https://inaturalist-open-data.s3.amazonaws.com/photos/481648116/medium.jpg,Серая ворона,Corvus cornix,Серая ворона
268743552,research,https://www.inaturalist.org/observations/268743552,https://inaturalist-open-data.s3.amazonaws.com/photos/483103970/medium.jpeg,Серая ворона,Corvus cornix,Серая ворона
268770196,research,https://www.inaturalist.org/observations/268770196,https://inaturalist-open-data.s3.amazonaws.com/photos/483152859/medium.jpeg,Серая ворона,Corvus cornix,Серая ворона
268904503,research,https://www.inaturalist.org/observations/268904503,https://inaturalist-open-data.s3.amazonaws.com/photos/483418081/medium.jpg,Серая ворона,Corvus cornix,Серая ворона
269002918,research,https://www.inaturalist.org/observations/269002918,https://inaturalist-open-data.s3.amazonaws.com/photos/483601963/medium.jpg,Серая ворона,Corvus cornix,Серая ворона
269296603,research,https://www.inaturalist.org/observations/269296603,https://inaturalist-open-data.s3.amazonaws.com/photos/484177832/medium.jpg,Серая ворона,Corvus cornix,Серая ворона
269318940,research,https://www.inaturalist.org/observations/269318940,https://inaturalist-open-data.s3.amazonaws.com/photos/484222310/medium.jpeg,Hooded Crow,Corvus cornix,Серая ворона
270622526,research,https://www.inaturalist.org/observations/270622526,https://inaturalist-open-data.s3.amazonaws.com/photos/486712848/medium.jpeg,Серая ворона,Corvus cornix,Серая ворона
270646453,research,https://www.inaturalist.org/observations/270646453,https://inaturalist-open-data.s3.amazonaws.com/photos/486758751/medium.jpg,Серая ворона,Corvus cornix,Серая ворона
270664623,research,https://www.inaturalist.org/observations/270664623,https://inaturalist-open-data.s3.amazonaws.com/photos/486792500/medium.jpeg,Hooded Crow,Corvus cornix,Серая ворона
271454922,research,https://www.inaturalist.org/observations/271454922,https://inaturalist-open-data.s3.amazonaws.com/photos/488289505/medium.jpeg,Серая ворона,Corvus cornix,Серая ворона
271886145,research,https://www.inaturalist.org/observations/271886145,https://inaturalist-open-data.s3.amazonaws.com/photos/489104955/medium.jpeg,Серая ворона,Corvus cornix,Серая ворона
271938612,research,https://www.inaturalist.org/observations/271938612,https://inaturalist-open-data.s3.amazonaws.com/photos/489207693/medium.jpeg,Серая ворона,Corvus cornix,Серая ворона
271939267,research,https://www.inaturalist.org/observations/271939267,https://inaturalist-open-data.s3.amazonaws.com/photos/489209203/medium.jpeg,Серая ворона,Corvus cornix,Серая ворона
272249399,research,https://www.inaturalist.org/observations/272249399,https://static.inaturalist.org/photos/489784039/medium.jpeg,Серая ворона,Corvus cornix,Серая ворона
272385580,research,https://www.inaturalist.org/observations/272385580,https://inaturalist-open-data.s3.amazonaws.com/photos/490047149/medium.jpeg,Серая ворона,Corvus cornix,Серая ворона
272495071,research,https://www.inaturalist.org/observations/272495071,https://inaturalist-open-data.s3.amazonaws.com/photos/490245307/medium.jpeg,Hooded Crow,Corvus cornix,Серая ворона
272650676,research,https://www.inaturalist.org/observations/272650676,https://inaturalist-open-data.s3.amazonaws.com/photos/490529221/medium.jpeg,Серая ворона,Corvus cornix,Серая ворона
274494680,research,https://www.inaturalist.org/observations/274494680,https://inaturalist-open-data.s3.amazonaws.com/photos/493468751/medium.jpg,Серая ворона,Corvus cornix,Серая ворона
274494896,research,https://www.inaturalist.org/observations/274494896,https://inaturalist-open-data.s3.amazonaws.com/photos/493469096/medium.jpg,Серая ворона,Corvus cornix,Серая ворона
277088197,research,https://www.inaturalist.org/observations/277088197,https://inaturalist-open-data.s3.amazonaws.com/photos/497548481/medium.jpg,Серая ворона,Corvus cornix,Серая ворона
277281331,research,https://www.inaturalist.org/observations/277281331,https://inaturalist-open-data.s3.amazonaws.com/photos/497897075/medium.jpeg,Серая ворона,Corvus cornix,Серая ворона
278049454,needs_id,https://www.inaturalist.org/observations/278049454,https://inaturalist-open-data.s3.amazonaws.com/photos/499257115/medium.jpg,"",Corvus cornix,Серая ворона
278166353,research,https://www.inaturalist.org/observations/278166353,https://inaturalist-open-data.s3.amazonaws.com/photos/499463163/medium.jpg,Серая ворона,Corvus cornix,Серая ворона
279736036,research,https://www.inaturalist.org/observations/279736036,https://static.inaturalist.org/photos/502348014/medium.jpeg,Серая ворона,Corvus cornix,Серая ворона
280163467,research,https://www.inaturalist.org/observations/280163467,https://inaturalist-open-data.s3.amazonaws.com/photos/503161276/medium.jpeg,Серая ворона,Corvus cornix,Серая ворона
280293879,research,https://www.inaturalist.org/observations/280293879,https://inaturalist-open-data.s3.amazonaws.com/photos/503399963/medium.jpeg,Серая ворона,Corvus cornix,Серая ворона
280460901,research,https://www.inaturalist.org/observations/280460901,https://inaturalist-open-data.s3.amazonaws.com/photos/503721599/medium.jpeg,Серая ворона,Corvus cornix,Серая ворона
280589150,research,https://www.inaturalist.org/observations/280589150,https://inaturalist-open-data.s3.amazonaws.com/photos/503959127/medium.jpeg,Hooded Crow,Corvus cornix,Серая ворона
281431276,research,https://www.inaturalist.org/observations/281431276,https://inaturalist-open-data.s3.amazonaws.com/photos/505554167/medium.jpg,Серая ворона,Corvus cornix,Серая ворона
281744193,research,https://www.inaturalist.org/observations/281744193,https://inaturalist-open-data.s3.amazonaws.com/photos/506144597/medium.jpg,Серая ворона,Corvus cornix,Серая ворона
282013326,research,https://www.inaturalist.org/observations/282013326,https://static.inaturalist.org/photos/506643568/medium.jpg,Hooded Crow,Corvus cornix,Серая ворона
282354589,research,https://www.inaturalist.org/observations/282354589,https://inaturalist-open-data.s3.amazonaws.com/photos/507280769/medium.jpg,Серая ворона,Corvus cornix,Серая ворона
282697639,research,https://www.inaturalist.org/observations/282697639,https://inaturalist-open-data.s3.amazonaws.com/photos/507913601/medium.jpg,Hooded Crow,Corvus cornix,Серая ворона
283335480,research,https://www.inaturalist.org/observations/283335480,https://inaturalist-open-data.s3.amazonaws.com/photos/509106085/medium.jpg,Серая ворона,Corvus cornix,Серая ворона
283709189,research,https://www.inaturalist.org/observations/283709189,https://inaturalist-open-data.s3.amazonaws.com/photos/509801840/medium.jpg,Серая ворона,Corvus cornix,Серая ворона
284053985,research,https://www.inaturalist.org/observations/284053985,https://inaturalist-open-data.s3.amazonaws.com/photos/510449148/medium.jpg,Серая ворона,Corvus cornix,Серая ворона
284287758,research,https://www.inaturalist.org/observations/284287758,https://inaturalist-open-data.s3.amazonaws.com/photos/510895089/medium.jpg,Серая ворона,Corvus cornix,Серая ворона
284321329,research,https://www.inaturalist.org/observations/284321329,https://inaturalist-open-data.s3.amazonaws.com/photos/510956169/medium.jpg,Серая ворона,Corvus cornix,Серая ворона
284509197,research,https://www.inaturalist.org/observations/284509197,https://inaturalist-open-data.s3.amazonaws.com/photos/511326460/medium.jpg,Серая ворона,Corvus cornix,Серая ворона
284537367,research,https://www.inaturalist.org/observations/284537367,https://inaturalist-open-data.s3.amazonaws.com/photos/511375571/medium.jpg,Серая ворона,Corvus cornix,Серая ворона
284537368,research,https://www.inaturalist.org/observations/284537368,https://inaturalist-open-data.s3.amazonaws.com/photos/511375567/medium.jpg,Серая ворона,Corvus cornix,Серая ворона
284616678,research,https://www.inaturalist.org/observations/284616678,https://inaturalist-open-data.s3.amazonaws.com/photos/511521844/medium.jpg,Серая ворона,Corvus cornix,Серая ворона
285111363,research,https://www.inaturalist.org/observations/285111363,https://inaturalist-open-data.s3.amazonaws.com/photos/512449906/medium.jpg,Серая ворона,Corvus cornix,Серая ворона
286587413,research,https://www.inaturalist.org/observations/286587413,https://static.inaturalist.org/photos/515224161/medium.jpg,Серая ворона,Corvus cornix,Серая ворона
286843883,research,https://www.inaturalist.org/observations/286843883,https://inaturalist-open-data.s3.amazonaws.com/photos/515714876/medium.jpg,Серая ворона,Corvus cornix,Серая ворона
287019931,research,https://www.inaturalist.org/observations/287019931,https://inaturalist-open-data.s3.amazonaws.com/photos/516053294/medium.jpg,Серая ворона,Corvus cornix,Серая ворона
287020514,research,https://www.inaturalist.org/observations/287020514,https://inaturalist-open-data.s3.amazonaws.com/photos/516054391/medium.jpg,Серая ворона,Corvus cornix,Серая ворона
287506137,research,https://www.inaturalist.org/observations/287506137,https://inaturalist-open-data.s3.amazonaws.com/photos/516963236/medium.jpg,Серая ворона,Corvus cornix,Серая ворона
287633522,needs_id,https://www.inaturalist.org/observations/287633522,https://inaturalist-open-data.s3.amazonaws.com/photos/517191680/medium.jpg,"",Corvus cornix,Серая ворона
287840719,research,https://www.inaturalist.org/observations/287840719,https://inaturalist-open-data.s3.amazonaws.com/photos/517587622/medium.jpg,Серая ворона,Corvus cornix,Серая ворона
288693069,research,https://www.inaturalist.org/observations/288693069,https://static.inaturalist.org/photos/519259929/medium.jpg,Hooded Crow,Corvus cornix,Серая ворона
288755610,research,https://www.inaturalist.org/observations/288755610,https://inaturalist-open-data.s3.amazonaws.com/photos/519311742/medium.jpg,Серая ворона,Corvus cornix,Серая ворона
288796071,research,https://www.inaturalist.org/observations/288796071,https://inaturalist-open-data.s3.amazonaws.com/photos/519386238/medium.jpg,Hooded Crow,Corvus cornix,Серая ворона
289264738,research,https://www.inaturalist.org/observations/289264738,https://inaturalist-open-data.s3.amazonaws.com/photos/520266209/medium.jpg,Серая ворона,Corvus cornix,Серая ворона
289615943,research,https://www.inaturalist.org/observations/289615943,https://inaturalist-open-data.s3.amazonaws.com/photos/520921341/medium.jpg,Серая ворона,Corvus cornix,Серая ворона
289662184,research,https://www.inaturalist.org/observations/289662184,https://inaturalist-open-data.s3.amazonaws.com/photos/521006982/medium.jpg,Серая ворона,Corvus cornix,Серая ворона
289664735,research,https://www.inaturalist.org/observations/289664735,https://inaturalist-open-data.s3.amazonaws.com/photos/521011876/medium.jpg,Серая ворона,Corvus cornix,Серая ворона
289665015,research,https://www.inaturalist.org/observations/289665015,https://inaturalist-open-data.s3.amazonaws.com/photos/521012247/medium.jpg,Серая ворона,Corvus cornix,Серая ворона
289669349,research,https://www.inaturalist.org/observations/289669349,https://inaturalist-open-data.s3.amazonaws.com/photos/521019877/medium.jpg,Серая ворона,Corvus cornix,Серая ворона
289669421,research,https://www.inaturalist.org/observations/289669421,https://inaturalist-open-data.s3.amazonaws.com/photos/521020068/medium.jpg,Серая ворона,Corvus cornix,Серая ворона
289902886,research,https://www.inaturalist.org/observations/289902886,https://inaturalist-open-data.s3.amazonaws.com/photos/521459733/medium.jpg,Серая ворона,Corvus cornix,Серая ворона
290647584,research,https://www.inaturalist.org/observations/290647584,https://inaturalist-open-data.s3.amazonaws.com/photos/522876904/medium.jpg,Серая ворона,Corvus cornix,Серая ворона
290673423,research,https://www.inaturalist.org/observations/290673423,https://inaturalist-open-data.s3.amazonaws.com/photos/522924502/medium.jpg,Başlıklı karga,Corvus cornix,Серая ворона
290727283,research,https://www.inaturalist.org/observations/290727283,https://inaturalist-open-data.s3.amazonaws.com/photos/523021790/medium.jpg,Hooded Crow,Corvus cornix,Серая ворона
290988618,research,https://www.inaturalist.org/observations/290988618,https://inaturalist-open-data.s3.amazonaws.com/photos/523511039/medium.jpg,Серая ворона,Corvus cornix,Серая ворона
291404210,research,https://www.inaturalist.org/observations/291404210,https://inaturalist-open-data.s3.amazonaws.com/photos/524303468/medium.jpg,Серая ворона,Corvus cornix,Серая ворона
291410217,research,https://www.inaturalist.org/observations/291410217,https://inaturalist-open-data.s3.amazonaws.com/photos/524314686/medium.jpg,Серая ворона,Corvus cornix,Серая ворона
293107803,research,https://www.inaturalist.org/observations/293107803,https://inaturalist-open-data.s3.amazonaws.com/photos/527530022/medium.jpg,Серая ворона,Corvus cornix,Серая ворона
293337436,research,https://www.inaturalist.org/observations/293337436,https://inaturalist-open-data.s3.amazonaws.com/photos/527967030/medium.jpg,Серая ворона,Corvus cornix,Серая ворона
293557234,research,https://www.inaturalist.org/observations/293557234,https://inaturalist-open-data.s3.amazonaws.com/photos/528370343/medium.jpg,Серая ворона,Corvus cornix,Серая ворона
293743865,research,https://www.inaturalist.org/observations/293743865,https://inaturalist-open-data.s3.amazonaws.com/photos/528668496/medium.jpg,Серая ворона,Corvus cornix,Серая ворона
293837041,research,https://www.inaturalist.org/observations/293837041,https://inaturalist-open-data.s3.amazonaws.com/photos/528839149/medium.jpg,Серая ворона,Corvus cornix,Серая ворона
293880958,research,https://www.inaturalist.org/observations/293880958,https://inaturalist-open-data.s3.amazonaws.com/photos/528922193/medium.jpg,Серая ворона,Corvus cornix,Серая ворона
293881090,research,https://www.inaturalist.org/observations/293881090,https://inaturalist-open-data.s3.amazonaws.com/photos/528922481/medium.jpg,Серая ворона,Corvus cornix,Серая ворона
294058579,research,https://www.inaturalist.org/observations/294058579,https://inaturalist-open-data.s3.amazonaws.com/photos/529259368/medium.jpg,Серая ворона,Corvus cornix,Серая ворона
294058753,research,https://www.inaturalist.org/observations/294058753,https://inaturalist-open-data.s3.amazonaws.com/photos/529259780/medium.jpg,Серая ворона,Corvus cornix,Серая ворона
294059423,research,https://www.inaturalist.org/observations/294059423,https://inaturalist-open-data.s3.amazonaws.com/photos/529261002/medium.jpg,Серая ворона,Corvus cornix,Серая ворона
294908753,research,https://www.inaturalist.org/observations/294908753,https://inaturalist-open-data.s3.amazonaws.com/photos/530863599/medium.jpg,Серая ворона,Corvus cornix,Серая ворона
295143615,research,https://www.inaturalist.org/observations/295143615,https://inaturalist-open-data.s3.amazonaws.com/photos/531300750/medium.jpg,Hooded Crow,Corvus cornix,Серая ворона
295324485,research,https://www.inaturalist.org/observations/295324485,https://inaturalist-open-data.s3.amazonaws.com/photos/531646149/medium.jpg,Серая ворона,Corvus cornix,Серая ворона
296467460,research,https://www.inaturalist.org/observations/296467460,https://inaturalist-open-data.s3.amazonaws.com/photos/533828130/medium.jpg,Серая ворона,Corvus cornix,Серая ворона
296543935,research,https://www.inaturalist.org/observations/296543935,https://inaturalist-open-data.s3.amazonaws.com/photos/533968536/medium.jpg,Серая ворона,Corvus cornix,Серая ворона
296595556,research,https://www.inaturalist.org/observations/296595556,https://static.inaturalist.org/photos/534056908/medium.jpg,Серая ворона,Corvus cornix,Серая ворона
296595557,research,https://www.inaturalist.org/observations/296595557,https://static.inaturalist.org/photos/534056899/medium.jpg,Серая ворона,Corvus cornix,Серая ворона
296595565,research,https://www.inaturalist.org/observations/296595565,https://static.inaturalist.org/photos/534056926/medium.jpg,Серая ворона,Corvus cornix,Серая ворона
296595596,research,https://www.inaturalist.org/observations/296595596,https://static.inaturalist.org/photos/534057050/medium.jpg,Серая ворона,Corvus cornix,Серая ворона
296780981,research,https://www.inaturalist.org/observations/296780981,https://inaturalist-open-data.s3.amazonaws.com/photos/534424691/medium.jpg,Серая ворона,Corvus cornix,Серая ворона
296800223,research,https://www.inaturalist.org/observations/296800223,https://inaturalist-open-data.s3.amazonaws.com/photos/534460622/medium.jpg,Hooded Crow,Corvus cornix,Серая ворона
296800602,research,https://www.inaturalist.org/observations/296800602,https://inaturalist-open-data.s3.amazonaws.com/photos/534461343/medium.jpg,Hooded Crow,Corvus cornix,Серая ворона
297261205,research,https://www.inaturalist.org/observations/297261205,https://inaturalist-open-data.s3.amazonaws.com/photos/535340759/medium.jpg,Серая ворона,Corvus cornix,Серая ворона
297708697,research,https://www.inaturalist.org/observations/297708697,https://inaturalist-open-data.s3.amazonaws.com/photos/536177445/medium.jpg,Серая ворона,Corvus cornix,Серая ворона
297836497,research,https://www.inaturalist.org/observations/297836497,https://inaturalist-open-data.s3.amazonaws.com/photos/536425168/medium.jpg,Серая ворона,Corvus cornix,Серая ворона
297836503,research,https://www.inaturalist.org/observations/297836503,https://inaturalist-open-data.s3.amazonaws.com/photos/536425196/medium.jpg,Серая ворона,Corvus cornix,Серая ворона
298740974,research,https://www.inaturalist.org/observations/298740974,https://inaturalist-open-data.s3.amazonaws.com/photos/538148015/medium.jpg,Hooded Crow,Corvus cornix,Серая ворона
298942844,research,https://www.inaturalist.org/observations/298942844,https://inaturalist-open-data.s3.amazonaws.com/photos/538533559/medium.jpg,Серая ворона,Corvus cornix,Серая ворона
298944207,research,https://www.inaturalist.org/observations/298944207,https://inaturalist-open-data.s3.amazonaws.com/photos/538536141/medium.jpg,Серая ворона,Corvus cornix,Серая ворона
299673129,research,https://www.inaturalist.org/observations/299673129,https://inaturalist-open-data.s3.amazonaws.com/photos/539892714/medium.jpg,Серая ворона,Corvus cornix,Серая ворона
300197635,research,https://www.inaturalist.org/observations/300197635,https://inaturalist-open-data.s3.amazonaws.com/photos/540872628/medium.jpg,Hooded Crow,Corvus cornix,Серая ворона
300197964,research,https://www.inaturalist.org/observations/300197964,https://inaturalist-open-data.s3.amazonaws.com/photos/540873245/medium.jpg,Hooded Crow,Corvus cornix,Серая ворона
300754408,research,https://www.inaturalist.org/observations/300754408,https://inaturalist-open-data.s3.amazonaws.com/photos/541912603/medium.jpg,Серая ворона,Corvus cornix,Серая ворона
300770548,research,https://www.inaturalist.org/observations/300770548,https://inaturalist-open-data.s3.amazonaws.com/photos/541943870/medium.jpg,Hooded Crow,Corvus cornix,Серая ворона
301278466,research,https://www.inaturalist.org/observations/301278466,https://inaturalist-open-data.s3.amazonaws.com/photos/542884790/medium.jpg,Серая ворона,Corvus cornix,Серая ворона
301350067,research,https://www.inaturalist.org/observations/301350067,https://inaturalist-open-data.s3.amazonaws.com/photos/543019707/medium.jpg,Серая ворона,Corvus cornix,Серая ворона
302459593,research,https://www.inaturalist.org/observations/302459593,https://inaturalist-open-data.s3.amazonaws.com/photos/545078530/medium.jpg,Серая ворона,Corvus cornix,Серая ворона
302618308,research,https://www.inaturalist.org/observations/302618308,https://inaturalist-open-data.s3.amazonaws.com/photos/545386007/medium.jpg,Серая ворона,Corvus cornix,Серая ворона
302618310,research,https://www.inaturalist.org/observations/302618310,https://inaturalist-open-data.s3.amazonaws.com/photos/545386822/medium.jpg,Серая ворона,Corvus cornix,Серая ворона
302643437,research,https://www.inaturalist.org/observations/302643437,https://inaturalist-open-data.s3.amazonaws.com/photos/545435710/medium.jpg,Hooded Crow,Corvus cornix,Серая ворона
302658834,research,https://www.inaturalist.org/observations/302658834,https://inaturalist-open-data.s3.amazonaws.com/photos/545464823/medium.jpg,Hooded Crow,Corvus cornix,Серая ворона
303078029,research,https://www.inaturalist.org/observations/303078029,https://inaturalist-open-data.s3.amazonaws.com/photos/546249118/medium.jpg,Hooded Crow,Corvus cornix,Серая ворона
303362161,research,https://www.inaturalist.org/observations/303362161,https://static.inaturalist.org/photos/546776105/medium.jpg,Серая ворона,Corvus cornix,Серая ворона
304012821,research,https://www.inaturalist.org/observations/304012821,https://inaturalist-open-data.s3.amazonaws.com/photos/548009862/medium.jpg,Серая ворона,Corvus cornix,Серая ворона
304015028,research,https://www.inaturalist.org/observations/304015028,https://inaturalist-open-data.s3.amazonaws.com/photos/548014095/medium.jpg,Серая ворона,Corvus cornix,Серая ворона
304352168,research,https://www.inaturalist.org/observations/304352168,https://inaturalist-open-data.s3.amazonaws.com/photos/548658488/medium.jpg,Серая ворона,Corvus cornix,Серая ворона
304354509,research,https://www.inaturalist.org/observations/304354509,https://inaturalist-open-data.s3.amazonaws.com/photos/548662961/medium.jpg,Серая ворона,Corvus cornix,Серая ворона
306030272,research,https://www.inaturalist.org/observations/306030272,https://inaturalist-open-data.s3.amazonaws.com/photos/551838804/medium.jpg,Серая ворона,Corvus cornix,Серая ворона
306075102,research,https://www.inaturalist.org/observations/306075102,https://inaturalist-open-data.s3.amazonaws.com/photos/551924047/medium.jpg,Hooded Crow,Corvus cornix,Серая ворона
306715848,research,https://www.inaturalist.org/observations/306715848,https://inaturalist-open-data.s3.amazonaws.com/photos/553148784/medium.jpg,Серая ворона,Corvus cornix,Серая ворона
306716226,research,https://www.inaturalist.org/observations/306716226,https://inaturalist-open-data.s3.amazonaws.com/photos/553149615/medium.jpg,Серая ворона,Corvus cornix,Серая ворона
307079395,research,https://www.inaturalist.org/observations/307079395,https://inaturalist-open-data.s3.amazonaws.com/photos/553836161/medium.jpg,Серая ворона,Corvus cornix,Серая ворона
309055708,research,https://www.inaturalist.org/observations/309055708,https://inaturalist-open-data.s3.amazonaws.com/photos/557648613/medium.jpg,Серая ворона,Corvus cornix,Серая ворона
310984753,research,https://www.inaturalist.org/observations/310984753,https://inaturalist-open-data.s3.amazonaws.com/photos/561332740/medium.jpg,Hooded Crow,Corvus cornix,Серая ворона
310984944,research,https://www.inaturalist.org/observations/310984944,https://inaturalist-open-data.s3.amazonaws.com/photos/561333171/medium.jpg,Hooded Crow,Corvus cornix,Серая ворона
311425638,research,https://www.inaturalist.org/observations/311425638,https://inaturalist-open-data.s3.amazonaws.com/photos/562186331/medium.jpg,Серая ворона,Corvus cornix,Серая ворона
311521495,research,https://www.inaturalist.org/observations/311521495,https://inaturalist-open-data.s3.amazonaws.com/photos/562364929/medium.jpg,Hooded Crow,Corvus cornix,Серая ворона
311521665,research,https://www.inaturalist.org/observations/311521665,https://inaturalist-open-data.s3.amazonaws.com/photos/562365312/medium.jpg,Hooded Crow,Corvus cornix,Серая ворона
311523229,research,https://www.inaturalist.org/observations/311523229,https://inaturalist-open-data.s3.amazonaws.com/photos/562367786/medium.jpg,Hooded Crow,Corvus cornix,Серая ворона
312951871,research,https://www.inaturalist.org/observations/312951871,https://inaturalist-open-data.s3.amazonaws.com/photos/565096289/medium.jpg,Серая ворона,Corvus cornix,Серая ворона
313391027,research,https://www.inaturalist.org/observations/313391027,https://inaturalist-open-data.s3.amazonaws.com/photos/565935288/medium.jpg,Hooded Crow,Corvus cornix,Серая ворона
313794499,research,https://www.inaturalist.org/observations/313794499,https://inaturalist-open-data.s3.amazonaws.com/photos/566705191/medium.jpg,Серая ворона,Corvus cornix,Серая ворона
313796224,research,https://www.inaturalist.org/observations/313796224,https://inaturalist-open-data.s3.amazonaws.com/photos/566708447/medium.jpg,Серая ворона,Corvus cornix,Серая ворона
314366747,research,https://www.inaturalist.org/observations/314366747,https://inaturalist-open-data.s3.amazonaws.com/photos/567801432/medium.jpg,Hooded Crow,Corvus cornix,Серая ворона
314839973,research,https://www.inaturalist.org/observations/314839973,https://inaturalist-open-data.s3.amazonaws.com/photos/568685395/medium.jpg,Hooded Crow,Corvus cornix,Серая ворона
314845301,research,https://www.inaturalist.org/observations/314845301,https://inaturalist-open-data.s3.amazonaws.com/photos/568695483/medium.jpg,Hooded Crow,Corvus cornix,Серая ворона
315251839,research,https://www.inaturalist.org/observations/315251839,https://inaturalist-open-data.s3.amazonaws.com/photos/569484298/medium.jpg,Hooded Crow,Corvus cornix,Серая ворона
316119511,research,https://www.inaturalist.org/observations/316119511,https://inaturalist-open-data.s3.amazonaws.com/photos/571118423/medium.jpg,Hooded Crow,Corvus cornix,Серая ворона
316341397,research,https://www.inaturalist.org/observations/316341397,https://inaturalist-open-data.s3.amazonaws.com/photos/571536079/medium.jpg,Серая ворона,Corvus cornix,Серая ворона
316796586,research,https://www.inaturalist.org/observations/316796586,https://inaturalist-open-data.s3.amazonaws.com/photos/572391514/medium.jpg,Hooded Crow,Corvus cornix,Серая ворона
317364040,research,https://www.inaturalist.org/observations/317364040,https://inaturalist-open-data.s3.amazonaws.com/photos/573461402/medium.jpg,Серая ворона,Corvus cornix,Серая ворона
318218525,research,https://www.inaturalist.org/observations/318218525,https://inaturalist-open-data.s3.amazonaws.com/photos/575099868/medium.jpg,Серая ворона,Corvus cornix,Серая ворона
318261707,research,https://www.inaturalist.org/observations/318261707,https://static.inaturalist.org/photos/575178193/medium.jpg,Corneille mantelée,Corvus cornix,Серая ворона
319334939,research,https://www.inaturalist.org/observations/319334939,https://static.inaturalist.org/photos/577236836/medium.jpg,Серая ворона,Corvus cornix,Серая ворона
319579035,research,https://www.inaturalist.org/observations/319579035,https://inaturalist-open-data.s3.amazonaws.com/photos/577702025/medium.jpg,Серая ворона,Corvus cornix,Серая ворона
319619486,research,https://www.inaturalist.org/observations/319619486,https://inaturalist-open-data.s3.amazonaws.com/photos/577777725/medium.jpg,Серая ворона,Corvus cornix,Серая ворона
319824656,research,https://www.inaturalist.org/observations/319824656,https://inaturalist-open-data.s3.amazonaws.com/photos/578173833/medium.jpg,Hooded Crow,Corvus cornix,Серая ворона
320164284,research,https://www.inaturalist.org/observations/320164284,https://static.inaturalist.org/photos/578830226/medium.jpg,Hooded Crow,Corvus cornix,Серая ворона
321039022,research,https://www.inaturalist.org/observations/321039022,https://inaturalist-open-data.s3.amazonaws.com/photos/580546136/medium.jpg,Серая ворона,Corvus cornix,Серая ворона
321258102,research,https://www.inaturalist.org/observations/321258102,https://inaturalist-open-data.s3.amazonaws.com/photos/580970398/medium.jpg,Серая ворона,Corvus cornix,Серая ворона
321444176,research,https://www.inaturalist.org/observations/321444176,https://inaturalist-open-data.s3.amazonaws.com/photos/581339228/medium.jpg,Hooded Crow,Corvus cornix,Серая ворона
321905872,research,https://www.inaturalist.org/observations/321905872,https://inaturalist-open-data.s3.amazonaws.com/photos/582229337/medium.jpg,Серая ворона,Corvus cornix,Серая ворона
322052131,research,https://www.inaturalist.org/observations/322052131,https://inaturalist-open-data.s3.amazonaws.com/photos/582527669/medium.jpg,Серая ворона,Corvus cornix,Серая ворона
322416008,research,https://www.inaturalist.org/observations/322416008,https://inaturalist-open-data.s3.amazonaws.com/photos/583257573/medium.jpg,Hooded Crow,Corvus cornix,Серая ворона
322546404,research,https://www.inaturalist.org/observations/322546404,https://inaturalist-open-data.s3.amazonaws.com/photos/583515814/medium.jpg,Hooded Crow,Corvus cornix,Серая ворона
322589117,research,https://www.inaturalist.org/observations/322589117,https://inaturalist-open-data.s3.amazonaws.com/photos/583601054/medium.jpg,Hooded Crow,Corvus cornix,Серая ворона
323171286,research,https://www.inaturalist.org/observations/323171286,https://inaturalist-open-data.s3.amazonaws.com/photos/584744830/medium.jpg,Серая ворона,Corvus cornix,Серая ворона
324128045,research,https://www.inaturalist.org/observations/324128045,https://inaturalist-open-data.s3.amazonaws.com/photos/586605801/medium.jpg,Hooded Crow,Corvus cornix,Серая ворона
324154537,research,https://www.inaturalist.org/observations/324154537,https://inaturalist-open-data.s3.amazonaws.com/photos/586638079/medium.jpg,Серая ворона,Corvus cornix,Серая ворона
324154558,research,https://www.inaturalist.org/observations/324154558,https://inaturalist-open-data.s3.amazonaws.com/photos/586638148/medium.jpg,Серая ворона,Corvus cornix,Серая ворона
324669130,research,https://www.inaturalist.org/observations/324669130,https://inaturalist-open-data.s3.amazonaws.com/photos/587686412/medium.jpg,Серая ворона,Corvus cornix,Серая ворона
325383964,research,https://www.inaturalist.org/observations/325383964,https://inaturalist-open-data.s3.amazonaws.com/photos/589117022/medium.jpg,Серая ворона,Corvus cornix,Серая ворона
325384216,research,https://www.inaturalist.org/observations/325384216,https://inaturalist-open-data.s3.amazonaws.com/photos/589117584/medium.jpg,Серая ворона,Corvus cornix,Серая ворона
325699123,research,https://www.inaturalist.org/observations/325699123,https://inaturalist-open-data.s3.amazonaws.com/photos/589744171/medium.jpg,Серая ворона,Corvus cornix,Серая ворона
326222596,research,https://www.inaturalist.org/observations/326222596,https://inaturalist-open-data.s3.amazonaws.com/photos/590787980/medium.jpg,Серая ворона,Corvus cornix,Серая ворона
326350415,research,https://www.inaturalist.org/observations/326350415,https://inaturalist-open-data.s3.amazonaws.com/photos/591041249/medium.jpg,Hooded Crow,Corvus cornix,Серая ворона
326578588,research,https://www.inaturalist.org/observations/326578588,https://static.inaturalist.org/photos/591500109/medium.jpg,Серая ворона,Corvus cornix,Серая ворона
326942689,research,https://www.inaturalist.org/observations/326942689,https://inaturalist-open-data.s3.amazonaws.com/photos/592225238/medium.jpg,Серая ворона,Corvus cornix,Серая ворона
327273016,research,https://www.inaturalist.org/observations/327273016,https://inaturalist-open-data.s3.amazonaws.com/photos/592882283/medium.jpg,Hooded Crow,Corvus cornix,Серая ворона
327369970,research,https://www.inaturalist.org/observations/327369970,https://inaturalist-open-data.s3.amazonaws.com/photos/593076178/medium.jpg,Серая ворона,Corvus cornix,Серая ворона
328005656,research,https://www.inaturalist.org/observations/328005656,https://inaturalist-open-data.s3.amazonaws.com/photos/594286648/medium.jpg,Серая ворона,Corvus cornix,Серая ворона
328061466,research,https://www.inaturalist.org/observations/328061466,https://inaturalist-open-data.s3.amazonaws.com/photos/594396865/medium.jpg,Серая ворона,Corvus cornix,Серая ворона
328612776,research,https://www.inaturalist.org/observations/328612776,https://inaturalist-open-data.s3.amazonaws.com/photos/595507930/medium.jpg,Серая ворона,Corvus cornix,Серая ворона
328976063,research,https://www.inaturalist.org/observations/328976063,https://inaturalist-open-data.s3.amazonaws.com/photos/596237137/medium.jpg,Серая ворона,Corvus cornix,Серая ворона
329065090,research,https://www.inaturalist.org/observations/329065090,https://inaturalist-open-data.s3.amazonaws.com/photos/596416575/medium.jpg,Серая ворона,Corvus cornix,Серая ворона
329945248,research,https://www.inaturalist.org/observations/329945248,https://inaturalist-open-data.s3.amazonaws.com/photos/598192253/medium.jpg,Серая ворона,Corvus cornix,Серая ворона
330101416,research,https://www.inaturalist.org/observations/330101416,https://inaturalist-open-data.s3.amazonaws.com/photos/598508378/medium.jpg,Серая ворона,Corvus cornix,Серая ворона
330370514,research,https://www.inaturalist.org/observations/330370514,https://inaturalist-open-data.s3.amazonaws.com/photos/599057653/medium.jpg,Серая ворона,Corvus cornix,Серая ворона
330370518,research,https://www.inaturalist.org/observations/330370518,https://inaturalist-open-data.s3.amazonaws.com/photos/599057651/medium.jpg,Серая ворона,Corvus cornix,Серая ворона
330447441,research,https://www.inaturalist.org/observations/330447441,https://static.inaturalist.org/photos/599215422/medium.jpg,Серая ворона,Corvus cornix,Серая ворона
330566583,research,https://www.inaturalist.org/observations/330566583,https://inaturalist-open-data.s3.amazonaws.com/photos/599462940/medium.jpg,Серая ворона,Corvus cornix,Серая ворона
330848261,research,https://www.inaturalist.org/observations/330848261,https://inaturalist-open-data.s3.amazonaws.com/photos/600041140/medium.jpg,Серая ворона,Corvus cornix,Серая ворона
330863497,research,https://www.inaturalist.org/observations/330863497,https://static.inaturalist.org/photos/600072550/medium.jpg,Серая ворона,Corvus cornix,Серая ворона
330950241,research,https://www.inaturalist.org/observations/330950241,https://inaturalist-open-data.s3.amazonaws.com/photos/600253126/medium.jpg,Серая ворона,Corvus cornix,Серая ворона
330988442,research,https://www.inaturalist.org/observations/330988442,https://inaturalist-open-data.s3.amazonaws.com/photos/600335738/medium.jpg,Hooded Crow,Corvus cornix,Серая ворона
330988684,research,https://www.inaturalist.org/observations/330988684,https://inaturalist-open-data.s3.amazonaws.com/photos/600336131/medium.jpg,Hooded Crow,Corvus cornix,Серая ворона
331086839,research,https://www.inaturalist.org/observations/331086839,https://inaturalist-open-data.s3.amazonaws.com/photos/600536748/medium.jpg,Серая ворона,Corvus cornix,Серая ворона
331099158,research,https://www.inaturalist.org/observations/331099158,https://inaturalist-open-data.s3.amazonaws.com/photos/600562549/medium.jpg,Серая ворона,Corvus cornix,Серая ворона
331305271,research,https://www.inaturalist.org/observations/331305271,https://inaturalist-open-data.s3.amazonaws.com/photos/600989880/medium.jpg,Серая ворона,Corvus cornix,Серая ворона
331403603,research,https://www.inaturalist.org/observations/331403603,https://static.inaturalist.org/photos/601189115/medium.jpg,Серая ворона,Corvus cornix,Серая ворона
331403606,research,https://www.inaturalist.org/observations/331403606,https://static.inaturalist.org/photos/601189132/medium.jpg,Серая ворона,Corvus cornix,Серая ворона
331403609,research,https://www.inaturalist.org/observations/331403609,https://static.inaturalist.org/photos/601189147/medium.jpg,Серая ворона,Corvus cornix,Серая ворона
331403614,research,https://www.inaturalist.org/observations/331403614,https://static.inaturalist.org/photos/601189158/medium.jpg,Серая ворона,Corvus cornix,Серая ворона
331403618,research,https://www.inaturalist.org/observations/331403618,https://static.inaturalist.org/photos/601189168/medium.jpg,Серая ворона,Corvus cornix,Серая ворона
331403620,research,https://www.inaturalist.org/observations/331403620,https://static.inaturalist.org/photos/601189171/medium.jpg,Серая ворона,Corvus cornix,Серая ворона
