id,quality_grade,url,image_url,species_guess,scientific_name,common_name
14564928,research,https://www.inaturalist.org/observations/14564928,https://static.inaturalist.org/photos/21701448/medium.jpg,Herring Gull,Larus argentatus,Серебристая чайка
15776266,research,https://www.inaturalist.org/observations/15776266,https://static.inaturalist.org/photos/23571931/medium.jpg,Herring Gull,Larus argentatus,Серебристая чайка
17361535,research,https://www.inaturalist.org/observations/17361535,https://inaturalist-open-data.s3.amazonaws.com/photos/26365355/medium.jpg,Herring Gull,Larus argentatus,Серебристая чайка
18168900,research,https://www.inaturalist.org/observations/18168900,https://inaturalist-open-data.s3.amazonaws.com/photos/27771794/medium.jpeg,Herring Gull,Larus argentatus,Серебристая чайка
18168901,research,https://www.inaturalist.org/observations/18168901,https://inaturalist-open-data.s3.amazonaws.com/photos/27771822/medium.jpeg,Herring Gull,Larus argentatus,Серебристая чайка
18168903,research,https://www.inaturalist.org/observations/18168903,https://inaturalist-open-data.s3.amazonaws.com/photos/27771827/medium.jpeg,Herring Gull,Larus argentatus,Серебристая чайка
19571877,research,https://www.inaturalist.org/observations/19571877,https://inaturalist-open-data.s3.amazonaws.com/photos/30127679/medium.jpg,Herring Gull,Larus argentatus,Серебристая чайка
19804208,research,https://www.inaturalist.org/observations/19804208,https://inaturalist-open-data.s3.amazonaws.com/photos/30525438/medium.jpg,Herring Gull,Larus argentatus,Серебристая чайка
20166464,research,https://www.inaturalist.org/observations/20166464,https://inaturalist-open-data.s3.amazonaws.com/photos/31112448/medium.jpeg,Herring Gull,Larus argentatus,Серебристая чайка
20380131,research,https://www.inaturalist.org/observations/20380131,https://inaturalist-open-data.s3.amazonaws.com/photos/31473948/medium.jpeg,Herring Gull,Larus argentatus,Серебристая чайка
21071777,research,https://www.inaturalist.org/observations/21071777,https://inaturalist-open-data.s3.amazonaws.com/photos/32558430/medium.jpg,Серебристая Чайка,Larus argentatus,Серебристая чайка
22547579,research,https://www.inaturalist.org/observations/22547579,https://inaturalist-open-data.s3.amazonaws.com/photos/34934176/medium.jpg,Серебристая чайка,Larus argentatus,Серебристая чайка
27140136,research,https://www.inaturalist.org/observations/27140136,https://inaturalist-open-data.s3.amazonaws.com/photos/42197024/medium.jpg,Silbermöwe,Larus argentatus,Серебристая чайка
28652805,research,https://www.inaturalist.org/observations/28652805,https://static.inaturalist.org/photos/44680111/medium.jpeg,Серебристая чайка,Larus argentatus,Серебристая чайка
29043990,research,https://www.inaturalist.org/observations/29043990,https://inaturalist-open-data.s3.amazonaws.com/photos/45311308/medium.jpg,Серебристая чайка,Larus argentatus,Серебристая чайка
29091170,needs_id,https://www.inaturalist.org/observations/29091170,https://inaturalist-open-data.s3.amazonaws.com/photos/45386415/medium.jpeg,Серебристая чайка,Larus argentatus,Серебристая чайка
31331074,research,https://www.inaturalist.org/observations/31331074,https://inaturalist-open-data.s3.amazonaws.com/photos/49027791/medium.jpg,Серебристая чайка,Larus argentatus,Серебристая чайка
33701460,research,https://www.inaturalist.org/observations/33701460,https://inaturalist-open-data.s3.amazonaws.com/photos/52959210/medium.jpeg,Goéland argenté,Larus argentatus,Серебристая чайка
33819840,research,https://www.inaturalist.org/observations/33819840,https://inaturalist-open-data.s3.amazonaws.com/photos/53158678/medium.jpg,Silbermöwe,Larus argentatus,Серебристая чайка
34530207,research,https://www.inaturalist.org/observations/34530207,https://static.inaturalist.org/photos/54355780/medium.jpg,Herring Gull,Larus argentatus,Серебристая чайка
35481581,research,https://www.inaturalist.org/observations/35481581,https://inaturalist-open-data.s3.amazonaws.com/photos/55950893/medium.jpeg,Серебристая чайка,Larus argentatus,Серебристая чайка
37267736,research,https://www.inaturalist.org/observations/37267736,https://inaturalist-open-data.s3.amazonaws.com/photos/59050673/medium.jpeg,Серебристая чайка,Larus argentatus,Серебристая чайка
37451156,research,https://www.inaturalist.org/observations/37451156,https://inaturalist-open-data.s3.amazonaws.com/photos/59373402/medium.jpeg,Herring Gull,Larus argentatus,Серебристая чайка
37451366,research,https://www.inaturalist.org/observations/37451366,https://inaturalist-open-data.s3.amazonaws.com/photos/59373817/medium.jpeg,Zilvermeeuw,Larus argentatus,Серебристая чайка
37451676,research,https://www.inaturalist.org/observations/37451676,https://inaturalist-open-data.s3.amazonaws.com/photos/59373995/medium.jpeg,Zilvermeeuw,Larus argentatus,Серебристая чайка
37451708,research,https://www.inaturalist.org/observations/37451708,https://inaturalist-open-data.s3.amazonaws.com/photos/59374268/medium.jpeg,Zilvermeeuw,Larus argentatus,Серебристая чайка
37813736,research,https://www.inaturalist.org/observations/37813736,https://inaturalist-open-data.s3.amazonaws.com/photos/60022195/medium.jpg,Herring Gull,Larus argentatus,Серебристая чайка
38113767,research,https://www.inaturalist.org/observations/38113767,https://static.inaturalist.org/photos/60528962/medium.jpeg,Серебристая чайка,Larus argentatus,Серебристая чайка
39211811,research,https://www.inaturalist.org/observations/39211811,https://inaturalist-open-data.s3.amazonaws.com/photos/62179129/medium.jpg,Herring Gull,Larus argentatus,Серебристая чайка
39532784,research,https://www.inaturalist.org/observations/39532784,https://inaturalist-open-data.s3.amazonaws.com/photos/62729099/medium.jpg,Серебристая чайка,Larus argentatus,Серебристая чайка
40135147,research,https://www.inaturalist.org/observations/40135147,https://inaturalist-open-data.s3.amazonaws.com/photos/63749534/medium.jpg,Серебристая чайка,Larus argentatus,Серебристая чайка
40135158,research,https://www.inaturalist.org/observations/40135158,https://inaturalist-open-data.s3.amazonaws.com/photos/63749578/medium.jpg,Серебристая чайка,Larus argentatus,Серебристая чайка
40632330,research,https://www.inaturalist.org/observations/40632330,https://inaturalist-open-data.s3.amazonaws.com/photos/64405516/medium.jpg,Серебристая чайка,Larus argentatus,Серебристая чайка
40696474,research,https://www.inaturalist.org/observations/40696474,https://inaturalist-open-data.s3.amazonaws.com/photos/64513348/medium.jpg,Gabbiano reale nordico,Larus argentatus,Серебристая чайка
40696492,research,https://www.inaturalist.org/observations/40696492,https://inaturalist-open-data.s3.amazonaws.com/photos/64513412/medium.jpg,Gabbiano reale nordico,Larus argentatus,Серебристая чайка
40953004,research,https://www.inaturalist.org/observations/40953004,https://inaturalist-open-data.s3.amazonaws.com/photos/64933141/medium.jpg,Goéland argenté,Larus argentatus,Серебристая чайка
40973579,research,https://www.inaturalist.org/observations/40973579,https://inaturalist-open-data.s3.amazonaws.com/photos/64968208/medium.jpg,Herring Gull,Larus argentatus,Серебристая чайка
41217768,research,https://www.inaturalist.org/observations/41217768,https://inaturalist-open-data.s3.amazonaws.com/photos/65367916/medium.jpg,Goéland argenté,Larus argentatus,Серебристая чайка
41824566,research,https://www.inaturalist.org/observations/41824566,https://inaturalist-open-data.s3.amazonaws.com/photos/66365611/medium.jpg,Серебристая чайка,Larus argentatus,Серебристая чайка
41824584,research,https://www.inaturalist.org/observations/41824584,https://inaturalist-open-data.s3.amazonaws.com/photos/66365643/medium.jpg,Серебристая чайка,Larus argentatus,Серебристая чайка
41927316,research,https://www.inaturalist.org/observations/41927316,https://inaturalist-open-data.s3.amazonaws.com/photos/66535472/medium.jpeg,Серебристая чайка,Larus argentatus,Серебристая чайка
42169727,research,https://www.inaturalist.org/observations/42169727,https://inaturalist-open-data.s3.amazonaws.com/photos/66942643/medium.jpg,Goéland argenté,Larus argentatus,Серебристая чайка
42316609,needs_id,https://www.inaturalist.org/observations/42316609,https://inaturalist-open-data.s3.amazonaws.com/photos/67185441/medium.jpg,Серебристая Чайка,Larus argentatus,Серебристая чайка
44463642,research,https://www.inaturalist.org/observations/44463642,https://static.inaturalist.org/photos/70498796/medium.jpg,Серебристая чайка,Larus argentatus,Серебристая чайка
44844616,research,https://www.inaturalist.org/observations/44844616,https://inaturalist-open-data.s3.amazonaws.com/photos/71093784/medium.jpeg,Серебристая чайка,Larus argentatus,Серебристая чайка
45101904,research,https://www.inaturalist.org/observations/45101904,https://static.inaturalist.org/photos/71503908/medium.jpg,Серебристая чайка,Larus argentatus,Серебристая чайка
50791590,research,https://www.inaturalist.org/observations/50791590,https://inaturalist-open-data.s3.amazonaws.com/photos/80674011/medium.jpg,Herring Gull,Larus argentatus,Серебристая чайка
50791596,research,https://www.inaturalist.org/observations/50791596,https://inaturalist-open-data.s3.amazonaws.com/photos/80674074/medium.jpg,Серебристая чайка,Larus argentatus,Серебристая чайка
51292847,research,https://www.inaturalist.org/observations/51292847,https://static.inaturalist.org/photos/81481545/medium.jpeg,Herring Gull,Larus argentatus,Серебристая чайка
51370578,research,https://www.inaturalist.org/observations/51370578,https://static.inaturalist.org/photos/81610334/medium.jpeg,Herring Gull,Larus argentatus,Серебристая чайка
52587158,research,https://www.inaturalist.org/observations/52587158,https://static.inaturalist.org/photos/83604223/medium.jpeg,Серебристая чайка,Larus argentatus,Серебристая чайка
53091928,research,https://www.inaturalist.org/observations/53091928,https://static.inaturalist.org/photos/84426897/medium.jpg,Herring Gull,Larus argentatus,Серебристая чайка
55463481,research,https://www.inaturalist.org/observations/55463481,https://static.inaturalist.org/photos/88319821/medium.jpeg,Серебристая чайка,Larus argentatus,Серебристая чайка
56833641,research,https://www.inaturalist.org/observations/56833641,https://inaturalist-open-data.s3.amazonaws.com/photos/90599477/medium.jpg,Серебристая чайка,Larus argentatus,Серебристая чайка
56922427,research,https://www.inaturalist.org/observations/56922427,https://static.inaturalist.org/photos/90749726/medium.jpeg,Серебристая чайка,Larus argentatus,Серебристая чайка
56922498,research,https://www.inaturalist.org/observations/56922498,https://static.inaturalist.org/photos/90749853/medium.jpeg,Серебристая чайка,Larus argentatus,Серебристая чайка
56924793,research,https://www.inaturalist.org/observations/56924793,https://static.inaturalist.org/photos/90753587/medium.jpeg,Серебристая чайка,Larus argentatus,Серебристая чайка
56925185,research,https://www.inaturalist.org/observations/56925185,https://static.inaturalist.org/photos/90754139/medium.jpeg,Серебристая чайка,Larus argentatus,Серебристая чайка
56925240,research,https://www.inaturalist.org/observations/56925240,https://static.inaturalist.org/photos/90754248/medium.jpeg,Серебристая чайка,Larus argentatus,Серебристая чайка
56925350,research,https://www.inaturalist.org/observations/56925350,https://static.inaturalist.org/photos/90754542/medium.jpeg,Серебристая чайка,Larus argentatus,Серебристая чайка
56925370,research,https://www.inaturalist.org/observations/56925370,https://static.inaturalist.org/photos/90754598/medium.jpeg,Серебристая чайка,Larus argentatus,Серебристая чайка
56931242,research,https://www.inaturalist.org/observations/56931242,https://static.inaturalist.org/photos/90764886/medium.jpeg,Goéland argenté,Larus argentatus,Серебристая чайка
57337317,research,https://www.inaturalist.org/observations/57337317,https://static.inaturalist.org/photos/91447549/medium.jpg,Серебристая чайка,Larus argentatus,Серебристая чайка
57337602,research,https://www.inaturalist.org/observations/57337602,https://static.inaturalist.org/photos/91448032/medium.jpg,Серебристая чайка,Larus argentatus,Серебристая чайка
57438441,research,https://www.inaturalist.org/observations/57438441,https://static.inaturalist.org/photos/91619144/medium.jpg,Серебристая чайка,Larus argentatus,Серебристая чайка
60711609,research,https://www.inaturalist.org/observations/60711609,https://static.inaturalist.org/photos/97098344/medium.jpeg,Серебристая чайка,Larus argentatus,Серебристая чайка
60715302,research,https://www.inaturalist.org/observations/60715302,https://static.inaturalist.org/photos/97104053/medium.jpeg,Серебристая чайка,Larus argentatus,Серебристая чайка
60715534,research,https://www.inaturalist.org/observations/60715534,https://static.inaturalist.org/photos/97104402/medium.jpeg,Herring Gull,Larus argentatus,Серебристая чайка
61332864,research,https://www.inaturalist.org/observations/61332864,https://static.inaturalist.org/photos/98133418/medium.jpeg,Серебристая чайка,Larus argentatus,Серебристая чайка
62209182,research,https://www.inaturalist.org/observations/62209182,https://inaturalist-open-data.s3.amazonaws.com/photos/99643493/medium.jpeg,Herring Gull,Larus argentatus,Серебристая чайка
63343346,research,https://www.inaturalist.org/observations/63343346,https://static.inaturalist.org/photos/101640489/medium.jpeg,Серебристая чайка,Larus argentatus,Серебристая чайка
64604298,research,https://www.inaturalist.org/observations/64604298,https://inaturalist-open-data.s3.amazonaws.com/photos/105058279/medium.jpg,Серебристая Чайка,Larus argentatus,Серебристая чайка
64605119,research,https://www.inaturalist.org/observations/64605119,https://inaturalist-open-data.s3.amazonaws.com/photos/103887425/medium.jpg,Серебристая чайка,Larus argentatus,Серебристая чайка
64605121,needs_id,https://www.inaturalist.org/observations/64605121,https://inaturalist-open-data.s3.amazonaws.com/photos/103887443/medium.jpg,Серебристая Чайка,Larus argentatus,Серебристая чайка
64610324,research,https://www.inaturalist.org/observations/64610324,https://inaturalist-open-data.s3.amazonaws.com/photos/103894080/medium.jpg,Серебристая чайка,Larus argentatus,Серебристая чайка
64610327,research,https://www.inaturalist.org/observations/64610327,https://inaturalist-open-data.s3.amazonaws.com/photos/103894071/medium.jpg,Серебристая чайка,Larus argentatus,Серебристая чайка
64610328,research,https://www.inaturalist.org/observations/64610328,https://inaturalist-open-data.s3.amazonaws.com/photos/103894115/medium.jpg,Серебристая чайка,Larus argentatus,Серебристая чайка
64610346,research,https://www.inaturalist.org/observations/64610346,https://inaturalist-open-data.s3.amazonaws.com/photos/103896209/medium.jpg,Серебристая чайка,Larus argentatus,Серебристая чайка
64611376,research,https://www.inaturalist.org/observations/64611376,https://inaturalist-open-data.s3.amazonaws.com/photos/103898982/medium.jpg,Серебристая чайка,Larus argentatus,Серебристая чайка
65287126,research,https://www.inaturalist.org/observations/65287126,https://inaturalist-open-data.s3.amazonaws.com/photos/105052509/medium.jpg,Herring Gull,Larus argentatus,Серебристая чайка
65287140,research,https://www.inaturalist.org/observations/65287140,https://inaturalist-open-data.s3.amazonaws.com/photos/105052671/medium.jpg,Goéland argenté,Larus argentatus,Серебристая чайка
65291258,research,https://www.inaturalist.org/observations/65291258,https://inaturalist-open-data.s3.amazonaws.com/photos/105058507/medium.jpg,Herring Gull,Larus argentatus,Серебристая чайка
65291516,research,https://www.inaturalist.org/observations/65291516,https://inaturalist-open-data.s3.amazonaws.com/photos/105060752/medium.jpg,Herring Gull,Larus argentatus,Серебристая чайка
65292357,research,https://www.inaturalist.org/observations/65292357,https://inaturalist-open-data.s3.amazonaws.com/photos/105061518/medium.jpg,Herring Gull,Larus argentatus,Серебристая чайка
66106744,research,https://www.inaturalist.org/observations/66106744,https://inaturalist-open-data.s3.amazonaws.com/photos/106496761/medium.jpeg,Серебристая чайка,Larus argentatus,Серебристая чайка
66192795,research,https://www.inaturalist.org/observations/66192795,https://inaturalist-open-data.s3.amazonaws.com/photos/106658243/medium.jpeg,Серебристая чайка,Larus argentatus,Серебристая чайка
66459642,research,https://www.inaturalist.org/observations/66459642,https://static.inaturalist.org/photos/107142423/medium.jpeg,Goéland argenté,Larus argentatus,Серебристая чайка
66669914,research,https://www.inaturalist.org/observations/66669914,https://inaturalist-open-data.s3.amazonaws.com/photos/107526974/medium.jpeg,Серебристая чайка,Larus argentatus,Серебристая чайка
66703144,research,https://www.inaturalist.org/observations/66703144,https://inaturalist-open-data.s3.amazonaws.com/photos/107590843/medium.jpeg,Zilvermeeuw,Larus argentatus,Серебристая чайка
67049546,research,https://www.inaturalist.org/observations/67049546,https://inaturalist-open-data.s3.amazonaws.com/photos/108231916/medium.jpeg,Серебристая чайка,Larus argentatus,Серебристая чайка
67049548,research,https://www.inaturalist.org/observations/67049548,https://inaturalist-open-data.s3.amazonaws.com/photos/108231924/medium.jpeg,Herring Gull,Larus argentatus,Серебристая чайка
67049551,research,https://www.inaturalist.org/observations/67049551,https://inaturalist-open-data.s3.amazonaws.com/photos/108231948/medium.jpeg,Herring Gull,Larus argentatus,Серебристая чайка
67049552,research,https://www.inaturalist.org/observations/67049552,https://inaturalist-open-data.s3.amazonaws.com/photos/108231960/medium.jpeg,Herring Gull,Larus argentatus,Серебристая чайка
67050044,research,https://www.inaturalist.org/observations/67050044,https://inaturalist-open-data.s3.amazonaws.com/photos/108233447/medium.jpeg,Herring Gull,Larus argentatus,Серебристая чайка
67203799,research,https://www.inaturalist.org/observations/67203799,https://inaturalist-open-data.s3.amazonaws.com/photos/108520429/medium.jpeg,Harmaalokki,Larus argentatus,Серебристая чайка
67355939,research,https://www.inaturalist.org/observations/67355939,https://inaturalist-open-data.s3.amazonaws.com/photos/108804178/medium.jpeg,Серебристая чайка,Larus argentatus,Серебристая чайка
67355945,research,https://www.inaturalist.org/observations/67355945,https://inaturalist-open-data.s3.amazonaws.com/photos/108804189/medium.jpeg,Серебристая чайка,Larus argentatus,Серебристая чайка
67401659,research,https://www.inaturalist.org/observations/67401659,https://inaturalist-open-data.s3.amazonaws.com/photos/108889534/medium.jpeg,Серебристая чайка,Larus argentatus,Серебристая чайка
67523851,research,https://www.inaturalist.org/observations/67523851,https://inaturalist-open-data.s3.amazonaws.com/photos/109112834/medium.jpeg,Серебристая чайка,Larus argentatus,Серебристая чайка
67523852,research,https://www.inaturalist.org/observations/67523852,https://inaturalist-open-data.s3.amazonaws.com/photos/109112996/medium.jpeg,Серебристая чайка,Larus argentatus,Серебристая чайка
67670071,research,https://www.inaturalist.org/observations/67670071,https://inaturalist-open-data.s3.amazonaws.com/photos/109390004/medium.jpg,Серебристая чайка,Larus argentatus,Серебристая чайка
67714094,research,https://www.inaturalist.org/observations/67714094,https://inaturalist-open-data.s3.amazonaws.com/photos/109474076/medium.jpeg,Herring Gull,Larus argentatus,Серебристая чайка
67714103,research,https://www.inaturalist.org/observations/67714103,https://inaturalist-open-data.s3.amazonaws.com/photos/109474111/medium.jpeg,Серебристая чайка,Larus argentatus,Серебристая чайка
69516736,research,https://www.inaturalist.org/observations/69516736,https://inaturalist-open-data.s3.amazonaws.com/photos/112812050/medium.jpeg,Серебристая чайка,Larus argentatus,Серебристая чайка
69557040,research,https://www.inaturalist.org/observations/69557040,https://inaturalist-open-data.s3.amazonaws.com/photos/112886856/medium.jpg,Серебристая чайка,Larus argentatus,Серебристая чайка
69574393,research,https://www.inaturalist.org/observations/69574393,https://inaturalist-open-data.s3.amazonaws.com/photos/112915488/medium.jpeg,Серебристая чайка,Larus argentatus,Серебристая чайка
69577586,research,https://www.inaturalist.org/observations/69577586,https://inaturalist-open-data.s3.amazonaws.com/photos/112925260/medium.jpeg,Серебристая чайка,Larus argentatus,Серебристая чайка
69624064,research,https://www.inaturalist.org/observations/69624064,https://static.inaturalist.org/photos/113010863/medium.jpeg,Серебристая чайка,Larus argentatus,Серебристая чайка
69925153,research,https://www.inaturalist.org/observations/69925153,https://inaturalist-open-data.s3.amazonaws.com/photos/113577611/medium.jpeg,Goéland argenté,Larus argentatus,Серебристая чайка
69925154,research,https://www.inaturalist.org/observations/69925154,https://inaturalist-open-data.s3.amazonaws.com/photos/113577617/medium.jpeg,Goéland argenté,Larus argentatus,Серебристая чайка
69925155,research,https://www.inaturalist.org/observations/69925155,https://inaturalist-open-data.s3.amazonaws.com/photos/113577631/medium.jpeg,Goéland argenté,Larus argentatus,Серебристая чайка
69925156,research,https://www.inaturalist.org/observations/69925156,https://inaturalist-open-data.s3.amazonaws.com/photos/113577650/medium.jpeg,Goéland argenté,Larus argentatus,Серебристая чайка
69925491,research,https://www.inaturalist.org/observations/69925491,https://inaturalist-open-data.s3.amazonaws.com/photos/113578381/medium.jpeg,Серебристая чайка,Larus argentatus,Серебристая чайка
69925492,research,https://www.inaturalist.org/observations/69925492,https://inaturalist-open-data.s3.amazonaws.com/photos/113578387/medium.jpeg,Серебристая чайка,Larus argentatus,Серебристая чайка
69925493,research,https://www.inaturalist.org/observations/69925493,https://inaturalist-open-data.s3.amazonaws.com/photos/113578404/medium.jpeg,Серебристая чайка,Larus argentatus,Серебристая чайка
70321408,research,https://www.inaturalist.org/observations/70321408,https://inaturalist-open-data.s3.amazonaws.com/photos/114294625/medium.jpg,Серебристая чайка,Larus argentatus,Серебристая чайка
70339383,research,https://www.inaturalist.org/observations/70339383,https://inaturalist-open-data.s3.amazonaws.com/photos/114326124/medium.jpeg,Серебристая чайка,Larus argentatus,Серебристая чайка
70599164,research,https://www.inaturalist.org/observations/70599164,https://static.inaturalist.org/photos/114803412/medium.jpeg,Herring Gull,Larus argentatus,Серебристая чайка
70660755,research,https://www.inaturalist.org/observations/70660755,https://inaturalist-open-data.s3.amazonaws.com/photos/114913338/medium.jpeg,Серебристая чайка,Larus argentatus,Серебристая чайка
71492589,research,https://www.inaturalist.org/observations/71492589,https://inaturalist-open-data.s3.amazonaws.com/photos/116407224/medium.jpg,Серебристая чайка,Larus argentatus,Серебристая чайка
71943058,research,https://www.inaturalist.org/observations/71943058,https://static.inaturalist.org/photos/117212499/medium.jpg,Серебристая чайка,Larus argentatus,Серебристая чайка
72432350,research,https://www.inaturalist.org/observations/72432350,https://static.inaturalist.org/photos/118094241/medium.jpeg,Серебристая чайка,Larus argentatus,Серебристая чайка
73199371,research,https://www.inaturalist.org/observations/73199371,https://inaturalist-open-data.s3.amazonaws.com/photos/119479162/medium.jpg,Серебристая чайка,Larus argentatus,Серебристая чайка
73281945,research,https://www.inaturalist.org/observations/73281945,https://inaturalist-open-data.s3.amazonaws.com/photos/119615647/medium.jpeg,Серебристая чайка,Larus argentatus,Серебристая чайка
73634406,research,https://www.inaturalist.org/observations/73634406,https://inaturalist-open-data.s3.amazonaws.com/photos/120239113/medium.jpeg,Herring Gull,Larus argentatus,Серебристая чайка
74813770,research,https://www.inaturalist.org/observations/74813770,https://inaturalist-open-data.s3.amazonaws.com/photos/122323838/medium.jpeg,Gabbiano reale nordico,Larus argentatus,Серебристая чайка
75749371,research,https://www.inaturalist.org/observations/75749371,https://static.inaturalist.org/photos/123962246/medium.jpg,Серебристая чайка,Larus argentatus,Серебристая чайка
77097275,research,https://www.inaturalist.org/observations/77097275,https://inaturalist-open-data.s3.amazonaws.com/photos/126069898/medium.jpg,Серебристая чайка,Larus argentatus,Серебристая чайка
77097288,research,https://www.inaturalist.org/observations/77097288,https://inaturalist-open-data.s3.amazonaws.com/photos/126077664/medium.jpg,Silbermöwe,Larus argentatus,Серебристая чайка
77239782,research,https://www.inaturalist.org/observations/77239782,https://static.inaturalist.org/photos/126309839/medium.jpg,Серебристая чайка,Larus argentatus,Серебристая чайка
78715352,research,https://www.inaturalist.org/observations/78715352,https://inaturalist-open-data.s3.amazonaws.com/photos/128853981/medium.jpg,Серебристая чайка,Larus argentatus,Серебристая чайка
79921532,research,https://www.inaturalist.org/observations/79921532,https://static.inaturalist.org/photos/130944400/medium.jpeg,Серебристая чайка,Larus argentatus,Серебристая чайка
80338161,research,https://www.inaturalist.org/observations/80338161,https://inaturalist-open-data.s3.amazonaws.com/photos/131665747/medium.jpg,Серебристая чайка,Larus argentatus,Серебристая чайка
81541395,research,https://www.inaturalist.org/observations/81541395,https://static.inaturalist.org/photos/133760358/medium.jpeg,Серебристая чайка,Larus argentatus,Серебристая чайка
82165773,research,https://www.inaturalist.org/observations/82165773,https://inaturalist-open-data.s3.amazonaws.com/photos/134833727/medium.jpeg,Серебристая чайка,Larus argentatus,Серебристая чайка
82431398,research,https://www.inaturalist.org/observations/82431398,https://inaturalist-open-data.s3.amazonaws.com/photos/135289003/medium.jpeg,Серебристая чайка,Larus argentatus,Серебристая чайка
83293968,research,https://www.inaturalist.org/observations/83293968,https://static.inaturalist.org/photos/136784979/medium.jpeg,Серебристая чайка,Larus argentatus,Серебристая чайка
84268700,research,https://www.inaturalist.org/observations/84268700,https://static.inaturalist.org/photos/138485821/medium.jpg,Серебристая чайка,Larus argentatus,Серебристая чайка
84354317,research,https://www.inaturalist.org/observations/84354317,https://static.inaturalist.org/photos/138631747/medium.jpg,Серебристая чайка,Larus argentatus,Серебристая чайка
84600749,research,https://www.inaturalist.org/observations/84600749,https://inaturalist-open-data.s3.amazonaws.com/photos/139061945/medium.jpg,Herring Gull,Larus argentatus,Серебристая чайка
85014475,research,https://www.inaturalist.org/observations/85014475,https://inaturalist-open-data.s3.amazonaws.com/photos/139804143/medium.png,Серебристая чайка,Larus argentatus,Серебристая чайка
85187058,research,https://www.inaturalist.org/observations/85187058,https://inaturalist-open-data.s3.amazonaws.com/photos/140123593/medium.jpg,Серебристая чайка,Larus argentatus,Серебристая чайка
85676582,research,https://www.inaturalist.org/observations/85676582,https://inaturalist-open-data.s3.amazonaws.com/photos/141004137/medium.jpg,Серебристая чайка,Larus argentatus,Серебристая чайка
87098902,research,https://www.inaturalist.org/observations/87098902,https://static.inaturalist.org/photos/143578629/medium.jpg,Серебристая чайка,Larus argentatus,Серебристая чайка
87187703,research,https://www.inaturalist.org/observations/87187703,https://inaturalist-open-data.s3.amazonaws.com/photos/143704471/medium.jpeg,Серебристая чайка,Larus argentatus,Серебристая чайка
88526676,research,https://www.inaturalist.org/observations/88526676,https://inaturalist-open-data.s3.amazonaws.com/photos/146073221/medium.jpeg,Серебристая чайка,Larus argentatus,Серебристая чайка
90519787,research,https://www.inaturalist.org/observations/90519787,https://inaturalist-open-data.s3.amazonaws.com/photos/149618029/medium.jpg,Серебристая чайка,Larus argentatus,Серебристая чайка
91048282,research,https://www.inaturalist.org/observations/91048282,https://inaturalist-open-data.s3.amazonaws.com/photos/150543753/medium.jpeg,Серебристая чайка,Larus argentatus,Серебристая чайка
91627476,research,https://www.inaturalist.org/observations/91627476,https://static.inaturalist.org/photos/151595929/medium.jpeg,Серебристая чайка,Larus argentatus,Серебристая чайка
92490656,research,https://www.inaturalist.org/observations/92490656,https://inaturalist-open-data.s3.amazonaws.com/photos/153148179/medium.jpeg,Серебристая чайка,Larus argentatus,Серебристая чайка
92556794,needs_id,https://www.inaturalist.org/observations/92556794,https://inaturalist-open-data.s3.amazonaws.com/photos/153440791/medium.jpeg,Серебристая чайка,Larus argentatus,Серебристая чайка
92935769,needs_id,https://www.inaturalist.org/observations/92935769,https://inaturalist-open-data.s3.amazonaws.com/photos/153953538/medium.jpeg,Серебристая чайка,Larus argentatus,Серебристая чайка
92939552,research,https://www.inaturalist.org/observations/92939552,https://inaturalist-open-data.s3.amazonaws.com/photos/153960258/medium.jpeg,Серебристая чайка,Larus argentatus,Серебристая чайка
92944585,research,https://www.inaturalist.org/observations/92944585,https://inaturalist-open-data.s3.amazonaws.com/photos/153969573/medium.jpeg,Herring Gull,Larus argentatus,Серебристая чайка
94430534,research,https://www.inaturalist.org/observations/94430534,https://inaturalist-open-data.s3.amazonaws.com/photos/156644496/medium.jpeg,Серебристая чайка,Larus argentatus,Серебристая чайка
94555251,research,https://www.inaturalist.org/observations/94555251,https://inaturalist-open-data.s3.amazonaws.com/photos/156867416/medium.jpg,Серебристая чайка,Larus argentatus,Серебристая чайка
95648493,research,https://www.inaturalist.org/observations/95648493,https://inaturalist-open-data.s3.amazonaws.com/photos/158812445/medium.jpg,Herring Gull,Larus argentatus,Серебристая чайка
96142110,research,https://www.inaturalist.org/observations/96142110,https://static.inaturalist.org/photos/159682423/medium.jpeg,Серебристая чайка,Larus argentatus,Серебристая чайка
96670284,research,https://www.inaturalist.org/observations/96670284,https://inaturalist-open-data.s3.amazonaws.com/photos/160634542/medium.jpeg,Herring Gull,Larus argentatus,Серебристая чайка
96995158,research,https://www.inaturalist.org/observations/96995158,https://inaturalist-open-data.s3.amazonaws.com/photos/161221360/medium.jpg,Серебристая чайка,Larus argentatus,Серебристая чайка
97667431,research,https://www.inaturalist.org/observations/97667431,https://inaturalist-open-data.s3.amazonaws.com/photos/162466947/medium.jpeg,Серебристая чайка,Larus argentatus,Серебристая чайка
97865235,research,https://www.inaturalist.org/observations/97865235,https://inaturalist-open-data.s3.amazonaws.com/photos/162830880/medium.jpg,Серебристая чайка,Larus argentatus,Серебристая чайка
98470144,needs_id,https://www.inaturalist.org/observations/98470144,https://static.inaturalist.org/photos/163954294/medium.jpg,Silbermöwe,Larus argentatus,Серебристая чайка
100134140,needs_id,https://www.inaturalist.org/observations/100134140,https://static.inaturalist.org/photos/167086573/medium.jpg,Серебристая чайка,Larus argentatus,Серебристая чайка
100134190,research,https://www.inaturalist.org/observations/100134190,https://static.inaturalist.org/photos/167086731/medium.jpg,Серебристая чайка,Larus argentatus,Серебристая чайка
100306688,research,https://www.inaturalist.org/observations/100306688,https://inaturalist-open-data.s3.amazonaws.com/photos/167395323/medium.jpg,Серебристая чайка,Larus argentatus,Серебристая чайка
101184254,research,https://www.inaturalist.org/observations/101184254,https://inaturalist-open-data.s3.amazonaws.com/photos/168952310/medium.jpg,Серебристая чайка,Larus argentatus,Серебристая чайка
101185102,research,https://www.inaturalist.org/observations/101185102,https://inaturalist-open-data.s3.amazonaws.com/photos/168954516/medium.jpg,Herring Gull,Larus argentatus,Серебристая чайка
101344952,research,https://www.inaturalist.org/observations/101344952,https://inaturalist-open-data.s3.amazonaws.com/photos/169237798/medium.jpeg,Silbermöwe,Larus argentatus,Серебристая чайка
102546150,research,https://www.inaturalist.org/observations/102546150,https://inaturalist-open-data.s3.amazonaws.com/photos/171443910/medium.jpeg,Серебристая чайка,Larus argentatus,Серебристая чайка
102546743,research,https://www.inaturalist.org/observations/102546743,https://inaturalist-open-data.s3.amazonaws.com/photos/171446019/medium.jpeg,Серебристая чайка,Larus argentatus,Серебристая чайка
102626661,research,https://www.inaturalist.org/observations/102626661,https://inaturalist-open-data.s3.amazonaws.com/photos/171589626/medium.jpeg,Серебристая чайка,Larus argentatus,Серебристая чайка
102626666,research,https://www.inaturalist.org/observations/102626666,https://inaturalist-open-data.s3.amazonaws.com/photos/171589682/medium.jpeg,Серебристая чайка,Larus argentatus,Серебристая чайка
102861736,needs_id,https://www.inaturalist.org/observations/102861736,https://static.inaturalist.org/photos/172037119/medium.jpeg,Large White-headed Gulls,Larus argentatus,Серебристая чайка
102926435,research,https://www.inaturalist.org/observations/102926435,https://inaturalist-open-data.s3.amazonaws.com/photos/172156566/medium.jpeg,Серебристая чайка,Larus argentatus,Серебристая чайка
102926436,research,https://www.inaturalist.org/observations/102926436,https://inaturalist-open-data.s3.amazonaws.com/photos/172156571/medium.jpeg,Серебристая чайка,Larus argentatus,Серебристая чайка
102926449,research,https://www.inaturalist.org/observations/102926449,https://inaturalist-open-data.s3.amazonaws.com/photos/172157335/medium.jpeg,Серебристая чайка,Larus argentatus,Серебристая чайка
102926454,research,https://www.inaturalist.org/observations/102926454,https://inaturalist-open-data.s3.amazonaws.com/photos/172157356/medium.jpeg,Серебристая чайка,Larus argentatus,Серебристая чайка
102926458,research,https://www.inaturalist.org/observations/102926458,https://inaturalist-open-data.s3.amazonaws.com/photos/172157551/medium.jpeg,Серебристая чайка,Larus argentatus,Серебристая чайка
103193192,research,https://www.inaturalist.org/observations/103193192,https://static.inaturalist.org/photos/172656653/medium.jpg,Серебристая чайка,Larus argentatus,Серебристая чайка
103472930,research,https://www.inaturalist.org/observations/103472930,https://inaturalist-open-data.s3.amazonaws.com/photos/173185942/medium.jpg,Серебристая чайка,Larus argentatus,Серебристая чайка
103702601,research,https://www.inaturalist.org/observations/103702601,https://inaturalist-open-data.s3.amazonaws.com/photos/173624793/medium.jpeg,Серебристая чайка,Larus argentatus,Серебристая чайка
103869499,research,https://www.inaturalist.org/observations/103869499,https://static.inaturalist.org/photos/173953591/medium.jpeg,Harmaalokki,Larus argentatus,Серебристая чайка
104043058,research,https://www.inaturalist.org/observations/104043058,https://inaturalist-open-data.s3.amazonaws.com/photos/174278387/medium.jpeg,Серебристая чайка,Larus argentatus,Серебристая чайка
104043061,research,https://www.inaturalist.org/observations/104043061,https://inaturalist-open-data.s3.amazonaws.com/photos/174279655/medium.jpeg,Серебристая чайка,Larus argentatus,Серебристая чайка
104191211,research,https://www.inaturalist.org/observations/104191211,https://inaturalist-open-data.s3.amazonaws.com/photos/174563468/medium.jpeg,Herring Gull,Larus argentatus,Серебристая чайка
104476502,research,https://www.inaturalist.org/observations/104476502,https://inaturalist-open-data.s3.amazonaws.com/photos/175066453/medium.jpeg,Harmaalokki,Larus argentatus,Серебристая чайка
104520238,research,https://www.inaturalist.org/observations/104520238,https://inaturalist-open-data.s3.amazonaws.com/photos/175150936/medium.jpg,Herring Gull,Larus argentatus,Серебристая чайка
104520241,research,https://www.inaturalist.org/observations/104520241,https://inaturalist-open-data.s3.amazonaws.com/photos/175150957/medium.jpg,Серебристая чайка,Larus argentatus,Серебристая чайка
104913471,research,https://www.inaturalist.org/observations/104913471,https://inaturalist-open-data.s3.amazonaws.com/photos/175905558/medium.jpg,Herring Gull,Larus argentatus,Серебристая чайка
104913472,research,https://www.inaturalist.org/observations/104913472,https://inaturalist-open-data.s3.amazonaws.com/photos/175905566/medium.jpg,Серебристая чайка,Larus argentatus,Серебристая чайка
104913705,research,https://www.inaturalist.org/observations/104913705,https://inaturalist-open-data.s3.amazonaws.com/photos/175905795/medium.jpg,Серебристая чайка,Larus argentatus,Серебристая чайка
104927379,research,https://www.inaturalist.org/observations/104927379,https://static.inaturalist.org/photos/175931824/medium.jpeg,Goéland argenté,Larus argentatus,Серебристая чайка
104928521,research,https://www.inaturalist.org/observations/104928521,https://inaturalist-open-data.s3.amazonaws.com/photos/175933187/medium.jpeg,Herring Gull,Larus argentatus,Серебристая чайка
105256175,research,https://www.inaturalist.org/observations/105256175,https://inaturalist-open-data.s3.amazonaws.com/photos/176564704/medium.jpeg,Серебристая чайка,Larus argentatus,Серебристая чайка
105846344,research,https://www.inaturalist.org/observations/105846344,https://inaturalist-open-data.s3.amazonaws.com/photos/177686897/medium.jpeg,Серебристая чайка,Larus argentatus,Серебристая чайка
105961398,research,https://www.inaturalist.org/observations/105961398,https://inaturalist-open-data.s3.amazonaws.com/photos/177909771/medium.jpeg,Harmaalokki,Larus argentatus,Серебристая чайка
105968603,research,https://www.inaturalist.org/observations/105968603,https://inaturalist-open-data.s3.amazonaws.com/photos/177922322/medium.jpeg,Silbermöwe,Larus argentatus,Серебристая чайка
106127830,research,https://www.inaturalist.org/observations/106127830,https://inaturalist-open-data.s3.amazonaws.com/photos/178224741/medium.jpg,Серебристая чайка,Larus argentatus,Серебристая чайка
106453855,research,https://www.inaturalist.org/observations/106453855,https://inaturalist-open-data.s3.amazonaws.com/photos/178829169/medium.jpeg,Серебристая чайка,Larus argentatus,Серебристая чайка
106455865,research,https://www.inaturalist.org/observations/106455865,https://inaturalist-open-data.s3.amazonaws.com/photos/178832759/medium.jpeg,Серебристая чайка,Larus argentatus,Серебристая чайка
106490618,research,https://www.inaturalist.org/observations/106490618,https://inaturalist-open-data.s3.amazonaws.com/photos/178897304/medium.jpeg,Серебристая чайка,Larus argentatus,Серебристая чайка
106935947,research,https://www.inaturalist.org/observations/106935947,https://inaturalist-open-data.s3.amazonaws.com/photos/179751420/medium.jpeg,Серебристая чайка,Larus argentatus,Серебристая чайка
106946223,research,https://www.inaturalist.org/observations/106946223,https://inaturalist-open-data.s3.amazonaws.com/photos/179769305/medium.jpg,Серебристая чайка,Larus argentatus,Серебристая чайка
106946224,research,https://www.inaturalist.org/observations/106946224,https://inaturalist-open-data.s3.amazonaws.com/photos/179769307/medium.jpg,Серебристая чайка,Larus argentatus,Серебристая чайка
106946225,research,https://www.inaturalist.org/observations/106946225,https://inaturalist-open-data.s3.amazonaws.com/photos/179769322/medium.jpg,Серебристая чайка,Larus argentatus,Серебристая чайка
106963826,research,https://www.inaturalist.org/observations/106963826,https://inaturalist-open-data.s3.amazonaws.com/photos/179805204/medium.jpeg,Серебристая чайка,Larus argentatus,Серебристая чайка
107494336,needs_id,https://www.inaturalist.org/observations/107494336,https://inaturalist-open-data.s3.amazonaws.com/photos/180804360/medium.jpeg,Серебристая чайка,Larus argentatus,Серебристая чайка
107624297,research,https://www.inaturalist.org/observations/107624297,https://inaturalist-open-data.s3.amazonaws.com/photos/181049377/medium.jpeg,Серебристая чайка,Larus argentatus,Серебристая чайка
107811065,research,https://www.inaturalist.org/observations/107811065,https://inaturalist-open-data.s3.amazonaws.com/photos/181400040/medium.jpeg,Серебристая чайка,Larus argentatus,Серебристая чайка
108195964,research,https://www.inaturalist.org/observations/108195964,https://inaturalist-open-data.s3.amazonaws.com/photos/182119829/medium.jpeg,Серебристая чайка,Larus argentatus,Серебристая чайка
108506163,research,https://www.inaturalist.org/observations/108506163,https://inaturalist-open-data.s3.amazonaws.com/photos/182699730/medium.jpeg,Серебристая чайка,Larus argentatus,Серебристая чайка
108715293,research,https://www.inaturalist.org/observations/108715293,https://inaturalist-open-data.s3.amazonaws.com/photos/183096585/medium.jpeg,Серебристая чайка,Larus argentatus,Серебристая чайка
109161260,research,https://www.inaturalist.org/observations/109161260,https://inaturalist-open-data.s3.amazonaws.com/photos/183930362/medium.jpeg,Серебристая чайка,Larus argentatus,Серебристая чайка
109304812,research,https://www.inaturalist.org/observations/109304812,https://inaturalist-open-data.s3.amazonaws.com/photos/184194682/medium.jpeg,Серебристая чайка,Larus argentatus,Серебристая чайка
109304814,research,https://www.inaturalist.org/observations/109304814,https://inaturalist-open-data.s3.amazonaws.com/photos/184194831/medium.jpeg,Серебристая чайка,Larus argentatus,Серебристая чайка
109308827,research,https://www.inaturalist.org/observations/109308827,https://inaturalist-open-data.s3.amazonaws.com/photos/184201625/medium.jpeg,Herring Gull,Larus argentatus,Серебристая чайка
109314028,research,https://www.inaturalist.org/observations/109314028,https://inaturalist-open-data.s3.amazonaws.com/photos/184209380/medium.jpeg,Zilvermeeuw,Larus argentatus,Серебристая чайка
109314040,research,https://www.inaturalist.org/observations/109314040,https://inaturalist-open-data.s3.amazonaws.com/photos/184209775/medium.jpeg,Серебристая чайка,Larus argentatus,Серебристая чайка
109365128,research,https://www.inaturalist.org/observations/109365128,https://inaturalist-open-data.s3.amazonaws.com/photos/184315538/medium.jpeg,Серебристая чайка,Larus argentatus,Серебристая чайка
109943406,research,https://www.inaturalist.org/observations/109943406,https://static.inaturalist.org/photos/185390909/medium.jpeg,Серебристая чайка,Larus argentatus,Серебристая чайка
110072162,research,https://www.inaturalist.org/observations/110072162,https://inaturalist-open-data.s3.amazonaws.com/photos/185626908/medium.jpg,Harmaalokki,Larus argentatus,Серебристая чайка
110558826,research,https://www.inaturalist.org/observations/110558826,https://inaturalist-open-data.s3.amazonaws.com/photos/186523827/medium.jpeg,Серебристая чайка,Larus argentatus,Серебристая чайка
111081754,research,https://www.inaturalist.org/observations/111081754,https://inaturalist-open-data.s3.amazonaws.com/photos/187476969/medium.jpeg,Серебристая чайка,Larus argentatus,Серебристая чайка
111088315,research,https://www.inaturalist.org/observations/111088315,https://inaturalist-open-data.s3.amazonaws.com/photos/187489168/medium.jpg,Серебристая чайка,Larus argentatus,Серебристая чайка
111617139,research,https://www.inaturalist.org/observations/111617139,https://inaturalist-open-data.s3.amazonaws.com/photos/188448491/medium.jpeg,Серебристая чайка,Larus argentatus,Серебристая чайка
111795309,research,https://www.inaturalist.org/observations/111795309,https://static.inaturalist.org/photos/188767480/medium.jpeg,Серебристая чайка,Larus argentatus,Серебристая чайка
111798326,research,https://www.inaturalist.org/observations/111798326,https://inaturalist-open-data.s3.amazonaws.com/photos/189029744/medium.jpeg,Серебристая чайка,Larus argentatus,Серебристая чайка
112265448,research,https://www.inaturalist.org/observations/112265448,https://inaturalist-open-data.s3.amazonaws.com/photos/189620905/medium.jpeg,Серебристая чайка,Larus argentatus,Серебристая чайка
112267939,research,https://www.inaturalist.org/observations/112267939,https://inaturalist-open-data.s3.amazonaws.com/photos/189625636/medium.jpeg,Серебристая чайка,Larus argentatus,Серебристая чайка
114630964,research,https://www.inaturalist.org/observations/114630964,https://inaturalist-open-data.s3.amazonaws.com/photos/193555319/medium.jpeg,Серебристая чайка,Larus argentatus,Серебристая чайка
114630965,research,https://www.inaturalist.org/observations/114630965,https://inaturalist-open-data.s3.amazonaws.com/photos/193555351/medium.jpeg,Серебристая чайка,Larus argentatus,Серебристая чайка
114630968,research,https://www.inaturalist.org/observations/114630968,https://inaturalist-open-data.s3.amazonaws.com/photos/193555437/medium.jpeg,Серебристая чайка,Larus argentatus,Серебристая чайка
114630970,research,https://www.inaturalist.org/observations/114630970,https://inaturalist-open-data.s3.amazonaws.com/photos/193555452/medium.jpeg,Серебристая чайка,Larus argentatus,Серебристая чайка
114837475,research,https://www.inaturalist.org/observations/114837475,https://inaturalist-open-data.s3.amazonaws.com/photos/193873409/medium.jpg,Серебристая чайка,Larus argentatus,Серебристая чайка
115417117,research,https://www.inaturalist.org/observations/115417117,https://inaturalist-open-data.s3.amazonaws.com/photos/194782507/medium.jpeg,Серебристая чайка,Larus argentatus,Серебристая чайка
116934545,research,https://www.inaturalist.org/observations/116934545,https://inaturalist-open-data.s3.amazonaws.com/photos/197430696/medium.jpg,Harmaalokki,Larus argentatus,Серебристая чайка
117039023,research,https://www.inaturalist.org/observations/117039023,https://inaturalist-open-data.s3.amazonaws.com/photos/197613721/medium.jpg,Серебристая чайка,Larus argentatus,Серебристая чайка
117132867,research,https://www.inaturalist.org/observations/117132867,https://inaturalist-open-data.s3.amazonaws.com/photos/197783986/medium.jpeg,Серебристая чайка,Larus argentatus,Серебристая чайка
117731535,research,https://www.inaturalist.org/observations/117731535,https://inaturalist-open-data.s3.amazonaws.com/photos/198859913/medium.jpeg,Серебристая чайка,Larus argentatus,Серебристая чайка
118930443,research,https://www.inaturalist.org/observations/118930443,https://inaturalist-open-data.s3.amazonaws.com/photos/200995747/medium.jpeg,Серебристая чайка,Larus argentatus,Серебристая чайка
119259507,research,https://www.inaturalist.org/observations/119259507,https://static.inaturalist.org/photos/201583459/medium.jpeg,Серебристая чайка,Larus argentatus,Серебристая чайка
119427545,research,https://www.inaturalist.org/observations/119427545,https://static.inaturalist.org/photos/201884888/medium.jpeg,Серебристая чайка,Larus argentatus,Серебристая чайка
119765713,research,https://www.inaturalist.org/observations/119765713,https://inaturalist-open-data.s3.amazonaws.com/photos/202495571/medium.jpg,Серебристая чайка,Larus argentatus,Серебристая чайка
122132322,research,https://www.inaturalist.org/observations/122132322,https://inaturalist-open-data.s3.amazonaws.com/photos/206756274/medium.jpg,Серебристая чайка,Larus argentatus,Серебристая чайка
122974587,research,https://www.inaturalist.org/observations/122974587,https://inaturalist-open-data.s3.amazonaws.com/photos/208273530/medium.jpg,Серебристая чайка,Larus argentatus,Серебристая чайка
123068273,research,https://www.inaturalist.org/observations/123068273,https://inaturalist-open-data.s3.amazonaws.com/photos/208447247/medium.jpg,Серебристая чайка,Larus argentatus,Серебристая чайка
123499299,research,https://www.inaturalist.org/observations/123499299,https://inaturalist-open-data.s3.amazonaws.com/photos/209223789/medium.jpeg,Серебристая чайка,Larus argentatus,Серебристая чайка
123971668,research,https://www.inaturalist.org/observations/123971668,https://inaturalist-open-data.s3.amazonaws.com/photos/210080455/medium.jpg,Серебристая чайка,Larus argentatus,Серебристая чайка
124228748,research,https://www.inaturalist.org/observations/124228748,https://static.inaturalist.org/photos/210542523/medium.jpg,Серебристая чайка,Larus argentatus,Серебристая чайка
124698044,research,https://www.inaturalist.org/observations/124698044,https://static.inaturalist.org/photos/211388057/medium.jpeg,Серебристая чайка,Larus argentatus,Серебристая чайка
124996958,research,https://www.inaturalist.org/observations/124996958,https://inaturalist-open-data.s3.amazonaws.com/photos/211934891/medium.jpg,Серебристая чайка,Larus argentatus,Серебристая чайка
124999717,research,https://www.inaturalist.org/observations/124999717,https://inaturalist-open-data.s3.amazonaws.com/photos/211939680/medium.jpg,Herring Gull,Larus argentatus,Серебристая чайка
125316035,needs_id,https://www.inaturalist.org/observations/125316035,https://inaturalist-open-data.s3.amazonaws.com/photos/212505987/medium.jpeg,Echte Großmöwen,Larus argentatus,Серебристая чайка
125421348,research,https://www.inaturalist.org/observations/125421348,https://inaturalist-open-data.s3.amazonaws.com/photos/212703864/medium.jpeg,Silbermöwe,Larus argentatus,Серебристая чайка
125478177,research,https://www.inaturalist.org/observations/125478177,https://static.inaturalist.org/photos/212792931/medium.jpg,Herring Gull,Larus argentatus,Серебристая чайка
125755108,research,https://www.inaturalist.org/observations/125755108,https://inaturalist-open-data.s3.amazonaws.com/photos/213298000/medium.jpg,Серебристая чайка,Larus argentatus,Серебристая чайка
125812496,research,https://www.inaturalist.org/observations/125812496,https://inaturalist-open-data.s3.amazonaws.com/photos/213397614/medium.jpeg,Gaivota-prateada,Larus argentatus,Серебристая чайка
126100240,research,https://www.inaturalist.org/observations/126100240,https://inaturalist-open-data.s3.amazonaws.com/photos/213918796/medium.jpg,Серебристая чайка,Larus argentatus,Серебристая чайка
126357242,research,https://www.inaturalist.org/observations/126357242,https://inaturalist-open-data.s3.amazonaws.com/photos/214383941/medium.jpeg,Silbermöwe,Larus argentatus,Серебристая чайка
126619475,research,https://www.inaturalist.org/observations/126619475,https://inaturalist-open-data.s3.amazonaws.com/photos/214860454/medium.jpeg,Серебристая чайка,Larus argentatus,Серебристая чайка
126626620,research,https://www.inaturalist.org/observations/126626620,https://inaturalist-open-data.s3.amazonaws.com/photos/214872522/medium.jpeg,Herring Gull,Larus argentatus,Серебристая чайка
126637169,research,https://www.inaturalist.org/observations/126637169,https://inaturalist-open-data.s3.amazonaws.com/photos/214891527/medium.jpeg,Серебристая чайка,Larus argentatus,Серебристая чайка
127686778,research,https://www.inaturalist.org/observations/127686778,https://inaturalist-open-data.s3.amazonaws.com/photos/216801449/medium.jpeg,Silbermöwe,Larus argentatus,Серебристая чайка
127690908,research,https://www.inaturalist.org/observations/127690908,https://inaturalist-open-data.s3.amazonaws.com/photos/216808550/medium.jpeg,Silbermöwe,Larus argentatus,Серебристая чайка
127726745,research,https://www.inaturalist.org/observations/127726745,https://inaturalist-open-data.s3.amazonaws.com/photos/216872106/medium.jpeg,Silbermöwe,Larus argentatus,Серебристая чайка
127826994,research,https://www.inaturalist.org/observations/127826994,https://inaturalist-open-data.s3.amazonaws.com/photos/217053136/medium.jpg,Серебристая чайка,Larus argentatus,Серебристая чайка
128041233,research,https://www.inaturalist.org/observations/128041233,https://static.inaturalist.org/photos/217449447/medium.jpeg,Herring Gull,Larus argentatus,Серебристая чайка
128043937,research,https://www.inaturalist.org/observations/128043937,https://static.inaturalist.org/photos/217454510/medium.jpeg,Herring Gull,Larus argentatus,Серебристая чайка
128044482,research,https://www.inaturalist.org/observations/128044482,https://static.inaturalist.org/photos/217455356/medium.jpeg,Herring Gull,Larus argentatus,Серебристая чайка
128044807,research,https://www.inaturalist.org/observations/128044807,https://static.inaturalist.org/photos/217455749/medium.jpeg,Herring Gull,Larus argentatus,Серебристая чайка
128045038,research,https://www.inaturalist.org/observations/128045038,https://static.inaturalist.org/photos/217456268/medium.jpeg,Herring Gull,Larus argentatus,Серебристая чайка
128046315,research,https://www.inaturalist.org/observations/128046315,https://static.inaturalist.org/photos/217458655/medium.jpeg,Herring Gull,Larus argentatus,Серебристая чайка
128046868,research,https://www.inaturalist.org/observations/128046868,https://static.inaturalist.org/photos/217459467/medium.jpeg,Herring Gull,Larus argentatus,Серебристая чайка
128047279,research,https://www.inaturalist.org/observations/128047279,https://static.inaturalist.org/photos/217460126/medium.jpeg,Herring Gull,Larus argentatus,Серебристая чайка
128304640,research,https://www.inaturalist.org/observations/128304640,https://inaturalist-open-data.s3.amazonaws.com/photos/218263637/medium.jpg,Серебристая чайка,Larus argentatus,Серебристая чайка
128484662,research,https://www.inaturalist.org/observations/128484662,https://static.inaturalist.org/photos/218246086/medium.jpeg,Серебристая чайка,Larus argentatus,Серебристая чайка
128485147,research,https://www.inaturalist.org/observations/128485147,https://static.inaturalist.org/photos/218246978/medium.jpeg,Серебристая чайка,Larus argentatus,Серебристая чайка
128485342,research,https://www.inaturalist.org/observations/128485342,https://static.inaturalist.org/photos/218247268/medium.jpeg,Серебристая чайка,Larus argentatus,Серебристая чайка
128596348,research,https://www.inaturalist.org/observations/128596348,https://inaturalist-open-data.s3.amazonaws.com/photos/218448124/medium.jpg,Серебристая чайка,Larus argentatus,Серебристая чайка
128605308,research,https://www.inaturalist.org/observations/128605308,https://inaturalist-open-data.s3.amazonaws.com/photos/218462906/medium.jpg,Серебристая чайка,Larus argentatus,Серебристая чайка
128760729,research,https://www.inaturalist.org/observations/128760729,https://static.inaturalist.org/photos/218740146/medium.jpeg,Серебристая чайка,Larus argentatus,Серебристая чайка
129224947,needs_id,https://www.inaturalist.org/observations/129224947,https://inaturalist-open-data.s3.amazonaws.com/photos/219577313/medium.jpg,Серебристая чайка,Larus argentatus,Серебристая чайка
129802335,research,https://www.inaturalist.org/observations/129802335,https://inaturalist-open-data.s3.amazonaws.com/photos/220640006/medium.jpeg,Herring Gull,Larus argentatus,Серебристая чайка
129809707,research,https://www.inaturalist.org/observations/129809707,https://inaturalist-open-data.s3.amazonaws.com/photos/220653461/medium.jpeg,Серебристая чайка,Larus argentatus,Серебристая чайка
130393259,research,https://www.inaturalist.org/observations/130393259,https://inaturalist-open-data.s3.amazonaws.com/photos/221744456/medium.jpeg,Серебристая чайка,Larus argentatus,Серебристая чайка
130487868,research,https://www.inaturalist.org/observations/130487868,https://inaturalist-open-data.s3.amazonaws.com/photos/221920598/medium.jpg,Серебристая чайка,Larus argentatus,Серебристая чайка
130659996,research,https://www.inaturalist.org/observations/130659996,https://inaturalist-open-data.s3.amazonaws.com/photos/222236851/medium.jpeg,Серебристая чайка,Larus argentatus,Серебристая чайка
130661539,research,https://www.inaturalist.org/observations/130661539,https://inaturalist-open-data.s3.amazonaws.com/photos/222239798/medium.jpeg,Серебристая чайка,Larus argentatus,Серебристая чайка
130663460,research,https://www.inaturalist.org/observations/130663460,https://inaturalist-open-data.s3.amazonaws.com/photos/222242195/medium.jpeg,Серебристая чайка,Larus argentatus,Серебристая чайка
130755766,research,https://www.inaturalist.org/observations/130755766,https://inaturalist-open-data.s3.amazonaws.com/photos/222416280/medium.jpeg,Серебристая чайка,Larus argentatus,Серебристая чайка
130756141,research,https://www.inaturalist.org/observations/130756141,https://inaturalist-open-data.s3.amazonaws.com/photos/222416873/medium.jpeg,Серебристая чайка,Larus argentatus,Серебристая чайка
130940383,research,https://www.inaturalist.org/observations/130940383,https://inaturalist-open-data.s3.amazonaws.com/photos/222752886/medium.jpg,Серебристая чайка,Larus argentatus,Серебристая чайка
131233981,research,https://www.inaturalist.org/observations/131233981,https://inaturalist-open-data.s3.amazonaws.com/photos/223296629/medium.jpeg,Серебристая чайка,Larus argentatus,Серебристая чайка
131234028,research,https://www.inaturalist.org/observations/131234028,https://inaturalist-open-data.s3.amazonaws.com/photos/223296873/medium.jpeg,Серебристая чайка,Larus argentatus,Серебристая чайка
131278396,research,https://www.inaturalist.org/observations/131278396,https://inaturalist-open-data.s3.amazonaws.com/photos/223378722/medium.jpg,Серебристая чайка,Larus argentatus,Серебристая чайка
131492259,research,https://www.inaturalist.org/observations/131492259,https://inaturalist-open-data.s3.amazonaws.com/photos/223779367/medium.jpeg,Серебристая чайка,Larus argentatus,Серебристая чайка
132380761,research,https://www.inaturalist.org/observations/132380761,https://inaturalist-open-data.s3.amazonaws.com/photos/225430712/medium.jpeg,Серебристая чайка,Larus argentatus,Серебристая чайка
132927742,research,https://www.inaturalist.org/observations/132927742,https://static.inaturalist.org/photos/226346857/medium.jpeg,Серебристая чайка,Larus argentatus,Серебристая чайка
133594220,research,https://www.inaturalist.org/observations/133594220,https://inaturalist-open-data.s3.amazonaws.com/photos/227580652/medium.jpg,Серебристая чайка,Larus argentatus,Серебристая чайка
135087116,research,https://www.inaturalist.org/observations/135087116,https://inaturalist-open-data.s3.amazonaws.com/photos/230361297/medium.jpg,Серебристая чайка,Larus argentatus,Серебристая чайка
137181836,research,https://www.inaturalist.org/observations/137181836,https://inaturalist-open-data.s3.amazonaws.com/photos/234239697/medium.jpeg,Серебристая чайка,Larus argentatus,Серебристая чайка
138643506,research,https://www.inaturalist.org/observations/138643506,https://inaturalist-open-data.s3.amazonaws.com/photos/237008137/medium.jpg,Серебристая чайка,Larus argentatus,Серебристая чайка
138752786,research,https://www.inaturalist.org/observations/138752786,https://inaturalist-open-data.s3.amazonaws.com/photos/237198666/medium.jpeg,Silbermöwe,Larus argentatus,Серебристая чайка
139107526,research,https://www.inaturalist.org/observations/139107526,https://inaturalist-open-data.s3.amazonaws.com/photos/237864878/medium.jpeg,Серебристая чайка,Larus argentatus,Серебристая чайка
140751888,research,https://www.inaturalist.org/observations/140751888,https://inaturalist-open-data.s3.amazonaws.com/photos/240979424/medium.jpeg,Harmaalokki,Larus argentatus,Серебристая чайка
141441722,research,https://www.inaturalist.org/observations/141441722,https://inaturalist-open-data.s3.amazonaws.com/photos/242316183/medium.jpeg,Silbermöwe,Larus argentatus,Серебристая чайка
141911874,research,https://www.inaturalist.org/observations/141911874,https://inaturalist-open-data.s3.amazonaws.com/photos/243210948/medium.jpg,Серебристая чайка,Larus argentatus,Серебристая чайка
141911884,research,https://www.inaturalist.org/observations/141911884,https://inaturalist-open-data.s3.amazonaws.com/photos/243211879/medium.jpg,Серебристая чайка,Larus argentatus,Серебристая чайка
141911885,research,https://www.inaturalist.org/observations/141911885,https://inaturalist-open-data.s3.amazonaws.com/photos/243212322/medium.jpg,Серебристая чайка,Larus argentatus,Серебристая чайка
142128648,research,https://www.inaturalist.org/observations/142128648,https://inaturalist-open-data.s3.amazonaws.com/photos/243625185/medium.jpeg,Серебристая чайка,Larus argentatus,Серебристая чайка
142829765,research,https://www.inaturalist.org/observations/142829765,https://static.inaturalist.org/photos/244940839/medium.jpeg,Серебристая чайка,Larus argentatus,Серебристая чайка
142929222,research,https://www.inaturalist.org/observations/142929222,https://inaturalist-open-data.s3.amazonaws.com/photos/245113792/medium.jpeg,Серебристая чайка,Larus argentatus,Серебристая чайка
143446841,research,https://www.inaturalist.org/observations/143446841,https://inaturalist-open-data.s3.amazonaws.com/photos/246008119/medium.jpeg,Сизая чайка,Larus argentatus,Серебристая чайка
143447296,research,https://www.inaturalist.org/observations/143447296,https://inaturalist-open-data.s3.amazonaws.com/photos/246008612/medium.jpeg,Silbermöwe,Larus argentatus,Серебристая чайка
143492703,research,https://www.inaturalist.org/observations/143492703,https://static.inaturalist.org/photos/246096259/medium.jpeg,Herring Gull,Larus argentatus,Серебристая чайка
143508417,research,https://www.inaturalist.org/observations/143508417,https://inaturalist-open-data.s3.amazonaws.com/photos/246125743/medium.jpeg,Herring Gull,Larus argentatus,Серебристая чайка
143848751,research,https://www.inaturalist.org/observations/143848751,https://inaturalist-open-data.s3.amazonaws.com/photos/246771996/medium.jpg,Herring Gull,Larus argentatus,Серебристая чайка
143848753,research,https://www.inaturalist.org/observations/143848753,https://inaturalist-open-data.s3.amazonaws.com/photos/246772118/medium.jpg,Herring Gull,Larus argentatus,Серебристая чайка
143848762,research,https://www.inaturalist.org/observations/143848762,https://inaturalist-open-data.s3.amazonaws.com/photos/246772242/medium.jpg,Herring Gull,Larus argentatus,Серебристая чайка
143848763,research,https://www.inaturalist.org/observations/143848763,https://inaturalist-open-data.s3.amazonaws.com/photos/246772252/medium.jpg,Herring Gull,Larus argentatus,Серебристая чайка
143848771,research,https://www.inaturalist.org/observations/143848771,https://inaturalist-open-data.s3.amazonaws.com/photos/246772290/medium.jpg,Серебристая чайка,Larus argentatus,Серебристая чайка
144157411,research,https://www.inaturalist.org/observations/144157411,https://inaturalist-open-data.s3.amazonaws.com/photos/247365067/medium.jpeg,Серебристая чайка,Larus argentatus,Серебристая чайка
144210276,research,https://www.inaturalist.org/observations/144210276,https://inaturalist-open-data.s3.amazonaws.com/photos/247465665/medium.jpg,Серебристая чайка,Larus argentatus,Серебристая чайка
144210287,research,https://www.inaturalist.org/observations/144210287,https://inaturalist-open-data.s3.amazonaws.com/photos/247465799/medium.jpg,Серебристая чайка,Larus argentatus,Серебристая чайка
144303014,research,https://www.inaturalist.org/observations/144303014,https://inaturalist-open-data.s3.amazonaws.com/photos/247641291/medium.jpg,Серебристая чайка,Larus argentatus,Серебристая чайка
144303018,research,https://www.inaturalist.org/observations/144303018,https://inaturalist-open-data.s3.amazonaws.com/photos/247641334/medium.jpg,Серебристая чайка,Larus argentatus,Серебристая чайка
144303024,research,https://www.inaturalist.org/observations/144303024,https://inaturalist-open-data.s3.amazonaws.com/photos/247641375/medium.jpg,Серебристая чайка,Larus argentatus,Серебристая чайка
144348895,research,https://www.inaturalist.org/observations/144348895,https://inaturalist-open-data.s3.amazonaws.com/photos/247728146/medium.jpeg,Серебристая чайка,Larus argentatus,Серебристая чайка
144420328,research,https://www.inaturalist.org/observations/144420328,https://inaturalist-open-data.s3.amazonaws.com/photos/247863832/medium.jpeg,Серебристая чайка,Larus argentatus,Серебристая чайка
144606934,research,https://www.inaturalist.org/observations/144606934,https://static.inaturalist.org/photos/248225531/medium.jpeg,Серебристая чайка,Larus argentatus,Серебристая чайка
144657078,research,https://www.inaturalist.org/observations/144657078,https://inaturalist-open-data.s3.amazonaws.com/photos/248325471/medium.jpeg,Herring Gull,Larus argentatus,Серебристая чайка
144724512,research,https://www.inaturalist.org/observations/144724512,https://inaturalist-open-data.s3.amazonaws.com/photos/248474932/medium.jpg,Scandinavian Herring Gull,Larus argentatus argentatus,
144791372,research,https://www.inaturalist.org/observations/144791372,https://static.inaturalist.org/photos/248586700/medium.jpeg,Harmaalokki,Larus argentatus,Серебристая чайка
145001534,research,https://www.inaturalist.org/observations/145001534,https://inaturalist-open-data.s3.amazonaws.com/photos/248996597/medium.jpeg,Серебристая чайка,Larus argentatus,Серебристая чайка
145055506,research,https://www.inaturalist.org/observations/145055506,https://inaturalist-open-data.s3.amazonaws.com/photos/249099586/medium.jpeg,Herring Gull,Larus argentatus,Серебристая чайка
145247913,research,https://www.inaturalist.org/observations/145247913,https://inaturalist-open-data.s3.amazonaws.com/photos/249471613/medium.jpeg,Серебристая чайка,Larus argentatus,Серебристая чайка
145677362,research,https://www.inaturalist.org/observations/145677362,https://static.inaturalist.org/photos/250274426/medium.jpeg,Sidabrinis kiras,Larus argentatus,Серебристая чайка
145679031,research,https://www.inaturalist.org/observations/145679031,https://inaturalist-open-data.s3.amazonaws.com/photos/250278069/medium.jpeg,Scandinavian Herring Gull,Larus argentatus argentatus,
145679035,research,https://www.inaturalist.org/observations/145679035,https://inaturalist-open-data.s3.amazonaws.com/photos/250278304/medium.jpeg,Herring Gull,Larus argentatus,Серебристая чайка
145679040,research,https://www.inaturalist.org/observations/145679040,https://inaturalist-open-data.s3.amazonaws.com/photos/250278464/medium.jpeg,Серебристая чайка,Larus argentatus,Серебристая чайка
145840465,research,https://www.inaturalist.org/observations/145840465,https://inaturalist-open-data.s3.amazonaws.com/photos/250594491/medium.jpg,Herring Gull,Larus argentatus,Серебристая чайка
145998847,research,https://www.inaturalist.org/observations/145998847,https://inaturalist-open-data.s3.amazonaws.com/photos/250905521/medium.jpg,Herring Gull,Larus argentatus,Серебристая чайка
146398018,research,https://www.inaturalist.org/observations/146398018,https://inaturalist-open-data.s3.amazonaws.com/photos/251684429/medium.jpeg,Silbermöwe,Larus argentatus,Серебристая чайка
146619308,research,https://www.inaturalist.org/observations/146619308,https://inaturalist-open-data.s3.amazonaws.com/photos/252113818/medium.jpeg,Herring Gull,Larus argentatus,Серебристая чайка
146694276,research,https://www.inaturalist.org/observations/146694276,https://inaturalist-open-data.s3.amazonaws.com/photos/252264906/medium.jpeg,Herring Gull,Larus argentatus,Серебристая чайка
147334192,research,https://www.inaturalist.org/observations/147334192,https://static.inaturalist.org/photos/253507215/medium.jpeg,Серебристая чайка,Larus argentatus,Серебристая чайка
147529041,research,https://www.inaturalist.org/observations/147529041,https://inaturalist-open-data.s3.amazonaws.com/photos/253874928/medium.jpeg,Silbermöwe,Larus argentatus,Серебристая чайка
147718235,research,https://www.inaturalist.org/observations/147718235,https://inaturalist-open-data.s3.amazonaws.com/photos/254234554/medium.jpeg,Herring Gull,Larus argentatus,Серебристая чайка
147779137,research,https://www.inaturalist.org/observations/147779137,https://inaturalist-open-data.s3.amazonaws.com/photos/254349778/medium.jpg,Harmaalokki,Larus argentatus,Серебристая чайка
147788858,research,https://www.inaturalist.org/observations/147788858,https://inaturalist-open-data.s3.amazonaws.com/photos/254369051/medium.jpg,Herring Gull,Larus argentatus,Серебристая чайка
147843589,research,https://www.inaturalist.org/observations/147843589,https://inaturalist-open-data.s3.amazonaws.com/photos/254474524/medium.jpeg,Серебристая чайка,Larus argentatus,Серебристая чайка
147958289,research,https://www.inaturalist.org/observations/147958289,https://inaturalist-open-data.s3.amazonaws.com/photos/254697457/medium.jpeg,Herring Gull,Larus argentatus,Серебристая чайка
147999188,research,https://www.inaturalist.org/observations/147999188,https://static.inaturalist.org/photos/254777373/medium.jpeg,Серебристая чайка,Larus argentatus,Серебристая чайка
148170811,research,https://www.inaturalist.org/observations/148170811,https://inaturalist-open-data.s3.amazonaws.com/photos/255106022/medium.jpeg,Серебристая чайка,Larus argentatus,Серебристая чайка
148185486,research,https://www.inaturalist.org/observations/148185486,https://inaturalist-open-data.s3.amazonaws.com/photos/255132424/medium.jpg,Серебристая чайка,Larus argentatus,Серебристая чайка
148185487,research,https://www.inaturalist.org/observations/148185487,https://inaturalist-open-data.s3.amazonaws.com/photos/255132437/medium.jpg,Серебристая чайка,Larus argentatus,Серебристая чайка
148186310,research,https://www.inaturalist.org/observations/148186310,https://inaturalist-open-data.s3.amazonaws.com/photos/255134751/medium.jpg,Серебристая чайка,Larus argentatus,Серебристая чайка
148186314,research,https://www.inaturalist.org/observations/148186314,https://inaturalist-open-data.s3.amazonaws.com/photos/255134779/medium.jpg,Серебристая чайка,Larus argentatus,Серебристая чайка
148186323,research,https://www.inaturalist.org/observations/148186323,https://inaturalist-open-data.s3.amazonaws.com/photos/255134926/medium.jpg,Серебристая чайка,Larus argentatus,Серебристая чайка
148198438,research,https://www.inaturalist.org/observations/148198438,https://inaturalist-open-data.s3.amazonaws.com/photos/255158883/medium.jpeg,Silbermöwe,Larus argentatus,Серебристая чайка
148258257,research,https://www.inaturalist.org/observations/148258257,https://inaturalist-open-data.s3.amazonaws.com/photos/255272913/medium.jpg,Серебристая чайка,Larus argentatus,Серебристая чайка
148280862,research,https://www.inaturalist.org/observations/148280862,https://inaturalist-open-data.s3.amazonaws.com/photos/255316783/medium.jpeg,Серебристая чайка,Larus argentatus,Серебристая чайка
148308515,research,https://www.inaturalist.org/observations/148308515,https://static.inaturalist.org/photos/255370885/medium.jpeg,Серебристая чайка,Larus argentatus,Серебристая чайка
148308517,research,https://www.inaturalist.org/observations/148308517,https://static.inaturalist.org/photos/255371020/medium.jpeg,Herring Gull,Larus argentatus,Серебристая чайка
148308518,research,https://www.inaturalist.org/observations/148308518,https://static.inaturalist.org/photos/255371109/medium.jpeg,Серебристая чайка,Larus argentatus,Серебристая чайка
148392270,research,https://www.inaturalist.org/observations/148392270,https://inaturalist-open-data.s3.amazonaws.com/photos/255532111/medium.jpeg,Silbermöwe,Larus argentatus,Серебристая чайка
148395811,research,https://www.inaturalist.org/observations/148395811,https://inaturalist-open-data.s3.amazonaws.com/photos/255538307/medium.jpg,Серебристая чайка,Larus argentatus,Серебристая чайка
148395819,research,https://www.inaturalist.org/observations/148395819,https://inaturalist-open-data.s3.amazonaws.com/photos/255538354/medium.jpg,Серебристая чайка,Larus argentatus,Серебристая чайка
148395821,research,https://www.inaturalist.org/observations/148395821,https://inaturalist-open-data.s3.amazonaws.com/photos/255538380/medium.jpg,Серебристая чайка,Larus argentatus,Серебристая чайка
148395822,research,https://www.inaturalist.org/observations/148395822,https://inaturalist-open-data.s3.amazonaws.com/photos/255538388/medium.jpg,Серебристая чайка,Larus argentatus,Серебристая чайка
148395824,research,https://www.inaturalist.org/observations/148395824,https://inaturalist-open-data.s3.amazonaws.com/photos/255538391/medium.jpg,Серебристая чайка,Larus argentatus,Серебристая чайка
148395825,research,https://www.inaturalist.org/observations/148395825,https://inaturalist-open-data.s3.amazonaws.com/photos/255538402/medium.jpg,Серебристая чайка,Larus argentatus,Серебристая чайка
148395840,research,https://www.inaturalist.org/observations/148395840,https://inaturalist-open-data.s3.amazonaws.com/photos/255538497/medium.jpg,Серебристая чайка,Larus argentatus,Серебристая чайка
148612089,research,https://www.inaturalist.org/observations/148612089,https://inaturalist-open-data.s3.amazonaws.com/photos/255951516/medium.jpeg,Серебристая чайка,Larus argentatus,Серебристая чайка
149219783,research,https://www.inaturalist.org/observations/149219783,https://inaturalist-open-data.s3.amazonaws.com/photos/257096901/medium.jpeg,Серебристая чайка,Larus argentatus,Серебристая чайка
149219792,research,https://www.inaturalist.org/observations/149219792,https://inaturalist-open-data.s3.amazonaws.com/photos/257096983/medium.jpeg,Серебристая чайка,Larus argentatus,Серебристая чайка
149570242,research,https://www.inaturalist.org/observations/149570242,https://inaturalist-open-data.s3.amazonaws.com/photos/257741616/medium.jpeg,Серебристая чайка,Larus argentatus,Серебристая чайка
149968833,research,https://www.inaturalist.org/observations/149968833,https://inaturalist-open-data.s3.amazonaws.com/photos/258507948/medium.jpg,Серебристая чайка,Larus argentatus,Серебристая чайка
149973685,research,https://www.inaturalist.org/observations/149973685,https://inaturalist-open-data.s3.amazonaws.com/photos/258517417/medium.jpeg,Серебристая чайка,Larus argentatus,Серебристая чайка
149991649,research,https://www.inaturalist.org/observations/149991649,https://static.inaturalist.org/photos/258550362/medium.jpeg,Серебристая чайка,Larus argentatus,Серебристая чайка
150002475,research,https://www.inaturalist.org/observations/150002475,https://inaturalist-open-data.s3.amazonaws.com/photos/258571632/medium.jpg,Herring Gull,Larus argentatus,Серебристая чайка
150126719,research,https://www.inaturalist.org/observations/150126719,https://static.inaturalist.org/photos/258803696/medium.jpeg,Серебристая чайка,Larus argentatus,Серебристая чайка
150126759,research,https://www.inaturalist.org/observations/150126759,https://inaturalist-open-data.s3.amazonaws.com/photos/258803759/medium.jpeg,Серебристая чайка,Larus argentatus,Серебристая чайка
150294628,research,https://www.inaturalist.org/observations/150294628,https://inaturalist-open-data.s3.amazonaws.com/photos/259125774/medium.jpeg,Herring Gull,Larus argentatus,Серебристая чайка
150724499,research,https://www.inaturalist.org/observations/150724499,https://inaturalist-open-data.s3.amazonaws.com/photos/259952736/medium.jpeg,Серебристая чайка,Larus argentatus,Серебристая чайка
150798253,research,https://www.inaturalist.org/observations/150798253,https://inaturalist-open-data.s3.amazonaws.com/photos/260092371/medium.jpeg,Серебристая чайка,Larus argentatus,Серебристая чайка
150798258,research,https://www.inaturalist.org/observations/150798258,https://inaturalist-open-data.s3.amazonaws.com/photos/260092597/medium.jpeg,Серебристая чайка,Larus argentatus,Серебристая чайка
150829259,research,https://www.inaturalist.org/observations/150829259,https://inaturalist-open-data.s3.amazonaws.com/photos/260149977/medium.jpeg,Herring Gull,Larus argentatus,Серебристая чайка
150948337,research,https://www.inaturalist.org/observations/150948337,https://inaturalist-open-data.s3.amazonaws.com/photos/260373483/medium.jpeg,Серебристая чайка,Larus argentatus,Серебристая чайка
151137773,research,https://www.inaturalist.org/observations/151137773,https://inaturalist-open-data.s3.amazonaws.com/photos/260730709/medium.jpeg,Серебристая чайка,Larus argentatus,Серебристая чайка
151231619,research,https://www.inaturalist.org/observations/151231619,https://inaturalist-open-data.s3.amazonaws.com/photos/260904320/medium.jpg,Herring Gull,Larus argentatus,Серебристая чайка
151376061,research,https://www.inaturalist.org/observations/151376061,https://static.inaturalist.org/photos/261179782/medium.jpeg,Herring Gull,Larus argentatus,Серебристая чайка
151629208,research,https://www.inaturalist.org/observations/151629208,https://inaturalist-open-data.s3.amazonaws.com/photos/261651456/medium.jpeg,Серебристая чайка,Larus argentatus,Серебристая чайка
152473872,research,https://www.inaturalist.org/observations/152473872,https://inaturalist-open-data.s3.amazonaws.com/photos/263220502/medium.jpeg,Серебристая чайка,Larus argentatus,Серебристая чайка
152613761,research,https://www.inaturalist.org/observations/152613761,https://inaturalist-open-data.s3.amazonaws.com/photos/263477379/medium.jpg,Серебристая чайка,Larus argentatus,Серебристая чайка
153547654,research,https://www.inaturalist.org/observations/153547654,https://inaturalist-open-data.s3.amazonaws.com/photos/265216861/medium.jpeg,Серебристая чайка,Larus argentatus,Серебристая чайка
153965366,research,https://www.inaturalist.org/observations/153965366,https://inaturalist-open-data.s3.amazonaws.com/photos/265984664/medium.jpg,Серебристая чайка,Larus argentatus,Серебристая чайка
154118211,research,https://www.inaturalist.org/observations/154118211,https://inaturalist-open-data.s3.amazonaws.com/photos/266266115/medium.jpeg,Серебристая чайка,Larus argentatus,Серебристая чайка
154450696,research,https://www.inaturalist.org/observations/154450696,https://inaturalist-open-data.s3.amazonaws.com/photos/266872980/medium.jpg,Серебристая чайка,Larus argentatus,Серебристая чайка
154451972,research,https://www.inaturalist.org/observations/154451972,https://inaturalist-open-data.s3.amazonaws.com/photos/266874216/medium.jpg,Серебристая чайка,Larus argentatus,Серебристая чайка
154853160,research,https://www.inaturalist.org/observations/154853160,https://inaturalist-open-data.s3.amazonaws.com/photos/267605219/medium.jpg,Серебристая чайка,Larus argentatus,Серебристая чайка
154853165,research,https://www.inaturalist.org/observations/154853165,https://inaturalist-open-data.s3.amazonaws.com/photos/267605667/medium.jpeg,Серебристая чайка,Larus argentatus,Серебристая чайка
154932095,research,https://www.inaturalist.org/observations/154932095,https://static.inaturalist.org/photos/267756645/medium.jpeg,Серебристая чайка,Larus argentatus,Серебристая чайка
155455640,research,https://www.inaturalist.org/observations/155455640,https://inaturalist-open-data.s3.amazonaws.com/photos/268721832/medium.jpg,Herring Gull,Larus argentatus,Серебристая чайка
156305393,research,https://www.inaturalist.org/observations/156305393,https://static.inaturalist.org/photos/270261112/medium.png,Серебристая чайка,Larus argentatus,Серебристая чайка
156704133,research,https://www.inaturalist.org/observations/156704133,https://inaturalist-open-data.s3.amazonaws.com/photos/270998620/medium.jpeg,Herring Gull,Larus argentatus,Серебристая чайка
157058483,research,https://www.inaturalist.org/observations/157058483,https://inaturalist-open-data.s3.amazonaws.com/photos/271616579/medium.jpg,Серебристая чайка,Larus argentatus,Серебристая чайка
158696672,research,https://www.inaturalist.org/observations/158696672,https://inaturalist-open-data.s3.amazonaws.com/photos/274226727/medium.jpeg,Серебристая чайка,Larus argentatus,Серебристая чайка
159410119,research,https://www.inaturalist.org/observations/159410119,https://inaturalist-open-data.s3.amazonaws.com/photos/275420009/medium.jpeg,Серебристая чайка,Larus argentatus,Серебристая чайка
161449028,research,https://www.inaturalist.org/observations/161449028,https://inaturalist-open-data.s3.amazonaws.com/photos/279060008/medium.jpg,Herring Gull,Larus argentatus,Серебристая чайка
162944363,research,https://www.inaturalist.org/observations/162944363,https://static.inaturalist.org/photos/281779689/medium.jpg,Серебристая чайка,Larus argentatus,Серебристая чайка
164264852,research,https://www.inaturalist.org/observations/164264852,https://inaturalist-open-data.s3.amazonaws.com/photos/284186513/medium.jpg,Серебристая чайка,Larus argentatus,Серебристая чайка
164443671,research,https://www.inaturalist.org/observations/164443671,https://inaturalist-open-data.s3.amazonaws.com/photos/284524381/medium.jpeg,Серебристая чайка,Larus argentatus,Серебристая чайка
166441137,research,https://www.inaturalist.org/observations/166441137,https://inaturalist-open-data.s3.amazonaws.com/photos/288226526/medium.jpeg,Серебристая чайка,Larus argentatus,Серебристая чайка
167150334,research,https://www.inaturalist.org/observations/167150334,https://inaturalist-open-data.s3.amazonaws.com/photos/289528257/medium.jpg,Herring Gull,Larus argentatus,Серебристая чайка
167513456,research,https://www.inaturalist.org/observations/167513456,https://static.inaturalist.org/photos/290196787/medium.jpg,Серебристая чайка,Larus argentatus,Серебристая чайка
167951209,research,https://www.inaturalist.org/observations/167951209,https://inaturalist-open-data.s3.amazonaws.com/photos/291001667/medium.jpg,Серебристая чайка,Larus argentatus,Серебристая чайка
168647564,research,https://www.inaturalist.org/observations/168647564,https://inaturalist-open-data.s3.amazonaws.com/photos/292303698/medium.jpg,Серебристая чайка,Larus argentatus,Серебристая чайка
169081651,research,https://www.inaturalist.org/observations/169081651,https://inaturalist-open-data.s3.amazonaws.com/photos/293103440/medium.jpeg,Серебристая чайка,Larus argentatus,Серебристая чайка
169174046,research,https://www.inaturalist.org/observations/169174046,https://inaturalist-open-data.s3.amazonaws.com/photos/293352366/medium.jpeg,Альбатросовые,Larus argentatus,Серебристая чайка
169244349,research,https://www.inaturalist.org/observations/169244349,https://static.inaturalist.org/photos/293398654/medium.jpeg,Серебристая чайка,Larus argentatus,Серебристая чайка
170365824,research,https://www.inaturalist.org/observations/170365824,https://inaturalist-open-data.s3.amazonaws.com/photos/295472726/medium.jpeg,Herring Gull,Larus argentatus,Серебристая чайка
170368137,research,https://www.inaturalist.org/observations/170368137,https://inaturalist-open-data.s3.amazonaws.com/photos/295477860/medium.jpg,Herring Gull,Larus argentatus,Серебристая чайка
170480282,needs_id,https://www.inaturalist.org/observations/170480282,https://static.inaturalist.org/photos/295690961/medium.jpeg,Серебристая чайка,Larus argentatus,Серебристая чайка
170797274,research,https://www.inaturalist.org/observations/170797274,https://inaturalist-open-data.s3.amazonaws.com/photos/296294182/medium.jpg,Серебристая чайка,Larus argentatus,Серебристая чайка
170933948,research,https://www.inaturalist.org/observations/170933948,https://static.inaturalist.org/photos/296549355/medium.jpeg,Herring Gull,Larus argentatus,Серебристая чайка
171415633,research,https://www.inaturalist.org/observations/171415633,https://static.inaturalist.org/photos/297444180/medium.jpg,Серебристая чайка,Larus argentatus,Серебристая чайка
172340735,research,https://www.inaturalist.org/observations/172340735,https://inaturalist-open-data.s3.amazonaws.com/photos/299169059/medium.jpeg,Серебристая чайка,Larus argentatus,Серебристая чайка
173029700,research,https://www.inaturalist.org/observations/173029700,https://inaturalist-open-data.s3.amazonaws.com/photos/300445947/medium.jpg,Herring Gull,Larus argentatus,Серебристая чайка
173746209,needs_id,https://www.inaturalist.org/observations/173746209,https://inaturalist-open-data.s3.amazonaws.com/photos/301765097/medium.jpg,Серебристая Чайка,Larus argentatus,Серебристая чайка
173951925,research,https://www.inaturalist.org/observations/173951925,https://inaturalist-open-data.s3.amazonaws.com/photos/302153757/medium.jpeg,Серебристая чайка,Larus argentatus,Серебристая чайка
174587588,research,https://www.inaturalist.org/observations/174587588,https://static.inaturalist.org/photos/303322701/medium.jpeg,Серебристая чайка,Larus argentatus,Серебристая чайка
174703664,research,https://www.inaturalist.org/observations/174703664,https://inaturalist-open-data.s3.amazonaws.com/photos/303537434/medium.jpg,Серебристая чайка,Larus argentatus,Серебристая чайка
175007273,research,https://www.inaturalist.org/observations/175007273,https://static.inaturalist.org/photos/304106098/medium.jpg,Серебристая чайка,Larus argentatus,Серебристая чайка
175033773,research,https://www.inaturalist.org/observations/175033773,https://inaturalist-open-data.s3.amazonaws.com/photos/304152742/medium.jpg,Серебристая чайка,Larus argentatus,Серебристая чайка
175035648,research,https://www.inaturalist.org/observations/175035648,https://inaturalist-open-data.s3.amazonaws.com/photos/304156136/medium.jpg,Серебристая чайка,Larus argentatus,Серебристая чайка
175120686,research,https://www.inaturalist.org/observations/175120686,https://inaturalist-open-data.s3.amazonaws.com/photos/304309303/medium.jpg,Серебристая чайка,Larus argentatus,Серебристая чайка
175120688,research,https://www.inaturalist.org/observations/175120688,https://inaturalist-open-data.s3.amazonaws.com/photos/304309324/medium.jpg,Серебристая чайка,Larus argentatus,Серебристая чайка
175120689,research,https://www.inaturalist.org/observations/175120689,https://inaturalist-open-data.s3.amazonaws.com/photos/304309337/medium.jpg,Серебристая чайка,Larus argentatus,Серебристая чайка
175120690,research,https://www.inaturalist.org/observations/175120690,https://inaturalist-open-data.s3.amazonaws.com/photos/304309438/medium.jpg,Серебристая чайка,Larus argentatus,Серебристая чайка
175120693,research,https://www.inaturalist.org/observations/175120693,https://inaturalist-open-data.s3.amazonaws.com/photos/304309465/medium.jpg,Серебристая чайка,Larus argentatus,Серебристая чайка
177106310,research,https://www.inaturalist.org/observations/177106310,https://static.inaturalist.org/photos/307985486/medium.jpeg,Серебристая чайка,Larus argentatus,Серебристая чайка
177130804,research,https://www.inaturalist.org/observations/177130804,https://inaturalist-open-data.s3.amazonaws.com/photos/308032240/medium.jpeg,Серебристая чайка,Larus argentatus,Серебристая чайка
177395925,research,https://www.inaturalist.org/observations/177395925,https://inaturalist-open-data.s3.amazonaws.com/photos/308514452/medium.jpeg,Серебристая чайка,Larus argentatus,Серебристая чайка
177456147,research,https://www.inaturalist.org/observations/177456147,https://inaturalist-open-data.s3.amazonaws.com/photos/308640310/medium.jpg,Серебристая чайка,Larus argentatus,Серебристая чайка
177473982,research,https://www.inaturalist.org/observations/177473982,https://inaturalist-open-data.s3.amazonaws.com/photos/308675362/medium.jpg,Серебристая чайка,Larus argentatus,Серебристая чайка
177515226,research,https://www.inaturalist.org/observations/177515226,https://inaturalist-open-data.s3.amazonaws.com/photos/308747805/medium.jpg,Серебристая чайка,Larus argentatus,Серебристая чайка
177829306,research,https://www.inaturalist.org/observations/177829306,https://inaturalist-open-data.s3.amazonaws.com/photos/309341486/medium.jpeg,Herring Gull,Larus argentatus,Серебристая чайка
177973452,research,https://www.inaturalist.org/observations/177973452,https://static.inaturalist.org/photos/309611879/medium.jpg,Серебристая чайка,Larus argentatus,Серебристая чайка
177982880,research,https://www.inaturalist.org/observations/177982880,https://inaturalist-open-data.s3.amazonaws.com/photos/309629165/medium.jpg,Серебристая чайка,Larus argentatus,Серебристая чайка
179318665,research,https://www.inaturalist.org/observations/179318665,https://static.inaturalist.org/photos/312164919/medium.jpeg,Серебристая чайка,Larus argentatus,Серебристая чайка
179329287,research,https://www.inaturalist.org/observations/179329287,https://static.inaturalist.org/photos/312185638/medium.jpg,Серебристая чайка,Larus argentatus,Серебристая чайка
179870543,research,https://www.inaturalist.org/observations/179870543,https://inaturalist-open-data.s3.amazonaws.com/photos/313221429/medium.jpeg,Gaivota-prateada,Larus argentatus,Серебристая чайка
181234940,research,https://www.inaturalist.org/observations/181234940,https://inaturalist-open-data.s3.amazonaws.com/photos/315830064/medium.jpeg,Серебристая чайка,Larus argentatus,Серебристая чайка
181234941,needs_id,https://www.inaturalist.org/observations/181234941,https://inaturalist-open-data.s3.amazonaws.com/photos/315829780/medium.jpeg,Серебристая Чайка,Larus argentatus,Серебристая чайка
181234944,research,https://www.inaturalist.org/observations/181234944,https://inaturalist-open-data.s3.amazonaws.com/photos/315830898/medium.jpeg,Серебристая чайка,Larus argentatus,Серебристая чайка
181522799,research,https://www.inaturalist.org/observations/181522799,https://inaturalist-open-data.s3.amazonaws.com/photos/316330851/medium.jpg,Серебристая чайка,Larus argentatus,Серебристая чайка
181721358,research,https://www.inaturalist.org/observations/181721358,https://static.inaturalist.org/photos/316707332/medium.jpg,Серебристая чайка,Larus argentatus,Серебристая чайка
185597092,research,https://www.inaturalist.org/observations/185597092,https://inaturalist-open-data.s3.amazonaws.com/photos/324164342/medium.jpeg,Серебристая чайка,Larus argentatus,Серебристая чайка
185746816,research,https://www.inaturalist.org/observations/185746816,https://inaturalist-open-data.s3.amazonaws.com/photos/324454891/medium.jpeg,Серебристая чайка,Larus argentatus,Серебристая чайка
186025838,needs_id,https://www.inaturalist.org/observations/186025838,https://inaturalist-open-data.s3.amazonaws.com/photos/325003360/medium.jpeg,серебристая чайка,Larus argentatus,Серебристая чайка
186267553,research,https://www.inaturalist.org/observations/186267553,https://inaturalist-open-data.s3.amazonaws.com/photos/325483679/medium.jpeg,Серебристая чайка,Larus argentatus,Серебристая чайка
189089153,research,https://www.inaturalist.org/observations/189089153,https://inaturalist-open-data.s3.amazonaws.com/photos/331140321/medium.jpeg,Серебристая чайка,Larus argentatus,Серебристая чайка
189628437,research,https://www.inaturalist.org/observations/189628437,https://inaturalist-open-data.s3.amazonaws.com/photos/332243178/medium.jpg,Серебристая чайка,Larus argentatus,Серебристая чайка
189628444,research,https://www.inaturalist.org/observations/189628444,https://inaturalist-open-data.s3.amazonaws.com/photos/332243209/medium.jpg,Серебристая чайка,Larus argentatus,Серебристая чайка
189628448,research,https://www.inaturalist.org/observations/189628448,https://inaturalist-open-data.s3.amazonaws.com/photos/332243243/medium.jpg,Серебристая чайка,Larus argentatus,Серебристая чайка
189895550,research,https://www.inaturalist.org/observations/189895550,https://inaturalist-open-data.s3.amazonaws.com/photos/332767611/medium.jpeg,Серебристая чайка,Larus argentatus,Серебристая чайка
190799155,research,https://www.inaturalist.org/observations/190799155,https://inaturalist-open-data.s3.amazonaws.com/photos/334562937/medium.jpeg,Серебристая чайка,Larus argentatus,Серебристая чайка
190917010,research,https://www.inaturalist.org/observations/190917010,https://inaturalist-open-data.s3.amazonaws.com/photos/334794292/medium.jpg,Серебристая чайка,Larus argentatus,Серебристая чайка
191159536,research,https://www.inaturalist.org/observations/191159536,https://static.inaturalist.org/photos/335281331/medium.jpg,Серебристая чайка,Larus argentatus,Серебристая чайка
191188428,research,https://www.inaturalist.org/observations/191188428,https://inaturalist-open-data.s3.amazonaws.com/photos/335339893/medium.jpg,Серебристая чайка,Larus argentatus,Серебристая чайка
191202877,research,https://www.inaturalist.org/observations/191202877,https://inaturalist-open-data.s3.amazonaws.com/photos/335369336/medium.jpg,Серебристая чайка,Larus argentatus,Серебристая чайка
191207743,research,https://www.inaturalist.org/observations/191207743,https://inaturalist-open-data.s3.amazonaws.com/photos/335378420/medium.jpg,Серебристая чайка,Larus argentatus,Серебристая чайка
191208252,research,https://www.inaturalist.org/observations/191208252,https://inaturalist-open-data.s3.amazonaws.com/photos/335379364/medium.jpg,Серебристая чайка,Larus argentatus,Серебристая чайка
192047662,research,https://www.inaturalist.org/observations/192047662,https://inaturalist-open-data.s3.amazonaws.com/photos/337056813/medium.jpg,Серебристая чайка,Larus argentatus,Серебристая чайка
192112703,research,https://www.inaturalist.org/observations/192112703,https://inaturalist-open-data.s3.amazonaws.com/photos/337179950/medium.jpg,Серебристая чайка,Larus argentatus,Серебристая чайка
192211530,research,https://www.inaturalist.org/observations/192211530,https://inaturalist-open-data.s3.amazonaws.com/photos/337375676/medium.jpeg,Серебристая чайка,Larus argentatus,Серебристая чайка
192456589,research,https://www.inaturalist.org/observations/192456589,https://inaturalist-open-data.s3.amazonaws.com/photos/337855774/medium.jpg,Серебристая чайка,Larus argentatus,Серебристая чайка
192533050,research,https://www.inaturalist.org/observations/192533050,https://inaturalist-open-data.s3.amazonaws.com/photos/338009356/medium.jpeg,Серебристая чайка,Larus argentatus,Серебристая чайка
192916147,research,https://www.inaturalist.org/observations/192916147,https://inaturalist-open-data.s3.amazonaws.com/photos/338774930/medium.jpeg,Серебристая чайка,Larus argentatus,Серебристая чайка
193138592,research,https://www.inaturalist.org/observations/193138592,https://inaturalist-open-data.s3.amazonaws.com/photos/339229641/medium.jpg,Серебристая чайка,Larus argentatus,Серебристая чайка
193310600,research,https://www.inaturalist.org/observations/193310600,https://static.inaturalist.org/photos/339570094/medium.jpeg,Серебристая чайка,Larus argentatus,Серебристая чайка
193428360,research,https://www.inaturalist.org/observations/193428360,https://inaturalist-open-data.s3.amazonaws.com/photos/339788046/medium.jpeg,Серебристая чайка,Larus argentatus,Серебристая чайка
193511584,research,https://www.inaturalist.org/observations/193511584,https://inaturalist-open-data.s3.amazonaws.com/photos/339942563/medium.jpg,Серебристая чайка,Larus argentatus,Серебристая чайка
193517593,research,https://www.inaturalist.org/observations/193517593,https://inaturalist-open-data.s3.amazonaws.com/photos/339952604/medium.jpg,Серебристая чайка,Larus argentatus,Серебристая чайка
193737204,research,https://www.inaturalist.org/observations/193737204,https://inaturalist-open-data.s3.amazonaws.com/photos/340362037/medium.jpg,Серебристая чайка,Larus argentatus,Серебристая чайка
193737205,research,https://www.inaturalist.org/observations/193737205,https://inaturalist-open-data.s3.amazonaws.com/photos/340362910/medium.jpg,Серебристая чайка,Larus argentatus,Серебристая чайка
193737206,research,https://www.inaturalist.org/observations/193737206,https://inaturalist-open-data.s3.amazonaws.com/photos/340362685/medium.jpg,Серебристая чайка,Larus argentatus,Серебристая чайка
193812647,research,https://www.inaturalist.org/observations/193812647,https://inaturalist-open-data.s3.amazonaws.com/photos/340518683/medium.jpg,Серебристая чайка,Larus argentatus,Серебристая чайка
193812649,research,https://www.inaturalist.org/observations/193812649,https://inaturalist-open-data.s3.amazonaws.com/photos/340518765/medium.jpg,Серебристая чайка,Larus argentatus,Серебристая чайка
194097949,research,https://www.inaturalist.org/observations/194097949,https://inaturalist-open-data.s3.amazonaws.com/photos/341089098/medium.jpeg,Серебристая чайка,Larus argentatus,Серебристая чайка
194104203,research,https://www.inaturalist.org/observations/194104203,https://static.inaturalist.org/photos/341101008/medium.jpeg,Серебристая чайка,Larus argentatus,Серебристая чайка
194122546,research,https://www.inaturalist.org/observations/194122546,https://inaturalist-open-data.s3.amazonaws.com/photos/341138512/medium.jpg,Серебристая чайка,Larus argentatus,Серебристая чайка
194185007,research,https://www.inaturalist.org/observations/194185007,https://inaturalist-open-data.s3.amazonaws.com/photos/341265229/medium.jpeg,Серебристая чайка,Larus argentatus,Серебристая чайка
194185011,research,https://www.inaturalist.org/observations/194185011,https://inaturalist-open-data.s3.amazonaws.com/photos/341265336/medium.jpeg,Серебристая чайка,Larus argentatus,Серебристая чайка
194412250,research,https://www.inaturalist.org/observations/194412250,https://inaturalist-open-data.s3.amazonaws.com/photos/341728999/medium.jpg,Серебристая чайка,Larus argentatus,Серебристая чайка
194412337,research,https://www.inaturalist.org/observations/194412337,https://inaturalist-open-data.s3.amazonaws.com/photos/341729117/medium.jpg,Серебристая чайка,Larus argentatus,Серебристая чайка
194415947,research,https://www.inaturalist.org/observations/194415947,https://inaturalist-open-data.s3.amazonaws.com/photos/341734944/medium.jpeg,Серебристая чайка,Larus argentatus,Серебристая чайка
194415950,research,https://www.inaturalist.org/observations/194415950,https://inaturalist-open-data.s3.amazonaws.com/photos/341734949/medium.jpeg,Серебристая чайка,Larus argentatus,Серебристая чайка
194415951,research,https://www.inaturalist.org/observations/194415951,https://inaturalist-open-data.s3.amazonaws.com/photos/341734958/medium.jpeg,Серебристая чайка,Larus argentatus,Серебристая чайка
194563632,research,https://www.inaturalist.org/observations/194563632,https://inaturalist-open-data.s3.amazonaws.com/photos/342037296/medium.jpg,Серебристая чайка,Larus argentatus,Серебристая чайка
194970884,research,https://www.inaturalist.org/observations/194970884,https://inaturalist-open-data.s3.amazonaws.com/photos/342873273/medium.jpeg,Серебристая чайка,Larus argentatus,Серебристая чайка
194986341,research,https://www.inaturalist.org/observations/194986341,https://inaturalist-open-data.s3.amazonaws.com/photos/343083627/medium.jpeg,Серебристая чайка,Larus argentatus,Серебристая чайка
195069004,research,https://www.inaturalist.org/observations/195069004,https://static.inaturalist.org/photos/343074641/medium.jpeg,Серебристая чайка,Larus argentatus,Серебристая чайка
195200148,research,https://www.inaturalist.org/observations/195200148,https://inaturalist-open-data.s3.amazonaws.com/photos/343337593/medium.jpeg,Серебристая Чайка,Larus argentatus,Серебристая чайка
195240136,research,https://www.inaturalist.org/observations/195240136,https://inaturalist-open-data.s3.amazonaws.com/photos/343421992/medium.jpg,Серебристая чайка,Larus argentatus,Серебристая чайка
195566166,research,https://www.inaturalist.org/observations/195566166,https://inaturalist-open-data.s3.amazonaws.com/photos/344086644/medium.jpeg,Серебристая чайка,Larus argentatus,Серебристая чайка
195566171,research,https://www.inaturalist.org/observations/195566171,https://inaturalist-open-data.s3.amazonaws.com/photos/344086891/medium.jpeg,Серебристая чайка,Larus argentatus,Серебристая чайка
195647262,research,https://www.inaturalist.org/observations/195647262,https://inaturalist-open-data.s3.amazonaws.com/photos/344249553/medium.jpeg,Серебристая чайка,Larus argentatus,Серебристая чайка
195684398,research,https://www.inaturalist.org/observations/195684398,https://inaturalist-open-data.s3.amazonaws.com/photos/344322910/medium.jpeg,Серебристая чайка,Larus argentatus,Серебристая чайка
195772665,research,https://www.inaturalist.org/observations/195772665,https://inaturalist-open-data.s3.amazonaws.com/photos/344498792/medium.jpeg,Серебристая чайка,Larus argentatus,Серебристая чайка
195772668,research,https://www.inaturalist.org/observations/195772668,https://inaturalist-open-data.s3.amazonaws.com/photos/344498883/medium.jpeg,Серебристая чайка,Larus argentatus,Серебристая чайка
196447945,research,https://www.inaturalist.org/observations/196447945,https://inaturalist-open-data.s3.amazonaws.com/photos/345865695/medium.jpeg,Серебристая чайка,Larus argentatus,Серебристая чайка
196448152,research,https://www.inaturalist.org/observations/196448152,https://inaturalist-open-data.s3.amazonaws.com/photos/345866195/medium.jpeg,Серебристая чайка,Larus argentatus,Серебристая чайка
196649178,research,https://www.inaturalist.org/observations/196649178,https://inaturalist-open-data.s3.amazonaws.com/photos/346149016/medium.jpeg,Серебристая чайка,Larus argentatus,Серебристая чайка
196851417,research,https://www.inaturalist.org/observations/196851417,https://inaturalist-open-data.s3.amazonaws.com/photos/346554770/medium.jpg,Серебристая чайка,Larus argentatus,Серебристая чайка
196927533,research,https://www.inaturalist.org/observations/196927533,https://inaturalist-open-data.s3.amazonaws.com/photos/346708647/medium.jpg,Серебристая чайка,Larus argentatus,Серебристая чайка
197227118,research,https://www.inaturalist.org/observations/197227118,https://static.inaturalist.org/photos/347315511/medium.jpg,Серебристая чайка,Larus argentatus,Серебристая чайка
197521345,research,https://www.inaturalist.org/observations/197521345,https://inaturalist-open-data.s3.amazonaws.com/photos/347911902/medium.jpeg,Серебристая чайка,Larus argentatus,Серебристая чайка
197521819,research,https://www.inaturalist.org/observations/197521819,https://inaturalist-open-data.s3.amazonaws.com/photos/347912440/medium.jpeg,Серебристая чайка,Larus argentatus,Серебристая чайка
197521820,research,https://www.inaturalist.org/observations/197521820,https://inaturalist-open-data.s3.amazonaws.com/photos/347912445/medium.jpeg,Серебристая чайка,Larus argentatus,Серебристая чайка
197609805,research,https://www.inaturalist.org/observations/197609805,https://inaturalist-open-data.s3.amazonaws.com/photos/348091205/medium.jpg,Серебристая чайка,Larus argentatus,Серебристая чайка
197632409,research,https://www.inaturalist.org/observations/197632409,https://static.inaturalist.org/photos/348136512/medium.jpeg,Серебристая чайка,Larus argentatus,Серебристая чайка
197632513,research,https://www.inaturalist.org/observations/197632513,https://static.inaturalist.org/photos/348136733/medium.jpeg,Серебристая чайка,Larus argentatus,Серебристая чайка
197632585,research,https://www.inaturalist.org/observations/197632585,https://static.inaturalist.org/photos/348136869/medium.jpeg,Серебристая чайка,Larus argentatus,Серебристая чайка
197632669,research,https://www.inaturalist.org/observations/197632669,https://static.inaturalist.org/photos/348136962/medium.jpeg,Серебристая чайка,Larus argentatus,Серебристая чайка
197636683,research,https://www.inaturalist.org/observations/197636683,https://static.inaturalist.org/photos/348144218/medium.jpeg,Серебристая чайка,Larus argentatus,Серебристая чайка
197637585,research,https://www.inaturalist.org/observations/197637585,https://static.inaturalist.org/photos/348145507/medium.jpeg,Серебристая чайка,Larus argentatus,Серебристая чайка
197639141,research,https://www.inaturalist.org/observations/197639141,https://static.inaturalist.org/photos/348148581/medium.jpeg,Серебристая чайка,Larus argentatus,Серебристая чайка
197824100,research,https://www.inaturalist.org/observations/197824100,https://inaturalist-open-data.s3.amazonaws.com/photos/348517653/medium.jpeg,Серебристая чайка,Larus argentatus,Серебристая чайка
197824255,research,https://www.inaturalist.org/observations/197824255,https://inaturalist-open-data.s3.amazonaws.com/photos/348518092/medium.jpeg,Серебристая чайка,Larus argentatus,Серебристая чайка
197824702,research,https://www.inaturalist.org/observations/197824702,https://inaturalist-open-data.s3.amazonaws.com/photos/348518879/medium.jpeg,Серебристая чайка,Larus argentatus,Серебристая чайка
197826146,research,https://www.inaturalist.org/observations/197826146,https://inaturalist-open-data.s3.amazonaws.com/photos/348521617/medium.jpeg,Серебристая чайка,Larus argentatus,Серебристая чайка
197826285,research,https://www.inaturalist.org/observations/197826285,https://inaturalist-open-data.s3.amazonaws.com/photos/348521839/medium.jpeg,Серебристая чайка,Larus argentatus,Серебристая чайка
197826323,research,https://www.inaturalist.org/observations/197826323,https://inaturalist-open-data.s3.amazonaws.com/photos/348521951/medium.jpeg,Серебристая чайка,Larus argentatus,Серебристая чайка
197967891,research,https://www.inaturalist.org/observations/197967891,https://inaturalist-open-data.s3.amazonaws.com/photos/348809455/medium.jpeg,Серебристая чайка,Larus argentatus,Серебристая чайка
198141167,research,https://www.inaturalist.org/observations/198141167,https://inaturalist-open-data.s3.amazonaws.com/photos/349159850/medium.jpeg,Серебристая чайка,Larus argentatus,Серебристая чайка
198143169,research,https://www.inaturalist.org/observations/198143169,https://inaturalist-open-data.s3.amazonaws.com/photos/349164285/medium.jpeg,Серебристая чайка,Larus argentatus,Серебристая чайка
198143841,research,https://www.inaturalist.org/observations/198143841,https://inaturalist-open-data.s3.amazonaws.com/photos/349165573/medium.jpeg,Серебристая Чайка,Larus argentatus,Серебристая чайка
198145699,research,https://www.inaturalist.org/observations/198145699,https://inaturalist-open-data.s3.amazonaws.com/photos/349169030/medium.jpeg,Серебристая чайка,Larus argentatus,Серебристая чайка
198215787,research,https://www.inaturalist.org/observations/198215787,https://inaturalist-open-data.s3.amazonaws.com/photos/349310906/medium.jpeg,Серебристая чайка,Larus argentatus,Серебристая чайка
198309451,research,https://www.inaturalist.org/observations/198309451,https://inaturalist-open-data.s3.amazonaws.com/photos/349492431/medium.jpeg,Серебристая чайка,Larus argentatus,Серебристая чайка
198474142,research,https://www.inaturalist.org/observations/198474142,https://inaturalist-open-data.s3.amazonaws.com/photos/349827528/medium.jpeg,Серебристая чайка,Larus argentatus,Серебристая чайка
198554599,research,https://www.inaturalist.org/observations/198554599,https://inaturalist-open-data.s3.amazonaws.com/photos/349987025/medium.jpeg,Серебристая чайка,Larus argentatus,Серебристая чайка
198794827,research,https://www.inaturalist.org/observations/198794827,https://inaturalist-open-data.s3.amazonaws.com/photos/350454933/medium.jpeg,Серебристая чайка,Larus argentatus,Серебристая чайка
199444585,research,https://www.inaturalist.org/observations/199444585,https://inaturalist-open-data.s3.amazonaws.com/photos/351727331/medium.jpeg,Серебристая чайка,Larus argentatus,Серебристая чайка
199978921,research,https://www.inaturalist.org/observations/199978921,https://static.inaturalist.org/photos/352816439/medium.jpeg,Серебристая чайка,Larus argentatus,Серебристая чайка
199982604,research,https://www.inaturalist.org/observations/199982604,https://inaturalist-open-data.s3.amazonaws.com/photos/352743841/medium.jpeg,Серебристая чайка,Larus argentatus,Серебристая чайка
200020333,research,https://www.inaturalist.org/observations/200020333,https://static.inaturalist.org/photos/352817355/medium.jpeg,Серебристая чайка,Larus argentatus,Серебристая чайка
200022340,research,https://www.inaturalist.org/observations/200022340,https://static.inaturalist.org/photos/352821236/medium.jpeg,Серебристая чайка,Larus argentatus,Серебристая чайка
200022479,research,https://www.inaturalist.org/observations/200022479,https://static.inaturalist.org/photos/352821651/medium.jpeg,Серебристая чайка,Larus argentatus,Серебристая чайка
200022560,research,https://www.inaturalist.org/observations/200022560,https://static.inaturalist.org/photos/352821907/medium.jpeg,Серебристая чайка,Larus argentatus,Серебристая чайка
200022892,research,https://www.inaturalist.org/observations/200022892,https://static.inaturalist.org/photos/352822760/medium.jpeg,Серебристая чайка,Larus argentatus,Серебристая чайка
200025332,research,https://www.inaturalist.org/observations/200025332,https://static.inaturalist.org/photos/352827440/medium.jpeg,Серебристая чайка,Larus argentatus,Серебристая чайка
200025497,research,https://www.inaturalist.org/observations/200025497,https://static.inaturalist.org/photos/352827842/medium.jpeg,Серебристая чайка,Larus argentatus,Серебристая чайка
200025693,research,https://www.inaturalist.org/observations/200025693,https://static.inaturalist.org/photos/352827928/medium.jpeg,Серебристая чайка,Larus argentatus,Серебристая чайка
200026853,research,https://www.inaturalist.org/observations/200026853,https://static.inaturalist.org/photos/352829885/medium.jpeg,Серебристая чайка,Larus argentatus,Серебристая чайка
200027004,research,https://www.inaturalist.org/observations/200027004,https://static.inaturalist.org/photos/352830213/medium.jpeg,Серебристая чайка,Larus argentatus,Серебристая чайка
200027195,research,https://www.inaturalist.org/observations/200027195,https://static.inaturalist.org/photos/352830491/medium.jpeg,Серебристая чайка,Larus argentatus,Серебристая чайка
200059338,research,https://www.inaturalist.org/observations/200059338,https://inaturalist-open-data.s3.amazonaws.com/photos/352895709/medium.jpeg,Серебристая чайка,Larus argentatus,Серебристая чайка
200059838,research,https://www.inaturalist.org/observations/200059838,https://inaturalist-open-data.s3.amazonaws.com/photos/352896846/medium.jpeg,Серебристая чайка,Larus argentatus,Серебристая чайка
200065929,research,https://www.inaturalist.org/observations/200065929,https://inaturalist-open-data.s3.amazonaws.com/photos/352908705/medium.jpeg,Серебристая чайка,Larus argentatus,Серебристая чайка
200120220,research,https://www.inaturalist.org/observations/200120220,https://inaturalist-open-data.s3.amazonaws.com/photos/353013933/medium.jpeg,Серебристая чайка,Larus argentatus,Серебристая чайка
200120525,research,https://www.inaturalist.org/observations/200120525,https://inaturalist-open-data.s3.amazonaws.com/photos/353014562/medium.jpeg,Серебристая чайка,Larus argentatus,Серебристая чайка
200122182,research,https://www.inaturalist.org/observations/200122182,https://inaturalist-open-data.s3.amazonaws.com/photos/353017778/medium.jpeg,Серебристая чайка,Larus argentatus,Серебристая чайка
200260757,research,https://www.inaturalist.org/observations/200260757,https://inaturalist-open-data.s3.amazonaws.com/photos/353290818/medium.jpeg,Серебристая чайка,Larus argentatus,Серебристая чайка
200400419,research,https://www.inaturalist.org/observations/200400419,https://inaturalist-open-data.s3.amazonaws.com/photos/353562392/medium.jpeg,Серебристая чайка,Larus argentatus,Серебристая чайка
200414324,research,https://www.inaturalist.org/observations/200414324,https://inaturalist-open-data.s3.amazonaws.com/photos/353590579/medium.jpg,Серебристая чайка,Larus argentatus,Серебристая чайка
200632980,research,https://www.inaturalist.org/observations/200632980,https://inaturalist-open-data.s3.amazonaws.com/photos/354015506/medium.jpeg,Серебристая чайка,Larus argentatus,Серебристая чайка
200749693,research,https://www.inaturalist.org/observations/200749693,https://static.inaturalist.org/photos/354240827/medium.jpeg,Серебристая чайка,Larus argentatus,Серебристая чайка
200760524,research,https://www.inaturalist.org/observations/200760524,https://inaturalist-open-data.s3.amazonaws.com/photos/354236367/medium.jpeg,Серебристая чайка,Larus argentatus,Серебристая чайка
200801789,research,https://www.inaturalist.org/observations/200801789,https://inaturalist-open-data.s3.amazonaws.com/photos/354344753/medium.jpeg,Серебристая чайка,Larus argentatus,Серебристая чайка
200939302,research,https://www.inaturalist.org/observations/200939302,https://inaturalist-open-data.s3.amazonaws.com/photos/354612886/medium.jpeg,Серебристая чайка,Larus argentatus,Серебристая чайка
201016110,needs_id,https://www.inaturalist.org/observations/201016110,https://inaturalist-open-data.s3.amazonaws.com/photos/354766494/medium.jpg,Серебристая чайка,Larus argentatus,Серебристая чайка
201050408,research,https://www.inaturalist.org/observations/201050408,https://static.inaturalist.org/photos/354831833/medium.jpeg,Серебристая чайка,Larus argentatus,Серебристая чайка
201133884,research,https://www.inaturalist.org/observations/201133884,https://inaturalist-open-data.s3.amazonaws.com/photos/354997247/medium.jpg,Серебристая чайка,Larus argentatus,Серебристая чайка
201133989,research,https://www.inaturalist.org/observations/201133989,https://inaturalist-open-data.s3.amazonaws.com/photos/354997493/medium.jpg,Серебристая чайка,Larus argentatus,Серебристая чайка
201299373,research,https://www.inaturalist.org/observations/201299373,https://inaturalist-open-data.s3.amazonaws.com/photos/355316004/medium.jpg,Серебристая чайка,Larus argentatus,Серебристая чайка
201299375,research,https://www.inaturalist.org/observations/201299375,https://inaturalist-open-data.s3.amazonaws.com/photos/355320103/medium.jpg,Серебристая чайка,Larus argentatus,Серебристая чайка
201299380,research,https://www.inaturalist.org/observations/201299380,https://inaturalist-open-data.s3.amazonaws.com/photos/355320101/medium.jpg,Серебристая чайка,Larus argentatus,Серебристая чайка
201787550,research,https://www.inaturalist.org/observations/201787550,https://inaturalist-open-data.s3.amazonaws.com/photos/356263817/medium.jpeg,Серебристая чайка,Larus argentatus,Серебристая чайка
201914150,research,https://www.inaturalist.org/observations/201914150,https://inaturalist-open-data.s3.amazonaws.com/photos/356512424/medium.jpg,Серебристая чайка,Larus argentatus,Серебристая чайка
202035690,research,https://www.inaturalist.org/observations/202035690,https://inaturalist-open-data.s3.amazonaws.com/photos/356745874/medium.jpeg,Серебристая чайка,Larus argentatus,Серебристая чайка
202304947,research,https://www.inaturalist.org/observations/202304947,https://inaturalist-open-data.s3.amazonaws.com/photos/357253777/medium.jpeg,Серебристая чайка,Larus argentatus,Серебристая чайка
202304963,needs_id,https://www.inaturalist.org/observations/202304963,https://inaturalist-open-data.s3.amazonaws.com/photos/357254752/medium.jpeg,Серебристая чайка,Larus argentatus,Серебристая чайка
202304964,research,https://www.inaturalist.org/observations/202304964,https://inaturalist-open-data.s3.amazonaws.com/photos/357254839/medium.jpeg,Серебристая чайка,Larus argentatus,Серебристая чайка
202304967,research,https://www.inaturalist.org/observations/202304967,https://inaturalist-open-data.s3.amazonaws.com/photos/357255227/medium.jpeg,Серебристая чайка,Larus argentatus,Серебристая чайка
202308875,research,https://www.inaturalist.org/observations/202308875,https://inaturalist-open-data.s3.amazonaws.com/photos/357274441/medium.jpeg,Серебристая чайка,Larus argentatus,Серебристая чайка
202444806,research,https://www.inaturalist.org/observations/202444806,https://inaturalist-open-data.s3.amazonaws.com/photos/357540493/medium.jpeg,Серебристая чайка,Larus argentatus,Серебристая чайка
202488747,research,https://www.inaturalist.org/observations/202488747,https://inaturalist-open-data.s3.amazonaws.com/photos/357625745/medium.jpeg,Серебристая чайка,Larus argentatus,Серебристая чайка
202555910,research,https://www.inaturalist.org/observations/202555910,https://inaturalist-open-data.s3.amazonaws.com/photos/357754305/medium.jpeg,Серебристая чайка,Larus argentatus,Серебристая чайка
202650596,research,https://www.inaturalist.org/observations/202650596,https://inaturalist-open-data.s3.amazonaws.com/photos/357934340/medium.jpeg,Серебристая чайка,Larus argentatus,Серебристая чайка
202695711,research,https://www.inaturalist.org/observations/202695711,https://inaturalist-open-data.s3.amazonaws.com/photos/358012787/medium.jpeg,Серебристая чайка,Larus argentatus,Серебристая чайка
202695712,research,https://www.inaturalist.org/observations/202695712,https://inaturalist-open-data.s3.amazonaws.com/photos/358013246/medium.jpeg,Серебристая чайка,Larus argentatus,Серебристая чайка
203387681,research,https://www.inaturalist.org/observations/203387681,https://inaturalist-open-data.s3.amazonaws.com/photos/359340609/medium.jpeg,Серебристая чайка,Larus argentatus,Серебристая чайка
204000159,research,https://www.inaturalist.org/observations/204000159,https://inaturalist-open-data.s3.amazonaws.com/photos/360514605/medium.jpg,Серебристая чайка,Larus argentatus,Серебристая чайка
204057473,research,https://www.inaturalist.org/observations/204057473,https://inaturalist-open-data.s3.amazonaws.com/photos/360617562/medium.jpeg,Серебристая чайка,Larus argentatus,Серебристая чайка
204057475,research,https://www.inaturalist.org/observations/204057475,https://inaturalist-open-data.s3.amazonaws.com/photos/360621735/medium.jpeg,Серебристая чайка,Larus argentatus,Серебристая чайка
205550706,research,https://www.inaturalist.org/observations/205550706,https://static.inaturalist.org/photos/363463475/medium.jpeg,Серебристая чайка,Larus argentatus,Серебристая чайка
206475167,research,https://www.inaturalist.org/observations/206475167,https://inaturalist-open-data.s3.amazonaws.com/photos/365177109/medium.jpg,Серебристая чайка,Larus argentatus,Серебристая чайка
206663993,research,https://www.inaturalist.org/observations/206663993,https://inaturalist-open-data.s3.amazonaws.com/photos/365463795/medium.jpg,Серебристая чайка,Larus argentatus,Серебристая чайка
206664003,research,https://www.inaturalist.org/observations/206664003,https://inaturalist-open-data.s3.amazonaws.com/photos/365464985/medium.jpg,Серебристая чайка,Larus argentatus,Серебристая чайка
207543399,research,https://www.inaturalist.org/observations/207543399,https://static.inaturalist.org/photos/367126198/medium.jpg,Серебристая чайка,Larus argentatus,Серебристая чайка
207736932,research,https://www.inaturalist.org/observations/207736932,https://inaturalist-open-data.s3.amazonaws.com/photos/367484882/medium.jpg,Серебристая чайка,Larus argentatus,Серебристая чайка
208426247,research,https://www.inaturalist.org/observations/208426247,https://inaturalist-open-data.s3.amazonaws.com/photos/368774430/medium.jpeg,Серебристая чайка,Larus argentatus,Серебристая чайка
208426253,needs_id,https://www.inaturalist.org/observations/208426253,https://inaturalist-open-data.s3.amazonaws.com/photos/368774460/medium.jpeg,Серебристая Чайка,Larus argentatus,Серебристая чайка
208426257,research,https://www.inaturalist.org/observations/208426257,https://inaturalist-open-data.s3.amazonaws.com/photos/368774488/medium.jpeg,Серебристая чайка,Larus argentatus,Серебристая чайка
210755695,needs_id,https://www.inaturalist.org/observations/210755695,https://inaturalist-open-data.s3.amazonaws.com/photos/372732918/medium.jpg,Herring Gull,Larus argentatus,Серебристая чайка
212255345,research,https://www.inaturalist.org/observations/212255345,https://inaturalist-open-data.s3.amazonaws.com/photos/375102474/medium.jpeg,Серебристая чайка,Larus argentatus,Серебристая чайка
212674252,research,https://www.inaturalist.org/observations/212674252,https://inaturalist-open-data.s3.amazonaws.com/photos/375830445/medium.jpeg,Серебристая чайка,Larus argentatus,Серебристая чайка
212968303,research,https://www.inaturalist.org/observations/212968303,https://inaturalist-open-data.s3.amazonaws.com/photos/376355466/medium.jpg,Серебристая чайка,Larus argentatus,Серебристая чайка
213931264,research,https://www.inaturalist.org/observations/213931264,https://inaturalist-open-data.s3.amazonaws.com/photos/378093496/medium.jpg,Серебристая чайка,Larus argentatus,Серебристая чайка
214405069,needs_id,https://www.inaturalist.org/observations/214405069,https://inaturalist-open-data.s3.amazonaws.com/photos/378970620/medium.jpeg,Серебристая чайка,Larus argentatus,Серебристая чайка
215710562,research,https://www.inaturalist.org/observations/215710562,https://static.inaturalist.org/photos/381409477/medium.jpeg,Серебристая чайка,Larus argentatus,Серебристая чайка
216071782,needs_id,https://www.inaturalist.org/observations/216071782,https://inaturalist-open-data.s3.amazonaws.com/photos/382095133/medium.jpeg,Серебристая чайка,Larus argentatus,Серебристая чайка
216591487,research,https://www.inaturalist.org/observations/216591487,https://inaturalist-open-data.s3.amazonaws.com/photos/383542815/medium.jpg,Серебристая чайка,Larus argentatus,Серебристая чайка
217131042,research,https://www.inaturalist.org/observations/217131042,https://inaturalist-open-data.s3.amazonaws.com/photos/384079241/medium.jpeg,Серебристая чайка,Larus argentatus,Серебристая чайка
218101376,research,https://www.inaturalist.org/observations/218101376,https://static.inaturalist.org/photos/385912711/medium.jpeg,Larus argentatus argentatus,Larus argentatus argentatus,
218854626,research,https://www.inaturalist.org/observations/218854626,https://static.inaturalist.org/photos/387320840/medium.jpeg,Серебристая чайка,Larus argentatus,Серебристая чайка
219613082,research,https://www.inaturalist.org/observations/219613082,https://inaturalist-open-data.s3.amazonaws.com/photos/388732720/medium.jpeg,Серебристая чайка,Larus argentatus,Серебристая чайка
220082140,research,https://www.inaturalist.org/observations/220082140,https://inaturalist-open-data.s3.amazonaws.com/photos/389611842/medium.jpg,Серебристая чайка,Larus argentatus,Серебристая чайка
221283526,research,https://www.inaturalist.org/observations/221283526,https://inaturalist-open-data.s3.amazonaws.com/photos/391869489/medium.jpeg,Larus argentatus argentatus,Larus argentatus argentatus,
221639658,research,https://www.inaturalist.org/observations/221639658,https://static.inaturalist.org/photos/392501760/medium.jpeg,Серебристая чайка,Larus argentatus,Серебристая чайка
222099915,needs_id,https://www.inaturalist.org/observations/222099915,https://inaturalist-open-data.s3.amazonaws.com/photos/393383228/medium.jpeg,Серебристая Чайка,Larus argentatus,Серебристая чайка
222683400,research,https://www.inaturalist.org/observations/222683400,https://inaturalist-open-data.s3.amazonaws.com/photos/394483614/medium.jpg,Серебристая чайка,Larus argentatus,Серебристая чайка
223133403,research,https://www.inaturalist.org/observations/223133403,https://inaturalist-open-data.s3.amazonaws.com/photos/395308502/medium.jpeg,Серебристая чайка,Larus argentatus,Серебристая чайка
223133419,research,https://www.inaturalist.org/observations/223133419,https://inaturalist-open-data.s3.amazonaws.com/photos/395308995/medium.jpeg,Серебристая чайка,Larus argentatus,Серебристая чайка
223133423,research,https://www.inaturalist.org/observations/223133423,https://inaturalist-open-data.s3.amazonaws.com/photos/395309814/medium.jpeg,Серебристая чайка,Larus argentatus,Серебристая чайка
223547189,research,https://www.inaturalist.org/observations/223547189,https://inaturalist-open-data.s3.amazonaws.com/photos/396109802/medium.jpeg,Серебристая чайка,Larus argentatus,Серебристая чайка
223549604,research,https://www.inaturalist.org/observations/223549604,https://inaturalist-open-data.s3.amazonaws.com/photos/396114264/medium.jpeg,Серебристая чайка,Larus argentatus,Серебристая чайка
223550083,research,https://www.inaturalist.org/observations/223550083,https://inaturalist-open-data.s3.amazonaws.com/photos/396115278/medium.jpeg,Серебристая чайка,Larus argentatus,Серебристая чайка
223550437,research,https://www.inaturalist.org/observations/223550437,https://inaturalist-open-data.s3.amazonaws.com/photos/396115616/medium.jpeg,Серебристая чайка,Larus argentatus,Серебристая чайка
223563014,research,https://www.inaturalist.org/observations/223563014,https://static.inaturalist.org/photos/396138098/medium.jpeg,Серебристая чайка,Larus argentatus,Серебристая чайка
223942102,research,https://www.inaturalist.org/observations/223942102,https://inaturalist-open-data.s3.amazonaws.com/photos/396846497/medium.jpeg,Серебристая чайка,Larus argentatus,Серебристая чайка
224845535,research,https://www.inaturalist.org/observations/224845535,https://inaturalist-open-data.s3.amazonaws.com/photos/398564090/medium.jpeg,Серебристая чайка,Larus argentatus,Серебристая чайка
225488843,research,https://www.inaturalist.org/observations/225488843,https://inaturalist-open-data.s3.amazonaws.com/photos/399793104/medium.jpg,Серебристая чайка,Larus argentatus,Серебристая чайка
225555855,research,https://www.inaturalist.org/observations/225555855,https://inaturalist-open-data.s3.amazonaws.com/photos/399914736/medium.jpg,Larus argentatus argentatus,Larus argentatus argentatus,
226635320,research,https://www.inaturalist.org/observations/226635320,https://inaturalist-open-data.s3.amazonaws.com/photos/401969630/medium.jpeg,Серебристая чайка,Larus argentatus,Серебристая чайка
226763347,research,https://www.inaturalist.org/observations/226763347,https://inaturalist-open-data.s3.amazonaws.com/photos/402203923/medium.jpeg,Серебристая чайка,Larus argentatus,Серебристая чайка
228797902,needs_id,https://www.inaturalist.org/observations/228797902,https://inaturalist-open-data.s3.amazonaws.com/photos/406059448/medium.jpeg,Серебристая Чайка,Larus argentatus,Серебристая чайка
229475352,research,https://www.inaturalist.org/observations/229475352,https://inaturalist-open-data.s3.amazonaws.com/photos/407339142/medium.jpeg,Серебристая чайка,Larus argentatus,Серебристая чайка
229676180,research,https://www.inaturalist.org/observations/229676180,https://inaturalist-open-data.s3.amazonaws.com/photos/407718459/medium.jpeg,Серебристая чайка,Larus argentatus,Серебристая чайка
229903587,research,https://www.inaturalist.org/observations/229903587,https://inaturalist-open-data.s3.amazonaws.com/photos/408150047/medium.jpeg,Серебристая чайка,Larus argentatus,Серебристая чайка
230525146,needs_id,https://www.inaturalist.org/observations/230525146,https://static.inaturalist.org/photos/409329588/medium.jpeg,"",Larus argentatus,Серебристая чайка
230789518,research,https://www.inaturalist.org/observations/230789518,https://inaturalist-open-data.s3.amazonaws.com/photos/409819299/medium.jpeg,Серебристая чайка,Larus argentatus,Серебристая чайка
231374969,research,https://www.inaturalist.org/observations/231374969,https://inaturalist-open-data.s3.amazonaws.com/photos/410938720/medium.jpg,Серебристая чайка,Larus argentatus,Серебристая чайка
231981793,research,https://www.inaturalist.org/observations/231981793,https://inaturalist-open-data.s3.amazonaws.com/photos/412088035/medium.jpeg,Серебристая чайка,Larus argentatus,Серебристая чайка
232618887,research,https://www.inaturalist.org/observations/232618887,https://inaturalist-open-data.s3.amazonaws.com/photos/413294343/medium.jpeg,Серебристая чайка,Larus argentatus,Серебристая чайка
232688160,research,https://www.inaturalist.org/observations/232688160,https://inaturalist-open-data.s3.amazonaws.com/photos/413427153/medium.jpeg,Серебристая чайка,Larus argentatus,Серебристая чайка
232888480,needs_id,https://www.inaturalist.org/observations/232888480,https://static.inaturalist.org/photos/413814809/medium.jpeg,Серебристая чайка,Larus argentatus,Серебристая чайка
233996184,research,https://www.inaturalist.org/observations/233996184,https://static.inaturalist.org/photos/415920201/medium.jpg,Серебристая чайка,Larus argentatus,Серебристая чайка
235925585,research,https://www.inaturalist.org/observations/235925585,https://static.inaturalist.org/photos/419649218/medium.jpeg,Серебристая чайка,Larus argentatus,Серебристая чайка
238953104,needs_id,https://www.inaturalist.org/observations/238953104,https://inaturalist-open-data.s3.amazonaws.com/photos/425496306/medium.jpeg,Серебристая чайка,Larus argentatus,Серебристая чайка
238960886,research,https://www.inaturalist.org/observations/238960886,https://static.inaturalist.org/photos/425510563/medium.jpeg,Серебристая чайка,Larus argentatus,Серебристая чайка
239748291,needs_id,https://www.inaturalist.org/observations/239748291,https://inaturalist-open-data.s3.amazonaws.com/photos/427043971/medium.jpeg,Серебристая чайка,Larus argentatus,Серебристая чайка
240176986,needs_id,https://www.inaturalist.org/observations/240176986,https://inaturalist-open-data.s3.amazonaws.com/photos/427861431/medium.jpeg,Серебристая чайка,Larus argentatus,Серебристая чайка
243732437,research,https://www.inaturalist.org/observations/243732437,https://inaturalist-open-data.s3.amazonaws.com/photos/434654477/medium.jpg,Серебристая чайка,Larus argentatus,Серебристая чайка
243976348,research,https://www.inaturalist.org/observations/243976348,https://inaturalist-open-data.s3.amazonaws.com/photos/435129121/medium.jpg,Серебристая чайка,Larus argentatus,Серебристая чайка
244700858,research,https://www.inaturalist.org/observations/244700858,https://inaturalist-open-data.s3.amazonaws.com/photos/436534192/medium.jpeg,Серебристая чайка,Larus argentatus,Серебристая чайка
246170700,research,https://www.inaturalist.org/observations/246170700,https://inaturalist-open-data.s3.amazonaws.com/photos/439413679/medium.jpeg,Серебристая Чайка,Larus argentatus,Серебристая чайка
247294724,research,https://www.inaturalist.org/observations/247294724,https://inaturalist-open-data.s3.amazonaws.com/photos/441645164/medium.jpeg,Серебристая чайка,Larus argentatus,Серебристая чайка
247419332,research,https://www.inaturalist.org/observations/247419332,https://static.inaturalist.org/photos/441895487/medium.jpeg,Серебристая чайка,Larus argentatus,Серебристая чайка
248052757,research,https://www.inaturalist.org/observations/248052757,https://static.inaturalist.org/photos/443139953/medium.jpeg,Серебристая чайка,Larus argentatus,Серебристая чайка
248052766,research,https://www.inaturalist.org/observations/248052766,https://static.inaturalist.org/photos/443139964/medium.jpeg,Серебристая чайка,Larus argentatus,Серебристая чайка
248314455,research,https://www.inaturalist.org/observations/248314455,https://inaturalist-open-data.s3.amazonaws.com/photos/443655816/medium.jpeg,Серебристая чайка,Larus argentatus,Серебристая чайка
248347169,research,https://www.inaturalist.org/observations/248347169,https://static.inaturalist.org/photos/443718226/medium.jpg,Серебристая чайка,Larus argentatus,Серебристая чайка
249144986,research,https://www.inaturalist.org/observations/249144986,https://static.inaturalist.org/photos/445325054/medium.jpeg,Серебристая чайка,Larus argentatus,Серебристая чайка
249454840,research,https://www.inaturalist.org/observations/249454840,https://inaturalist-open-data.s3.amazonaws.com/photos/445926488/medium.jpeg,Серебристая чайка,Larus argentatus,Серебристая чайка
249732300,research,https://www.inaturalist.org/observations/249732300,https://inaturalist-open-data.s3.amazonaws.com/photos/446481933/medium.jpg,Серебристая чайка,Larus argentatus,Серебристая чайка
249732302,research,https://www.inaturalist.org/observations/249732302,https://inaturalist-open-data.s3.amazonaws.com/photos/446481936/medium.jpg,Серебристая чайка,Larus argentatus,Серебристая чайка
250318844,research,https://www.inaturalist.org/observations/250318844,https://inaturalist-open-data.s3.amazonaws.com/photos/447656671/medium.jpg,Серебристая чайка,Larus argentatus,Серебристая чайка
250320178,research,https://www.inaturalist.org/observations/250320178,https://inaturalist-open-data.s3.amazonaws.com/photos/447659365/medium.jpeg,Серебристая чайка,Larus argentatus,Серебристая чайка
250471600,research,https://www.inaturalist.org/observations/250471600,https://inaturalist-open-data.s3.amazonaws.com/photos/447965333/medium.jpg,Серебристая чайка,Larus argentatus,Серебристая чайка
250669914,research,https://www.inaturalist.org/observations/250669914,https://inaturalist-open-data.s3.amazonaws.com/photos/448367088/medium.jpeg,Серебристая чайка,Larus argentatus,Серебристая чайка
250778336,research,https://www.inaturalist.org/observations/250778336,https://static.inaturalist.org/photos/448588311/medium.jpeg,Серебристая чайка,Larus argentatus,Серебристая чайка
250781164,research,https://www.inaturalist.org/observations/250781164,https://inaturalist-open-data.s3.amazonaws.com/photos/448592856/medium.jpg,Серебристая чайка,Larus argentatus,Серебристая чайка
250808436,research,https://www.inaturalist.org/observations/250808436,https://inaturalist-open-data.s3.amazonaws.com/photos/448644270/medium.jpeg,Серебристая чайка,Larus argentatus,Серебристая чайка
251302151,research,https://www.inaturalist.org/observations/251302151,https://inaturalist-open-data.s3.amazonaws.com/photos/449630777/medium.jpeg,Серебристая чайка,Larus argentatus,Серебристая чайка
251367501,research,https://www.inaturalist.org/observations/251367501,https://inaturalist-open-data.s3.amazonaws.com/photos/449757167/medium.jpeg,Серебристая чайка,Larus argentatus,Серебристая чайка
251450066,research,https://www.inaturalist.org/observations/251450066,https://inaturalist-open-data.s3.amazonaws.com/photos/449920021/medium.jpeg,Серебристая чайка,Larus argentatus,Серебристая чайка
251450067,research,https://www.inaturalist.org/observations/251450067,https://inaturalist-open-data.s3.amazonaws.com/photos/449920422/medium.jpeg,Серебристая чайка,Larus argentatus,Серебристая чайка
251451669,research,https://www.inaturalist.org/observations/251451669,https://inaturalist-open-data.s3.amazonaws.com/photos/449923195/medium.jpg,Серебристая чайка,Larus argentatus,Серебристая чайка
251540908,research,https://www.inaturalist.org/observations/251540908,https://static.inaturalist.org/photos/450103070/medium.jpeg,Herring Gull,Larus argentatus,Серебристая чайка
251796308,research,https://www.inaturalist.org/observations/251796308,https://inaturalist-open-data.s3.amazonaws.com/photos/450611301/medium.jpg,Серебристая чайка,Larus argentatus,Серебристая чайка
251949796,research,https://www.inaturalist.org/observations/251949796,https://inaturalist-open-data.s3.amazonaws.com/photos/450916036/medium.jpeg,Серебристая чайка,Larus argentatus,Серебристая чайка
252036876,research,https://www.inaturalist.org/observations/252036876,https://inaturalist-open-data.s3.amazonaws.com/photos/451094411/medium.jpeg,Серебристая чайка,Larus argentatus,Серебристая чайка
252041255,research,https://www.inaturalist.org/observations/252041255,https://inaturalist-open-data.s3.amazonaws.com/photos/451102905/medium.jpeg,Серебристая чайка,Larus argentatus,Серебристая чайка
252064065,research,https://www.inaturalist.org/observations/252064065,https://inaturalist-open-data.s3.amazonaws.com/photos/451145394/medium.jpg,Серебристая Чайка,Larus argentatus,Серебристая чайка
252355020,research,https://www.inaturalist.org/observations/252355020,https://inaturalist-open-data.s3.amazonaws.com/photos/451732501/medium.jpeg,Серебристая чайка,Larus argentatus,Серебристая чайка
252600998,research,https://www.inaturalist.org/observations/252600998,https://inaturalist-open-data.s3.amazonaws.com/photos/452218526/medium.jpeg,Серебристая чайка,Larus argentatus,Серебристая чайка
253150653,needs_id,https://www.inaturalist.org/observations/253150653,https://inaturalist-open-data.s3.amazonaws.com/photos/453231721/medium.jpeg,Чайковые,Larus argentatus,Серебристая чайка
253264942,research,https://www.inaturalist.org/observations/253264942,https://inaturalist-open-data.s3.amazonaws.com/photos/453447845/medium.jpeg,Серебристая чайка,Larus argentatus,Серебристая чайка
253325668,research,https://www.inaturalist.org/observations/253325668,https://inaturalist-open-data.s3.amazonaws.com/photos/453556977/medium.jpeg,Серебристая чайка,Larus argentatus,Серебристая чайка
253325670,research,https://www.inaturalist.org/observations/253325670,https://inaturalist-open-data.s3.amazonaws.com/photos/453558136/medium.jpeg,Серебристая чайка,Larus argentatus,Серебристая чайка
253386393,research,https://www.inaturalist.org/observations/253386393,https://static.inaturalist.org/photos/453688884/medium.jpeg,Herring Gull,Larus argentatus,Серебристая чайка
253765719,research,https://www.inaturalist.org/observations/253765719,https://inaturalist-open-data.s3.amazonaws.com/photos/454442580/medium.jpeg,Серебристая чайка,Larus argentatus,Серебристая чайка
253981501,research,https://www.inaturalist.org/observations/253981501,https://inaturalist-open-data.s3.amazonaws.com/photos/454838145/medium.jpeg,Серебристая чайка,Larus argentatus,Серебристая чайка
253981509,research,https://www.inaturalist.org/observations/253981509,https://inaturalist-open-data.s3.amazonaws.com/photos/454838162/medium.jpeg,Серебристая чайка,Larus argentatus,Серебристая чайка
254306662,needs_id,https://www.inaturalist.org/observations/254306662,https://static.inaturalist.org/photos/455483452/medium.jpeg,European Herring Gull,Larus argentatus,Серебристая чайка
254525274,research,https://www.inaturalist.org/observations/254525274,https://inaturalist-open-data.s3.amazonaws.com/photos/455919919/medium.jpeg,Серебристая чайка,Larus argentatus,Серебристая чайка
254808802,research,https://www.inaturalist.org/observations/254808802,https://inaturalist-open-data.s3.amazonaws.com/photos/456495662/medium.jpeg,Серебристая чайка,Larus argentatus,Серебристая чайка
254894202,research,https://www.inaturalist.org/observations/254894202,https://inaturalist-open-data.s3.amazonaws.com/photos/456670316/medium.jpeg,Серебристая чайка,Larus argentatus,Серебристая чайка
255565711,research,https://www.inaturalist.org/observations/255565711,https://inaturalist-open-data.s3.amazonaws.com/photos/457950725/medium.jpeg,Серебристая чайка,Larus argentatus,Серебристая чайка
255565713,research,https://www.inaturalist.org/observations/255565713,https://inaturalist-open-data.s3.amazonaws.com/photos/457951408/medium.jpeg,Серебристая чайка,Larus argentatus,Серебристая чайка
255574213,research,https://www.inaturalist.org/observations/255574213,https://inaturalist-open-data.s3.amazonaws.com/photos/458032506/medium.jpeg,Серебристая чайка,Larus argentatus,Серебристая чайка
256097530,research,https://www.inaturalist.org/observations/256097530,https://inaturalist-open-data.s3.amazonaws.com/photos/459084905/medium.jpeg,Серебристая чайка,Larus argentatus,Серебристая чайка
256192050,research,https://www.inaturalist.org/observations/256192050,https://inaturalist-open-data.s3.amazonaws.com/photos/459275378/medium.jpeg,Серебристая чайка,Larus argentatus,Серебристая чайка
256245301,research,https://www.inaturalist.org/observations/256245301,https://inaturalist-open-data.s3.amazonaws.com/photos/459381637/medium.jpeg,Серебристая чайка,Larus argentatus,Серебристая чайка
256400007,research,https://www.inaturalist.org/observations/256400007,https://inaturalist-open-data.s3.amazonaws.com/photos/459700851/medium.jpg,Серебристая чайка,Larus argentatus,Серебристая чайка
256400175,research,https://www.inaturalist.org/observations/256400175,https://inaturalist-open-data.s3.amazonaws.com/photos/459701046/medium.jpg,Серебристая чайка,Larus argentatus,Серебристая чайка
256400724,research,https://www.inaturalist.org/observations/256400724,https://inaturalist-open-data.s3.amazonaws.com/photos/459702224/medium.jpg,Серебристая чайка,Larus argentatus,Серебристая чайка
256500701,research,https://www.inaturalist.org/observations/256500701,https://inaturalist-open-data.s3.amazonaws.com/photos/459908131/medium.jpeg,Серебристая чайка,Larus argentatus,Серебристая чайка
256522937,research,https://www.inaturalist.org/observations/256522937,https://inaturalist-open-data.s3.amazonaws.com/photos/459952526/medium.jpeg,Серебристая чайка,Larus argentatus,Серебристая чайка
256638363,research,https://www.inaturalist.org/observations/256638363,https://inaturalist-open-data.s3.amazonaws.com/photos/460189551/medium.jpg,Серебристая чайка,Larus argentatus,Серебристая чайка
256654397,research,https://www.inaturalist.org/observations/256654397,https://inaturalist-open-data.s3.amazonaws.com/photos/460210147/medium.jpg,Серебристая чайка,Larus argentatus,Серебристая чайка
256654401,research,https://www.inaturalist.org/observations/256654401,https://inaturalist-open-data.s3.amazonaws.com/photos/460210418/medium.jpg,Серебристая чайка,Larus argentatus,Серебристая чайка
256654405,needs_id,https://www.inaturalist.org/observations/256654405,https://inaturalist-open-data.s3.amazonaws.com/photos/460210748/medium.jpg,Чайки,Larus argentatus,Серебристая чайка
256654410,research,https://www.inaturalist.org/observations/256654410,https://inaturalist-open-data.s3.amazonaws.com/photos/460211342/medium.jpg,Серебристая чайка,Larus argentatus,Серебристая чайка
257512087,research,https://www.inaturalist.org/observations/257512087,https://static.inaturalist.org/photos/461963364/medium.jpg,Серебристая чайка,Larus argentatus,Серебристая чайка
257576252,research,https://www.inaturalist.org/observations/257576252,https://inaturalist-open-data.s3.amazonaws.com/photos/462097091/medium.jpeg,European Herring Gull,Larus argentatus,Серебристая чайка
257689018,research,https://www.inaturalist.org/observations/257689018,https://inaturalist-open-data.s3.amazonaws.com/photos/462308435/medium.jpg,Серебристая чайка,Larus argentatus,Серебристая чайка
257689196,research,https://www.inaturalist.org/observations/257689196,https://inaturalist-open-data.s3.amazonaws.com/photos/462308967/medium.jpg,Серебристая чайка,Larus argentatus,Серебристая чайка
257729911,research,https://www.inaturalist.org/observations/257729911,https://inaturalist-open-data.s3.amazonaws.com/photos/462377850/medium.jpeg,Серебристая чайка,Larus argentatus,Серебристая чайка
257916645,research,https://www.inaturalist.org/observations/257916645,https://inaturalist-open-data.s3.amazonaws.com/photos/462688714/medium.jpg,Серебристая чайка,Larus argentatus,Серебристая чайка
258155564,research,https://www.inaturalist.org/observations/258155564,https://static.inaturalist.org/photos/463129619/medium.jpeg,Серебристая чайка,Larus argentatus,Серебристая чайка
258155566,research,https://www.inaturalist.org/observations/258155566,https://static.inaturalist.org/photos/463129630/medium.jpeg,Серебристая чайка,Larus argentatus,Серебристая чайка
258155571,research,https://www.inaturalist.org/observations/258155571,https://static.inaturalist.org/photos/463129633/medium.jpeg,Серебристая чайка,Larus argentatus,Серебристая чайка
258155572,research,https://www.inaturalist.org/observations/258155572,https://static.inaturalist.org/photos/463129643/medium.jpeg,Серебристая чайка,Larus argentatus,Серебристая чайка
258155575,research,https://www.inaturalist.org/observations/258155575,https://static.inaturalist.org/photos/463129649/medium.jpeg,Серебристая чайка,Larus argentatus,Серебристая чайка
258371954,research,https://www.inaturalist.org/observations/258371954,https://inaturalist-open-data.s3.amazonaws.com/photos/463544345/medium.jpeg,Серебристая чайка,Larus argentatus,Серебристая чайка
258564722,research,https://www.inaturalist.org/observations/258564722,https://inaturalist-open-data.s3.amazonaws.com/photos/463939920/medium.jpeg,Серебристая чайка,Larus argentatus,Серебристая чайка
258564724,research,https://www.inaturalist.org/observations/258564724,https://inaturalist-open-data.s3.amazonaws.com/photos/463939925/medium.jpeg,Серебристая чайка,Larus argentatus,Серебристая чайка
258564732,needs_id,https://www.inaturalist.org/observations/258564732,https://inaturalist-open-data.s3.amazonaws.com/photos/463939950/medium.jpeg,Серебристая Чайка,Larus argentatus,Серебристая чайка
259080676,research,https://www.inaturalist.org/observations/259080676,https://inaturalist-open-data.s3.amazonaws.com/photos/464991353/medium.jpg,Серебристая чайка,Larus argentatus,Серебристая чайка
259178894,research,https://www.inaturalist.org/observations/259178894,https://inaturalist-open-data.s3.amazonaws.com/photos/465191563/medium.jpeg,Серебристая чайка,Larus argentatus,Серебристая чайка
259246189,research,https://www.inaturalist.org/observations/259246189,https://inaturalist-open-data.s3.amazonaws.com/photos/465330377/medium.jpeg,Серебристая чайка,Larus argentatus,Серебристая чайка
259337185,research,https://www.inaturalist.org/observations/259337185,https://inaturalist-open-data.s3.amazonaws.com/photos/465515077/medium.jpeg,Серебристая чайка,Larus argentatus,Серебристая чайка
259648787,research,https://www.inaturalist.org/observations/259648787,https://static.inaturalist.org/photos/466140122/medium.jpeg,Серебристая чайка,Larus argentatus,Серебристая чайка
259776678,research,https://www.inaturalist.org/observations/259776678,https://inaturalist-open-data.s3.amazonaws.com/photos/466397318/medium.jpeg,Серебристая чайка,Larus argentatus,Серебристая чайка
259777147,research,https://www.inaturalist.org/observations/259777147,https://inaturalist-open-data.s3.amazonaws.com/photos/466398283/medium.jpeg,Серебристая чайка,Larus argentatus,Серебристая чайка
259781273,research,https://www.inaturalist.org/observations/259781273,https://inaturalist-open-data.s3.amazonaws.com/photos/466404065/medium.jpeg,Серебристая чайка,Larus argentatus,Серебристая чайка
259781283,research,https://www.inaturalist.org/observations/259781283,https://inaturalist-open-data.s3.amazonaws.com/photos/466404026/medium.jpeg,Серебристая чайка,Larus argentatus,Серебристая чайка
259781292,research,https://www.inaturalist.org/observations/259781292,https://inaturalist-open-data.s3.amazonaws.com/photos/466404314/medium.jpeg,Серебристая чайка,Larus argentatus,Серебристая чайка
259781294,research,https://www.inaturalist.org/observations/259781294,https://inaturalist-open-data.s3.amazonaws.com/photos/466404891/medium.jpeg,Серебристая чайка,Larus argentatus,Серебристая чайка
259781309,research,https://www.inaturalist.org/observations/259781309,https://inaturalist-open-data.s3.amazonaws.com/photos/466405070/medium.jpeg,Серебристая чайка,Larus argentatus,Серебристая чайка
259785067,research,https://www.inaturalist.org/observations/259785067,https://inaturalist-open-data.s3.amazonaws.com/photos/466413604/medium.jpg,Серебристая чайка,Larus argentatus,Серебристая чайка
259785068,research,https://www.inaturalist.org/observations/259785068,https://inaturalist-open-data.s3.amazonaws.com/photos/466413610/medium.jpg,Серебристая чайка,Larus argentatus,Серебристая чайка
259814006,research,https://www.inaturalist.org/observations/259814006,https://inaturalist-open-data.s3.amazonaws.com/photos/466469798/medium.jpg,European Herring Gull,Larus argentatus,Серебристая чайка
259882178,research,https://www.inaturalist.org/observations/259882178,https://inaturalist-open-data.s3.amazonaws.com/photos/466598881/medium.jpeg,Серебристая чайка,Larus argentatus,Серебристая чайка
259887963,needs_id,https://www.inaturalist.org/observations/259887963,https://inaturalist-open-data.s3.amazonaws.com/photos/466609946/medium.jpg,Серебристая Чайка,Larus argentatus,Серебристая чайка
259943426,research,https://www.inaturalist.org/observations/259943426,https://inaturalist-open-data.s3.amazonaws.com/photos/466724509/medium.jpg,Серебристая чайка,Larus argentatus,Серебристая чайка
260048523,research,https://www.inaturalist.org/observations/260048523,https://inaturalist-open-data.s3.amazonaws.com/photos/466930891/medium.jpg,Серебристая чайка,Larus argentatus,Серебристая чайка
260065299,research,https://www.inaturalist.org/observations/260065299,https://inaturalist-open-data.s3.amazonaws.com/photos/466963400/medium.jpeg,Серебристая чайка,Larus argentatus,Серебристая чайка
260065300,research,https://www.inaturalist.org/observations/260065300,https://inaturalist-open-data.s3.amazonaws.com/photos/466963404/medium.jpeg,Серебристая чайка,Larus argentatus,Серебристая чайка
260515140,research,https://www.inaturalist.org/observations/260515140,https://inaturalist-open-data.s3.amazonaws.com/photos/467859495/medium.jpeg,Серебристая чайка,Larus argentatus,Серебристая чайка
260635315,research,https://www.inaturalist.org/observations/260635315,https://inaturalist-open-data.s3.amazonaws.com/photos/468094621/medium.jpeg,Серебристая Чайка,Larus argentatus,Серебристая чайка
260713873,research,https://www.inaturalist.org/observations/260713873,https://inaturalist-open-data.s3.amazonaws.com/photos/468247121/medium.jpeg,Серебристая чайка,Larus argentatus,Серебристая чайка
260721530,research,https://www.inaturalist.org/observations/260721530,https://inaturalist-open-data.s3.amazonaws.com/photos/468262777/medium.jpeg,Серебристая чайка,Larus argentatus,Серебристая чайка
260725553,research,https://www.inaturalist.org/observations/260725553,https://inaturalist-open-data.s3.amazonaws.com/photos/468270423/medium.jpeg,Серебристая чайка,Larus argentatus,Серебристая чайка
260729244,research,https://www.inaturalist.org/observations/260729244,https://inaturalist-open-data.s3.amazonaws.com/photos/468277991/medium.jpeg,Серебристая чайка,Larus argentatus,Серебристая чайка
261161251,research,https://www.inaturalist.org/observations/261161251,https://inaturalist-open-data.s3.amazonaws.com/photos/469135540/medium.jpeg,Серебристая чайка,Larus argentatus,Серебристая чайка
261163866,research,https://www.inaturalist.org/observations/261163866,https://inaturalist-open-data.s3.amazonaws.com/photos/469140357/medium.jpeg,Серебристая чайка,Larus argentatus,Серебристая чайка
261238459,research,https://www.inaturalist.org/observations/261238459,https://inaturalist-open-data.s3.amazonaws.com/photos/469291416/medium.jpg,Серебристая чайка,Larus argentatus,Серебристая чайка
261238460,research,https://www.inaturalist.org/observations/261238460,https://inaturalist-open-data.s3.amazonaws.com/photos/469291427/medium.jpg,Серебристая чайка,Larus argentatus,Серебристая чайка
261238463,research,https://www.inaturalist.org/observations/261238463,https://inaturalist-open-data.s3.amazonaws.com/photos/469291459/medium.jpg,Серебристая чайка,Larus argentatus,Серебристая чайка
261379390,research,https://www.inaturalist.org/observations/261379390,https://inaturalist-open-data.s3.amazonaws.com/photos/469569119/medium.jpeg,Серебристая чайка,Larus argentatus,Серебристая чайка
261427715,research,https://www.inaturalist.org/observations/261427715,https://inaturalist-open-data.s3.amazonaws.com/photos/469666431/medium.jpeg,Серебристая чайка,Larus argentatus,Серебристая чайка
261443056,research,https://www.inaturalist.org/observations/261443056,https://inaturalist-open-data.s3.amazonaws.com/photos/469694470/medium.jpeg,Серебристая чайка,Larus argentatus,Серебристая чайка
261510271,research,https://www.inaturalist.org/observations/261510271,https://inaturalist-open-data.s3.amazonaws.com/photos/469829282/medium.jpeg,Серебристая чайка,Larus argentatus,Серебристая чайка
261510483,needs_id,https://www.inaturalist.org/observations/261510483,https://inaturalist-open-data.s3.amazonaws.com/photos/469829711/medium.jpeg,Серебристая чайка,Larus argentatus,Серебристая чайка
261550715,research,https://www.inaturalist.org/observations/261550715,https://inaturalist-open-data.s3.amazonaws.com/photos/469908875/medium.jpeg,Серебристая чайка,Larus argentatus,Серебристая чайка
261966951,research,https://www.inaturalist.org/observations/261966951,https://static.inaturalist.org/photos/470732303/medium.jpeg,Серебристая чайка,Larus argentatus,Серебристая чайка
261967218,research,https://www.inaturalist.org/observations/261967218,https://static.inaturalist.org/photos/470733296/medium.jpeg,Серебристая чайка,Larus argentatus,Серебристая чайка
261967352,research,https://www.inaturalist.org/observations/261967352,https://static.inaturalist.org/photos/470733432/medium.jpeg,Серебристая чайка,Larus argentatus,Серебристая чайка
262236642,research,https://www.inaturalist.org/observations/262236642,https://static.inaturalist.org/photos/471134533/medium.jpeg,Серебристая чайка,Larus argentatus,Серебристая чайка
262295528,research,https://www.inaturalist.org/observations/262295528,https://inaturalist-open-data.s3.amazonaws.com/photos/471230488/medium.jpeg,Серебристая чайка,Larus argentatus,Серебристая чайка
262516178,research,https://www.inaturalist.org/observations/262516178,https://inaturalist-open-data.s3.amazonaws.com/photos/471560994/medium.jpeg,Серебристая чайка,Larus argentatus,Серебристая чайка
262700856,research,https://www.inaturalist.org/observations/262700856,https://inaturalist-open-data.s3.amazonaws.com/photos/471791261/medium.jpg,Серебристая чайка,Larus argentatus,Серебристая чайка
262948273,research,https://www.inaturalist.org/observations/262948273,https://inaturalist-open-data.s3.amazonaws.com/photos/472291877/medium.jpeg,Серебристая чайка,Larus argentatus,Серебристая чайка
263166735,research,https://www.inaturalist.org/observations/263166735,https://inaturalist-open-data.s3.amazonaws.com/photos/472727379/medium.jpeg,Серебристая чайка,Larus argentatus,Серебристая чайка
263365924,research,https://www.inaturalist.org/observations/263365924,https://inaturalist-open-data.s3.amazonaws.com/photos/473120947/medium.jpeg,Серебристая чайка,Larus argentatus,Серебристая чайка
263402856,needs_id,https://www.inaturalist.org/observations/263402856,https://inaturalist-open-data.s3.amazonaws.com/photos/473191225/medium.jpeg,Серебристая Чайка,Larus argentatus,Серебристая чайка
263403503,research,https://www.inaturalist.org/observations/263403503,https://inaturalist-open-data.s3.amazonaws.com/photos/473192469/medium.jpeg,Серебристая чайка,Larus argentatus,Серебристая чайка
263404300,needs_id,https://www.inaturalist.org/observations/263404300,https://inaturalist-open-data.s3.amazonaws.com/photos/473193500/medium.jpeg,Серебристая Чайка,Larus argentatus,Серебристая чайка
263405274,research,https://www.inaturalist.org/observations/263405274,https://inaturalist-open-data.s3.amazonaws.com/photos/473195308/medium.jpeg,Серебристая чайка,Larus argentatus,Серебристая чайка
263406331,research,https://www.inaturalist.org/observations/263406331,https://static.inaturalist.org/photos/473195050/medium.jpeg,Серебристая чайка,Larus argentatus,Серебристая чайка
263406333,research,https://www.inaturalist.org/observations/263406333,https://static.inaturalist.org/photos/473195059/medium.jpeg,Серебристая чайка,Larus argentatus,Серебристая чайка
263406344,research,https://www.inaturalist.org/observations/263406344,https://static.inaturalist.org/photos/473195294/medium.jpeg,Серебристая чайка,Larus argentatus,Серебристая чайка
263406347,research,https://www.inaturalist.org/observations/263406347,https://static.inaturalist.org/photos/473195298/medium.jpeg,Серебристая чайка,Larus argentatus,Серебристая чайка
263406352,research,https://www.inaturalist.org/observations/263406352,https://static.inaturalist.org/photos/473195388/medium.jpeg,Серебристая чайка,Larus argentatus,Серебристая чайка
263406359,research,https://www.inaturalist.org/observations/263406359,https://static.inaturalist.org/photos/473195486/medium.jpeg,Серебристая чайка,Larus argentatus,Серебристая чайка
263406360,research,https://www.inaturalist.org/observations/263406360,https://static.inaturalist.org/photos/473195576/medium.jpeg,Серебристая чайка,Larus argentatus,Серебристая чайка
263406363,research,https://www.inaturalist.org/observations/263406363,https://static.inaturalist.org/photos/473195583/medium.jpeg,Серебристая чайка,Larus argentatus,Серебристая чайка
263406364,research,https://www.inaturalist.org/observations/263406364,https://static.inaturalist.org/photos/473195686/medium.jpeg,Серебристая чайка,Larus argentatus,Серебристая чайка
263406366,research,https://www.inaturalist.org/observations/263406366,https://static.inaturalist.org/photos/473195710/medium.jpeg,Серебристая чайка,Larus argentatus,Серебристая чайка
263406367,research,https://www.inaturalist.org/observations/263406367,https://static.inaturalist.org/photos/473195667/medium.jpeg,Серебристая чайка,Larus argentatus,Серебристая чайка
263406368,research,https://www.inaturalist.org/observations/263406368,https://static.inaturalist.org/photos/473195684/medium.jpeg,Серебристая чайка,Larus argentatus,Серебристая чайка
263406369,research,https://www.inaturalist.org/observations/263406369,https://static.inaturalist.org/photos/473195703/medium.jpeg,Серебристая чайка,Larus argentatus,Серебристая чайка
263406370,research,https://www.inaturalist.org/observations/263406370,https://static.inaturalist.org/photos/473195737/medium.jpeg,Серебристая чайка,Larus argentatus,Серебристая чайка
263406373,research,https://www.inaturalist.org/observations/263406373,https://static.inaturalist.org/photos/473195784/medium.jpeg,Серебристая чайка,Larus argentatus,Серебристая чайка
263417865,research,https://www.inaturalist.org/observations/263417865,https://inaturalist-open-data.s3.amazonaws.com/photos/473219985/medium.jpeg,Серебристая чайка,Larus argentatus,Серебристая чайка
263591098,research,https://www.inaturalist.org/observations/263591098,https://inaturalist-open-data.s3.amazonaws.com/photos/473564074/medium.jpeg,Серебристая чайка,Larus argentatus,Серебристая чайка
263591153,research,https://www.inaturalist.org/observations/263591153,https://inaturalist-open-data.s3.amazonaws.com/photos/473564576/medium.jpeg,Серебристая чайка,Larus argentatus,Серебристая чайка
263657056,research,https://www.inaturalist.org/observations/263657056,https://inaturalist-open-data.s3.amazonaws.com/photos/473692726/medium.jpeg,Серебристая чайка,Larus argentatus,Серебристая чайка
263761890,research,https://www.inaturalist.org/observations/263761890,https://inaturalist-open-data.s3.amazonaws.com/photos/473898446/medium.jpeg,Серебристая чайка,Larus argentatus,Серебристая чайка
263762776,research,https://www.inaturalist.org/observations/263762776,https://inaturalist-open-data.s3.amazonaws.com/photos/473901212/medium.jpeg,Серебристая чайка,Larus argentatus,Серебристая чайка
263762981,research,https://www.inaturalist.org/observations/263762981,https://inaturalist-open-data.s3.amazonaws.com/photos/473901342/medium.jpeg,Серебристая чайка,Larus argentatus,Серебристая чайка
263763251,research,https://www.inaturalist.org/observations/263763251,https://inaturalist-open-data.s3.amazonaws.com/photos/473901857/medium.jpeg,Серебристая чайка,Larus argentatus,Серебристая чайка
263979722,research,https://www.inaturalist.org/observations/263979722,https://inaturalist-open-data.s3.amazonaws.com/photos/474326734/medium.jpeg,Серебристая чайка,Larus argentatus,Серебристая чайка
264095560,research,https://www.inaturalist.org/observations/264095560,https://inaturalist-open-data.s3.amazonaws.com/photos/474534611/medium.jpg,Серебристая чайка,Larus argentatus,Серебристая чайка
264316541,research,https://www.inaturalist.org/observations/264316541,https://inaturalist-open-data.s3.amazonaws.com/photos/474760549/medium.jpeg,Серебристая чайка,Larus argentatus,Серебристая чайка
264849589,research,https://www.inaturalist.org/observations/264849589,https://inaturalist-open-data.s3.amazonaws.com/photos/475627261/medium.jpeg,Серебристая чайка,Larus argentatus,Серебристая чайка
265185389,research,https://www.inaturalist.org/observations/265185389,https://inaturalist-open-data.s3.amazonaws.com/photos/476285663/medium.jpeg,Серебристая чайка,Larus argentatus,Серебристая чайка
265186025,research,https://www.inaturalist.org/observations/265186025,https://inaturalist-open-data.s3.amazonaws.com/photos/476287245/medium.jpeg,Серебристая чайка,Larus argentatus,Серебристая чайка
265274260,research,https://www.inaturalist.org/observations/265274260,https://static.inaturalist.org/photos/476462976/medium.jpeg,Серебристая чайка,Larus argentatus,Серебристая чайка
265294936,research,https://www.inaturalist.org/observations/265294936,https://inaturalist-open-data.s3.amazonaws.com/photos/476502454/medium.jpeg,Серебристая чайка,Larus argentatus,Серебристая чайка
265510669,research,https://www.inaturalist.org/observations/265510669,https://inaturalist-open-data.s3.amazonaws.com/photos/476927231/medium.jpeg,Серебристая чайка,Larus argentatus,Серебристая чайка
265510917,research,https://www.inaturalist.org/observations/265510917,https://inaturalist-open-data.s3.amazonaws.com/photos/476928037/medium.jpeg,Серебристая чайка,Larus argentatus,Серебристая чайка
265947842,research,https://www.inaturalist.org/observations/265947842,https://static.inaturalist.org/photos/477786406/medium.jpg,European Herring Gull,Larus argentatus,Серебристая чайка
266728392,needs_id,https://www.inaturalist.org/observations/266728392,https://inaturalist-open-data.s3.amazonaws.com/photos/479249607/medium.jpg,Серебристая Чайка,Larus argentatus,Серебристая чайка
267011097,research,https://www.inaturalist.org/observations/267011097,https://inaturalist-open-data.s3.amazonaws.com/photos/479792537/medium.jpeg,Серебристая чайка,Larus argentatus,Серебристая чайка
267230325,research,https://www.inaturalist.org/observations/267230325,https://inaturalist-open-data.s3.amazonaws.com/photos/480210156/medium.jpeg,Серебристая чайка,Larus argentatus,Серебристая чайка
267356929,research,https://www.inaturalist.org/observations/267356929,https://static.inaturalist.org/photos/480453048/medium.jpeg,Серебристая чайка,Larus argentatus,Серебристая чайка
267356932,research,https://www.inaturalist.org/observations/267356932,https://static.inaturalist.org/photos/480453075/medium.jpeg,Серебристая чайка,Larus argentatus,Серебристая чайка
267356940,research,https://www.inaturalist.org/observations/267356940,https://static.inaturalist.org/photos/480453078/medium.jpeg,Серебристая чайка,Larus argentatus,Серебристая чайка
267373032,needs_id,https://www.inaturalist.org/observations/267373032,https://inaturalist-open-data.s3.amazonaws.com/photos/480481091/medium.jpeg,Серебристая чайка,Larus argentatus,Серебристая чайка
267376239,research,https://www.inaturalist.org/observations/267376239,https://inaturalist-open-data.s3.amazonaws.com/photos/480490202/medium.jpeg,Серебристая чайка,Larus argentatus,Серебристая чайка
267685991,research,https://www.inaturalist.org/observations/267685991,https://static.inaturalist.org/photos/481088754/medium.jpeg,Серебристая чайка,Larus argentatus,Серебристая чайка
267686004,research,https://www.inaturalist.org/observations/267686004,https://static.inaturalist.org/photos/481088772/medium.jpeg,Серебристая чайка,Larus argentatus,Серебристая чайка
267686011,research,https://www.inaturalist.org/observations/267686011,https://static.inaturalist.org/photos/481088816/medium.jpeg,Серебристая чайка,Larus argentatus,Серебристая чайка
267686012,research,https://www.inaturalist.org/observations/267686012,https://static.inaturalist.org/photos/481088780/medium.jpeg,Серебристая чайка,Larus argentatus,Серебристая чайка
267686015,research,https://www.inaturalist.org/observations/267686015,https://static.inaturalist.org/photos/481088825/medium.jpeg,Серебристая чайка,Larus argentatus,Серебристая чайка
267686016,research,https://www.inaturalist.org/observations/267686016,https://static.inaturalist.org/photos/481088833/medium.jpeg,Серебристая чайка,Larus argentatus,Серебристая чайка
267694468,research,https://www.inaturalist.org/observations/267694468,https://static.inaturalist.org/photos/481102538/medium.jpeg,Серебристая чайка,Larus argentatus,Серебристая чайка
268008496,research,https://www.inaturalist.org/observations/268008496,https://inaturalist-open-data.s3.amazonaws.com/photos/481648108/medium.jpg,Серебристая чайка,Larus argentatus,Серебристая чайка
268008499,research,https://www.inaturalist.org/observations/268008499,https://inaturalist-open-data.s3.amazonaws.com/photos/481648111/medium.jpg,Серебристая чайка,Larus argentatus,Серебристая чайка
268025391,research,https://www.inaturalist.org/observations/268025391,https://inaturalist-open-data.s3.amazonaws.com/photos/481731114/medium.jpg,Серебристая чайка,Larus argentatus,Серебристая чайка
268097870,needs_id,https://www.inaturalist.org/observations/268097870,https://inaturalist-open-data.s3.amazonaws.com/photos/481864921/medium.jpeg,Серебристая Чайка,Larus argentatus,Серебристая чайка
268545014,research,https://www.inaturalist.org/observations/268545014,https://inaturalist-open-data.s3.amazonaws.com/photos/482724185/medium.jpeg,Серебристая чайка,Larus argentatus,Серебристая чайка
268749430,research,https://www.inaturalist.org/observations/268749430,https://inaturalist-open-data.s3.amazonaws.com/photos/483114458/medium.jpeg,Серебристая чайка,Larus argentatus,Серебристая чайка
268790159,research,https://www.inaturalist.org/observations/268790159,https://inaturalist-open-data.s3.amazonaws.com/photos/483190229/medium.jpeg,Серебристая чайка,Larus argentatus,Серебристая чайка
268903611,research,https://www.inaturalist.org/observations/268903611,https://inaturalist-open-data.s3.amazonaws.com/photos/483416469/medium.jpeg,Серебристая чайка,Larus argentatus,Серебристая чайка
268998405,needs_id,https://www.inaturalist.org/observations/268998405,https://inaturalist-open-data.s3.amazonaws.com/photos/483594213/medium.jpg,Чайки,Larus argentatus,Серебристая чайка
269946254,research,https://www.inaturalist.org/observations/269946254,https://inaturalist-open-data.s3.amazonaws.com/photos/485424718/medium.jpeg,Серебристая чайка,Larus argentatus,Серебристая чайка
270852672,research,https://www.inaturalist.org/observations/270852672,https://static.inaturalist.org/photos/487151227/medium.jpg,Серебристая чайка,Larus argentatus,Серебристая чайка
271230171,research,https://www.inaturalist.org/observations/271230171,https://inaturalist-open-data.s3.amazonaws.com/photos/487865257/medium.jpeg,Серебристая чайка,Larus argentatus,Серебристая чайка
271235457,research,https://www.inaturalist.org/observations/271235457,https://inaturalist-open-data.s3.amazonaws.com/photos/487873693/medium.jpeg,Серебристая чайка,Larus argentatus,Серебристая чайка
271237047,research,https://www.inaturalist.org/observations/271237047,https://inaturalist-open-data.s3.amazonaws.com/photos/487877620/medium.jpg,Серебристая чайка,Larus argentatus,Серебристая чайка
271407225,research,https://www.inaturalist.org/observations/271407225,https://inaturalist-open-data.s3.amazonaws.com/photos/488201309/medium.jpeg,Серебристая чайка,Larus argentatus,Серебристая чайка
271708262,research,https://www.inaturalist.org/observations/271708262,https://inaturalist-open-data.s3.amazonaws.com/photos/488759431/medium.jpg,Серебристая чайка,Larus argentatus,Серебристая чайка
271761056,research,https://www.inaturalist.org/observations/271761056,https://inaturalist-open-data.s3.amazonaws.com/photos/488862940/medium.jpg,Серебристая чайка,Larus argentatus,Серебристая чайка
271886158,research,https://www.inaturalist.org/observations/271886158,https://inaturalist-open-data.s3.amazonaws.com/photos/489105004/medium.jpeg,Серебристая чайка,Larus argentatus,Серебристая чайка
271887046,research,https://www.inaturalist.org/observations/271887046,https://inaturalist-open-data.s3.amazonaws.com/photos/489106978/medium.jpeg,Серебристая чайка,Larus argentatus,Серебристая чайка
271939032,research,https://www.inaturalist.org/observations/271939032,https://inaturalist-open-data.s3.amazonaws.com/photos/489208333/medium.jpeg,Серебристая чайка,Larus argentatus,Серебристая чайка
272385697,research,https://www.inaturalist.org/observations/272385697,https://inaturalist-open-data.s3.amazonaws.com/photos/490047498/medium.jpeg,Серебристая чайка,Larus argentatus,Серебристая чайка
272649151,research,https://www.inaturalist.org/observations/272649151,https://inaturalist-open-data.s3.amazonaws.com/photos/490526732/medium.jpeg,European Herring Gull,Larus argentatus,Серебристая чайка
273151992,research,https://www.inaturalist.org/observations/273151992,https://inaturalist-open-data.s3.amazonaws.com/photos/491338143/medium.jpg,Серебристая чайка,Larus argentatus,Серебристая чайка
273914705,research,https://www.inaturalist.org/observations/273914705,https://static.inaturalist.org/photos/492530737/medium.jpeg,Серебристая чайка,Larus argentatus,Серебристая чайка
276602658,research,https://www.inaturalist.org/observations/276602658,https://inaturalist-open-data.s3.amazonaws.com/photos/496707792/medium.jpeg,Серебристая чайка,Larus argentatus,Серебристая чайка
276893244,research,https://www.inaturalist.org/observations/276893244,https://inaturalist-open-data.s3.amazonaws.com/photos/497212175/medium.jpeg,Серебристая чайка,Larus argentatus,Серебристая чайка
276893413,research,https://www.inaturalist.org/observations/276893413,https://inaturalist-open-data.s3.amazonaws.com/photos/497212324/medium.jpeg,Серебристая чайка,Larus argentatus,Серебристая чайка
278520194,research,https://www.inaturalist.org/observations/278520194,https://static.inaturalist.org/photos/500101847/medium.jpg,Серебристая чайка,Larus argentatus,Серебристая чайка
278977241,research,https://www.inaturalist.org/observations/278977241,https://inaturalist-open-data.s3.amazonaws.com/photos/500945630/medium.jpg,Серебристая чайка,Larus argentatus,Серебристая чайка
279979301,research,https://www.inaturalist.org/observations/279979301,https://static.inaturalist.org/photos/502822076/medium.jpeg,Серебристая чайка,Larus argentatus,Серебристая чайка
280293742,research,https://www.inaturalist.org/observations/280293742,https://inaturalist-open-data.s3.amazonaws.com/photos/503399251/medium.jpeg,Серебристая чайка,Larus argentatus,Серебристая чайка
281428082,research,https://www.inaturalist.org/observations/281428082,https://inaturalist-open-data.s3.amazonaws.com/photos/505547320/medium.jpg,Серебристая чайка,Larus argentatus,Серебристая чайка
281428084,research,https://www.inaturalist.org/observations/281428084,https://inaturalist-open-data.s3.amazonaws.com/photos/505547414/medium.jpg,Серебристая чайка,Larus argentatus,Серебристая чайка
281812192,research,https://www.inaturalist.org/observations/281812192,https://inaturalist-open-data.s3.amazonaws.com/photos/506265960/medium.jpg,Серебристая чайка,Larus argentatus,Серебристая чайка
281825455,research,https://www.inaturalist.org/observations/281825455,https://inaturalist-open-data.s3.amazonaws.com/photos/506288340/medium.jpg,Серебристая чайка,Larus argentatus,Серебристая чайка
281825939,research,https://www.inaturalist.org/observations/281825939,https://inaturalist-open-data.s3.amazonaws.com/photos/506289257/medium.jpg,Серебристая чайка,Larus argentatus,Серебристая чайка
283338504,research,https://www.inaturalist.org/observations/283338504,https://inaturalist-open-data.s3.amazonaws.com/photos/509111869/medium.jpg,Серебристая чайка,Larus argentatus,Серебристая чайка
283928873,needs_id,https://www.inaturalist.org/observations/283928873,https://inaturalist-open-data.s3.amazonaws.com/photos/510218593/medium.jpg,,Larus argentatus,Серебристая чайка
284351075,research,https://www.inaturalist.org/observations/284351075,https://inaturalist-open-data.s3.amazonaws.com/photos/511014223/medium.jpg,Серебристая чайка,Larus argentatus,Серебристая чайка
284537375,research,https://www.inaturalist.org/observations/284537375,https://inaturalist-open-data.s3.amazonaws.com/photos/511375595/medium.jpg,Серебристая чайка,Larus argentatus,Серебристая чайка
284866042,research,https://www.inaturalist.org/observations/284866042,https://inaturalist-open-data.s3.amazonaws.com/photos/511989650/medium.jpg,Серебристая чайка,Larus argentatus,Серебристая чайка
284868587,research,https://www.inaturalist.org/observations/284868587,https://inaturalist-open-data.s3.amazonaws.com/photos/511997898/medium.jpg,Серебристая чайка,Larus argentatus,Серебристая чайка
286288615,research,https://www.inaturalist.org/observations/286288615,https://inaturalist-open-data.s3.amazonaws.com/photos/514661126/medium.jpg,Серебристая чайка,Larus argentatus,Серебристая чайка
286328170,research,https://www.inaturalist.org/observations/286328170,https://inaturalist-open-data.s3.amazonaws.com/photos/514734322/medium.jpg,Серебристая чайка,Larus argentatus,Серебристая чайка
287408710,research,https://www.inaturalist.org/observations/287408710,https://inaturalist-open-data.s3.amazonaws.com/photos/516777293/medium.jpg,Серебристая чайка,Larus argentatus,Серебристая чайка
287510147,research,https://www.inaturalist.org/observations/287510147,https://inaturalist-open-data.s3.amazonaws.com/photos/516971455/medium.jpg,Серебристая чайка,Larus argentatus,Серебристая чайка
287636312,research,https://www.inaturalist.org/observations/287636312,https://static.inaturalist.org/photos/517196690/medium.jpg,Серебристая чайка,Larus argentatus,Серебристая чайка
289510188,research,https://www.inaturalist.org/observations/289510188,https://inaturalist-open-data.s3.amazonaws.com/photos/520727703/medium.jpg,Серебристая чайка,Larus argentatus,Серебристая чайка
290692145,research,https://www.inaturalist.org/observations/290692145,https://inaturalist-open-data.s3.amazonaws.com/photos/522958214/medium.jpg,Серебристая чайка,Larus argentatus,Серебристая чайка
290963534,research,https://www.inaturalist.org/observations/290963534,https://inaturalist-open-data.s3.amazonaws.com/photos/523466697/medium.jpg,Серебристая чайка,Larus argentatus,Серебристая чайка
291416001,research,https://www.inaturalist.org/observations/291416001,https://inaturalist-open-data.s3.amazonaws.com/photos/524325467/medium.jpg,Серебристая чайка,Larus argentatus,Серебристая чайка
291416661,research,https://www.inaturalist.org/observations/291416661,https://inaturalist-open-data.s3.amazonaws.com/photos/524327329/medium.jpg,Серебристая чайка,Larus argentatus,Серебристая чайка
291565225,research,https://www.inaturalist.org/observations/291565225,https://static.inaturalist.org/photos/524596087/medium.jpg,Серебристая чайка,Larus argentatus,Серебристая чайка
291766360,research,https://www.inaturalist.org/observations/291766360,https://inaturalist-open-data.s3.amazonaws.com/photos/524979439/medium.jpg,Серебристая чайка,Larus argentatus,Серебристая чайка
291799274,research,https://www.inaturalist.org/observations/291799274,https://inaturalist-open-data.s3.amazonaws.com/photos/525038670/medium.jpg,Серебристая чайка,Larus argentatus,Серебристая чайка
292661238,research,https://www.inaturalist.org/observations/292661238,https://inaturalist-open-data.s3.amazonaws.com/photos/526682607/medium.jpg,Серебристая чайка,Larus argentatus,Серебристая чайка
292817569,research,https://www.inaturalist.org/observations/292817569,https://inaturalist-open-data.s3.amazonaws.com/photos/526986484/medium.jpg,Серебристая чайка,Larus argentatus,Серебристая чайка
292841898,research,https://www.inaturalist.org/observations/292841898,https://inaturalist-open-data.s3.amazonaws.com/photos/527029337/medium.jpg,Серебристая чайка,Larus argentatus,Серебристая чайка
293337442,research,https://www.inaturalist.org/observations/293337442,https://inaturalist-open-data.s3.amazonaws.com/photos/527967146/medium.jpg,Серебристая чайка,Larus argentatus,Серебристая чайка
293557238,research,https://www.inaturalist.org/observations/293557238,https://inaturalist-open-data.s3.amazonaws.com/photos/528371149/medium.jpg,Серебристая чайка,Larus argentatus,Серебристая чайка
293726735,research,https://www.inaturalist.org/observations/293726735,https://inaturalist-open-data.s3.amazonaws.com/photos/528636589/medium.jpg,Серебристая чайка,Larus argentatus,Серебристая чайка
294059270,research,https://www.inaturalist.org/observations/294059270,https://inaturalist-open-data.s3.amazonaws.com/photos/529260635/medium.jpg,Серебристая чайка,Larus argentatus,Серебристая чайка
294273189,research,https://www.inaturalist.org/observations/294273189,https://inaturalist-open-data.s3.amazonaws.com/photos/529667570/medium.jpg,Серебристая чайка,Larus argentatus,Серебристая чайка
294349116,research,https://www.inaturalist.org/observations/294349116,https://inaturalist-open-data.s3.amazonaws.com/photos/529805022/medium.jpg,Серебристая чайка,Larus argentatus,Серебристая чайка
294655358,research,https://www.inaturalist.org/observations/294655358,https://static.inaturalist.org/photos/530373716/medium.jpg,Серебристая чайка,Larus argentatus,Серебристая чайка
294918641,research,https://www.inaturalist.org/observations/294918641,https://inaturalist-open-data.s3.amazonaws.com/photos/530878108/medium.jpg,Серебристая чайка,Larus argentatus,Серебристая чайка
295731529,research,https://www.inaturalist.org/observations/295731529,https://inaturalist-open-data.s3.amazonaws.com/photos/532415223/medium.jpg,Серебристая чайка,Larus argentatus,Серебристая чайка
296545344,research,https://www.inaturalist.org/observations/296545344,https://inaturalist-open-data.s3.amazonaws.com/photos/533971318/medium.jpg,Серебристая чайка,Larus argentatus,Серебристая чайка
296619893,research,https://www.inaturalist.org/observations/296619893,https://inaturalist-open-data.s3.amazonaws.com/photos/534114752/medium.jpg,Серебристая чайка,Larus argentatus,Серебристая чайка
296785503,research,https://www.inaturalist.org/observations/296785503,https://inaturalist-open-data.s3.amazonaws.com/photos/534432921/medium.jpg,European Herring Gull,Larus argentatus,Серебристая чайка
297811174,research,https://www.inaturalist.org/observations/297811174,https://static.inaturalist.org/photos/536376386/medium.jpg,Серебристая чайка,Larus argentatus,Серебристая чайка
297848353,research,https://www.inaturalist.org/observations/297848353,https://inaturalist-open-data.s3.amazonaws.com/photos/536448156/medium.jpg,Серебристая чайка,Larus argentatus,Серебристая чайка
297883905,needs_id,https://www.inaturalist.org/observations/297883905,https://inaturalist-open-data.s3.amazonaws.com/photos/536512894/medium.jpg,"",Larus argentatus,Серебристая чайка
297967883,research,https://www.inaturalist.org/observations/297967883,https://static.inaturalist.org/photos/536669231/medium.jpg,Серебристая чайка,Larus argentatus,Серебристая чайка
298111799,research,https://www.inaturalist.org/observations/298111799,https://inaturalist-open-data.s3.amazonaws.com/photos/536949037/medium.jpg,Серебристая чайка,Larus argentatus,Серебристая чайка
298242977,research,https://www.inaturalist.org/observations/298242977,https://inaturalist-open-data.s3.amazonaws.com/photos/537191164/medium.jpg,Серебристая чайка,Larus argentatus,Серебристая чайка
298722253,research,https://www.inaturalist.org/observations/298722253,https://inaturalist-open-data.s3.amazonaws.com/photos/538112379/medium.jpg,Серебристая чайка,Larus argentatus,Серебристая чайка
298833821,research,https://www.inaturalist.org/observations/298833821,https://static.inaturalist.org/photos/538325917/medium.jpg,European Herring Gull,Larus argentatus,Серебристая чайка
298925635,research,https://www.inaturalist.org/observations/298925635,https://inaturalist-open-data.s3.amazonaws.com/photos/538501776/medium.jpg,European Herring Gull,Larus argentatus,Серебристая чайка
298942633,research,https://www.inaturalist.org/observations/298942633,https://inaturalist-open-data.s3.amazonaws.com/photos/538532985/medium.jpg,Серебристая чайка,Larus argentatus,Серебристая чайка
299025686,needs_id,https://www.inaturalist.org/observations/299025686,https://inaturalist-open-data.s3.amazonaws.com/photos/538691617/medium.jpg,Серебристая чайка,Larus argentatus,Серебристая чайка
299474423,research,https://www.inaturalist.org/observations/299474423,https://inaturalist-open-data.s3.amazonaws.com/photos/539527615/medium.jpg,Серебристая чайка,Larus argentatus,Серебристая чайка
299474425,research,https://www.inaturalist.org/observations/299474425,https://inaturalist-open-data.s3.amazonaws.com/photos/539527633/medium.jpg,Серебристая чайка,Larus argentatus,Серебристая чайка
300362849,research,https://www.inaturalist.org/observations/300362849,https://inaturalist-open-data.s3.amazonaws.com/photos/541191174/medium.jpg,Серебристая чайка,Larus argentatus,Серебристая чайка
300983944,research,https://www.inaturalist.org/observations/300983944,https://inaturalist-open-data.s3.amazonaws.com/photos/542343364/medium.jpg,Серебристая чайка,Larus argentatus,Серебристая чайка
301213312,needs_id,https://www.inaturalist.org/observations/301213312,https://inaturalist-open-data.s3.amazonaws.com/photos/542768407/medium.jpg,Серебристая чайка,Larus argentatus,Серебристая чайка
301349929,research,https://www.inaturalist.org/observations/301349929,https://inaturalist-open-data.s3.amazonaws.com/photos/543019492/medium.jpg,Серебристая чайка,Larus argentatus,Серебристая чайка
301514155,needs_id,https://www.inaturalist.org/observations/301514155,https://inaturalist-open-data.s3.amazonaws.com/photos/543329915/medium.jpg,Серебристая чайка,Larus argentatus,Серебристая чайка
301542994,needs_id,https://www.inaturalist.org/observations/301542994,https://inaturalist-open-data.s3.amazonaws.com/photos/543383398/medium.jpg,Серебристая чайка,Larus argentatus,Серебристая чайка
301804489,needs_id,https://www.inaturalist.org/observations/301804489,https://static.inaturalist.org/photos/543875074/medium.jpg,Серебристая чайка,Larus argentatus,Серебристая чайка
302052190,research,https://www.inaturalist.org/observations/302052190,https://inaturalist-open-data.s3.amazonaws.com/photos/544341538/medium.jpg,European Herring Gull,Larus argentatus,Серебристая чайка
302408153,research,https://www.inaturalist.org/observations/302408153,https://static.inaturalist.org/photos/545000736/medium.jpg,Серебристая чайка,Larus argentatus,Серебристая чайка
302618306,research,https://www.inaturalist.org/observations/302618306,https://inaturalist-open-data.s3.amazonaws.com/photos/545385024/medium.jpg,Серебристая чайка,Larus argentatus,Серебристая чайка
303362902,research,https://www.inaturalist.org/observations/303362902,https://static.inaturalist.org/photos/546777436/medium.jpg,Серебристая чайка,Larus argentatus,Серебристая чайка
303487950,research,https://www.inaturalist.org/observations/303487950,https://inaturalist-open-data.s3.amazonaws.com/photos/547009492/medium.jpg,Серебристая чайка,Larus argentatus,Серебристая чайка
304008883,needs_id,https://www.inaturalist.org/observations/304008883,https://inaturalist-open-data.s3.amazonaws.com/photos/548002136/medium.jpg,Серебристая чайка,Larus argentatus,Серебристая чайка
304015367,needs_id,https://www.inaturalist.org/observations/304015367,https://inaturalist-open-data.s3.amazonaws.com/photos/548014921/medium.jpg,Серебристая чайка,Larus argentatus,Серебристая чайка
304278230,research,https://www.inaturalist.org/observations/304278230,https://inaturalist-open-data.s3.amazonaws.com/photos/548510484/medium.jpg,Серебристая чайка,Larus argentatus,Серебристая чайка
304289266,research,https://www.inaturalist.org/observations/304289266,https://inaturalist-open-data.s3.amazonaws.com/photos/548531105/medium.jpg,Серебристая чайка,Larus argentatus,Серебристая чайка
304460016,research,https://www.inaturalist.org/observations/304460016,https://static.inaturalist.org/photos/548867241/medium.jpg,European Herring Gull,Larus argentatus,Серебристая чайка
305149529,research,https://www.inaturalist.org/observations/305149529,https://inaturalist-open-data.s3.amazonaws.com/photos/550165464/medium.jpg,Серебристая чайка,Larus argentatus,Серебристая чайка
305153356,research,https://www.inaturalist.org/observations/305153356,https://inaturalist-open-data.s3.amazonaws.com/photos/550172660/medium.jpg,Серебристая чайка,Larus argentatus,Серебристая чайка
305276618,research,https://www.inaturalist.org/observations/305276618,https://static.inaturalist.org/photos/550404682/medium.jpg,Серебристая чайка,Larus argentatus,Серебристая чайка
305573367,research,https://www.inaturalist.org/observations/305573367,https://inaturalist-open-data.s3.amazonaws.com/photos/550969279/medium.jpg,Серебристая чайка,Larus argentatus,Серебристая чайка
305922291,research,https://www.inaturalist.org/observations/305922291,https://inaturalist-open-data.s3.amazonaws.com/photos/551637335/medium.jpg,Серебристая чайка,Larus argentatus,Серебристая чайка
306278956,needs_id,https://www.inaturalist.org/observations/306278956,https://inaturalist-open-data.s3.amazonaws.com/photos/552443279/medium.jpg,Серебристая чайка,Larus argentatus,Серебристая чайка
306715150,needs_id,https://www.inaturalist.org/observations/306715150,https://inaturalist-open-data.s3.amazonaws.com/photos/553147240/medium.jpg,Серебристая чайка,Larus argentatus,Серебристая чайка
306715630,research,https://www.inaturalist.org/observations/306715630,https://inaturalist-open-data.s3.amazonaws.com/photos/553148318/medium.jpg,Серебристая чайка,Larus argentatus,Серебристая чайка
306716266,research,https://www.inaturalist.org/observations/306716266,https://inaturalist-open-data.s3.amazonaws.com/photos/553149706/medium.jpg,Серебристая чайка,Larus argentatus,Серебристая чайка
306977558,research,https://www.inaturalist.org/observations/306977558,https://inaturalist-open-data.s3.amazonaws.com/photos/553647267/medium.jpg,Серебристая чайка,Larus argentatus,Серебристая чайка
307118688,research,https://www.inaturalist.org/observations/307118688,https://inaturalist-open-data.s3.amazonaws.com/photos/553911106/medium.jpg,Серебристая чайка,Larus argentatus,Серебристая чайка
307245744,research,https://www.inaturalist.org/observations/307245744,https://static.inaturalist.org/photos/554160867/medium.jpg,European Herring Gull,Larus argentatus,Серебристая чайка
308389948,research,https://www.inaturalist.org/observations/308389948,https://inaturalist-open-data.s3.amazonaws.com/photos/556376128/medium.jpg,Серебристая чайка,Larus argentatus,Серебристая чайка
310440180,research,https://www.inaturalist.org/observations/310440180,https://static.inaturalist.org/photos/560289815/medium.jpg,Серебристая чайка,Larus argentatus,Серебристая чайка
310825963,needs_id,https://www.inaturalist.org/observations/310825963,https://inaturalist-open-data.s3.amazonaws.com/photos/561020826/medium.jpg,Серебристая Чайка,Larus argentatus,Серебристая чайка
311038386,needs_id,https://www.inaturalist.org/observations/311038386,https://inaturalist-open-data.s3.amazonaws.com/photos/561438713/medium.jpg,Серебристая чайка,Larus argentatus,Серебристая чайка
311042447,research,https://www.inaturalist.org/observations/311042447,https://inaturalist-open-data.s3.amazonaws.com/photos/561427602/medium.jpg,Серебристая чайка,Larus argentatus,Серебристая чайка
311504987,research,https://www.inaturalist.org/observations/311504987,https://inaturalist-open-data.s3.amazonaws.com/photos/562333721/medium.jpg,Серебристая чайка,Larus argentatus,Серебристая чайка
312001531,research,https://www.inaturalist.org/observations/312001531,https://static.inaturalist.org/photos/567650588/medium.jpg,Серебристая чайка,Larus argentatus,Серебристая чайка
312001725,research,https://www.inaturalist.org/observations/312001725,https://static.inaturalist.org/photos/563266616/medium.jpg,Серебристая чайка,Larus argentatus,Серебристая чайка
312686457,needs_id,https://www.inaturalist.org/observations/312686457,https://inaturalist-open-data.s3.amazonaws.com/photos/564586843/medium.jpg,,Larus argentatus,Серебристая чайка
312954007,research,https://www.inaturalist.org/observations/312954007,https://inaturalist-open-data.s3.amazonaws.com/photos/565099695/medium.jpg,Серебристая чайка,Larus argentatus,Серебристая чайка
313114062,research,https://www.inaturalist.org/observations/313114062,https://inaturalist-open-data.s3.amazonaws.com/photos/565409090/medium.jpg,Серебристая чайка,Larus argentatus,Серебристая чайка
313114409,research,https://www.inaturalist.org/observations/313114409,https://inaturalist-open-data.s3.amazonaws.com/photos/565409719/medium.jpg,Серебристая чайка,Larus argentatus,Серебристая чайка
313534834,research,https://www.inaturalist.org/observations/313534834,https://inaturalist-open-data.s3.amazonaws.com/photos/566216295/medium.jpg,Серебристая чайка,Larus argentatus,Серебристая чайка
313596994,research,https://www.inaturalist.org/observations/313596994,https://inaturalist-open-data.s3.amazonaws.com/photos/566325686/medium.jpg,Серебристая чайка,Larus argentatus,Серебристая чайка
313797557,research,https://www.inaturalist.org/observations/313797557,https://inaturalist-open-data.s3.amazonaws.com/photos/566710928/medium.jpg,Серебристая чайка,Larus argentatus,Серебристая чайка
315186284,research,https://www.inaturalist.org/observations/315186284,https://static.inaturalist.org/photos/569362502/medium.jpg,European Herring Gull,Larus argentatus,Серебристая чайка
315251942,research,https://www.inaturalist.org/observations/315251942,https://inaturalist-open-data.s3.amazonaws.com/photos/569484478/medium.jpg,European Herring Gull,Larus argentatus,Серебристая чайка
317023920,research,https://www.inaturalist.org/observations/317023920,https://inaturalist-open-data.s3.amazonaws.com/photos/572818425/medium.jpg,Серебристая чайка,Larus argentatus,Серебристая чайка
317058319,research,https://www.inaturalist.org/observations/317058319,https://inaturalist-open-data.s3.amazonaws.com/photos/572875368/medium.jpg,Серебристая чайка,Larus argentatus,Серебристая чайка
317364571,research,https://www.inaturalist.org/observations/317364571,https://inaturalist-open-data.s3.amazonaws.com/photos/573462183/medium.jpg,Серебристая чайка,Larus argentatus,Серебристая чайка
317605521,research,https://www.inaturalist.org/observations/317605521,https://inaturalist-open-data.s3.amazonaws.com/photos/573926114/medium.jpg,Серебристая чайка,Larus argentatus,Серебристая чайка
318211356,needs_id,https://www.inaturalist.org/observations/318211356,https://inaturalist-open-data.s3.amazonaws.com/photos/577271107/medium.jpg,,Larus argentatus,Серебристая чайка
318723152,research,https://www.inaturalist.org/observations/318723152,https://inaturalist-open-data.s3.amazonaws.com/photos/576060503/medium.jpg,Серебристая чайка,Larus argentatus,Серебристая чайка
318913121,research,https://www.inaturalist.org/observations/318913121,https://inaturalist-open-data.s3.amazonaws.com/photos/576429282/medium.jpg,Серебристая чайка,Larus argentatus,Серебристая чайка
319075435,research,https://www.inaturalist.org/observations/319075435,https://static.inaturalist.org/photos/576740421/medium.jpg,Серебристая чайка,Larus argentatus,Серебристая чайка
319075447,research,https://www.inaturalist.org/observations/319075447,https://static.inaturalist.org/photos/576740459/medium.jpg,Серебристая чайка,Larus argentatus,Серебристая чайка
319075448,research,https://www.inaturalist.org/observations/319075448,https://static.inaturalist.org/photos/576740507/medium.jpg,Серебристая чайка,Larus argentatus,Серебристая чайка
319510533,research,https://www.inaturalist.org/observations/319510533,https://inaturalist-open-data.s3.amazonaws.com/photos/577573892/medium.jpg,Серебристая чайка,Larus argentatus,Серебристая чайка
319578313,research,https://www.inaturalist.org/observations/319578313,https://inaturalist-open-data.s3.amazonaws.com/photos/577700375/medium.jpg,Серебристая чайка,Larus argentatus,Серебристая чайка
320401748,research,https://www.inaturalist.org/observations/320401748,https://inaturalist-open-data.s3.amazonaws.com/photos/579291704/medium.jpg,Серебристая чайка,Larus argentatus,Серебристая чайка
320596095,research,https://www.inaturalist.org/observations/320596095,https://inaturalist-open-data.s3.amazonaws.com/photos/579674239/medium.jpg,Серебристая чайка,Larus argentatus,Серебристая чайка
320639941,research,https://www.inaturalist.org/observations/320639941,https://static.inaturalist.org/photos/579758360/medium.jpg,Серебристая чайка,Larus argentatus,Серебристая чайка
320640130,research,https://www.inaturalist.org/observations/320640130,https://static.inaturalist.org/photos/579758726/medium.jpg,Серебристая чайка,Larus argentatus,Серебристая чайка
321253842,research,https://www.inaturalist.org/observations/321253842,https://inaturalist-open-data.s3.amazonaws.com/photos/580962591/medium.jpg,Серебристая чайка,Larus argentatus,Серебристая чайка
321465680,research,https://www.inaturalist.org/observations/321465680,https://inaturalist-open-data.s3.amazonaws.com/photos/581381164/medium.jpg,Серебристая чайка,Larus argentatus,Серебристая чайка
322492345,research,https://www.inaturalist.org/observations/322492345,https://inaturalist-open-data.s3.amazonaws.com/photos/583406994/medium.jpg,Серебристая чайка,Larus argentatus,Серебристая чайка
323171280,research,https://www.inaturalist.org/observations/323171280,https://inaturalist-open-data.s3.amazonaws.com/photos/584744715/medium.jpg,Серебристая чайка,Larus argentatus,Серебристая чайка
323235487,research,https://www.inaturalist.org/observations/323235487,https://inaturalist-open-data.s3.amazonaws.com/photos/584860923/medium.jpg,Серебристая чайка,Larus argentatus,Серебристая чайка
323235498,research,https://www.inaturalist.org/observations/323235498,https://inaturalist-open-data.s3.amazonaws.com/photos/584861111/medium.jpg,Серебристая чайка,Larus argentatus,Серебристая чайка
323235513,research,https://www.inaturalist.org/observations/323235513,https://inaturalist-open-data.s3.amazonaws.com/photos/584861193/medium.jpg,Серебристая чайка,Larus argentatus,Серебристая чайка
323792752,research,https://www.inaturalist.org/observations/323792752,https://static.inaturalist.org/photos/585943556/medium.jpg,European Herring Gull,Larus argentatus,Серебристая чайка
324043290,research,https://www.inaturalist.org/observations/324043290,https://inaturalist-open-data.s3.amazonaws.com/photos/586432024/medium.jpg,Серебристая чайка,Larus argentatus,Серебристая чайка
324154532,needs_id,https://www.inaturalist.org/observations/324154532,https://inaturalist-open-data.s3.amazonaws.com/photos/586637917/medium.jpg,Серебристая Чайка,Larus argentatus,Серебристая чайка
324154560,research,https://www.inaturalist.org/observations/324154560,https://inaturalist-open-data.s3.amazonaws.com/photos/586638202/medium.jpg,Серебристая чайка,Larus argentatus,Серебристая чайка
324702632,research,https://www.inaturalist.org/observations/324702632,https://inaturalist-open-data.s3.amazonaws.com/photos/587755466/medium.jpg,Серебристая чайка,Larus argentatus,Серебристая чайка
324755149,research,https://www.inaturalist.org/observations/324755149,https://inaturalist-open-data.s3.amazonaws.com/photos/587861121/medium.jpg,Серебристая чайка,Larus argentatus,Серебристая чайка
325174329,research,https://www.inaturalist.org/observations/325174329,https://inaturalist-open-data.s3.amazonaws.com/photos/588701471/medium.jpg,Серебристая чайка,Larus argentatus,Серебристая чайка
325174338,research,https://www.inaturalist.org/observations/325174338,https://inaturalist-open-data.s3.amazonaws.com/photos/588701517/medium.jpg,Серебристая чайка,Larus argentatus,Серебристая чайка
325900587,research,https://www.inaturalist.org/observations/325900587,https://inaturalist-open-data.s3.amazonaws.com/photos/590146922/medium.jpg,Серебристая чайка,Larus argentatus,Серебристая чайка
325902929,research,https://www.inaturalist.org/observations/325902929,https://inaturalist-open-data.s3.amazonaws.com/photos/590151863/medium.jpg,Серебристая чайка,Larus argentatus,Серебристая чайка
326222605,research,https://www.inaturalist.org/observations/326222605,https://inaturalist-open-data.s3.amazonaws.com/photos/590788035/medium.jpg,Серебристая чайка,Larus argentatus,Серебристая чайка
326578332,research,https://www.inaturalist.org/observations/326578332,https://static.inaturalist.org/photos/591499870/medium.jpg,Серебристая чайка,Larus argentatus,Серебристая чайка
326597650,research,https://www.inaturalist.org/observations/326597650,https://inaturalist-open-data.s3.amazonaws.com/photos/591537908/medium.jpg,Серебристая чайка,Larus argentatus,Серебристая чайка
327160539,research,https://www.inaturalist.org/observations/327160539,https://inaturalist-open-data.s3.amazonaws.com/photos/592651730/medium.jpg,Серебристая чайка,Larus argentatus,Серебристая чайка
328200967,research,https://www.inaturalist.org/observations/328200967,https://inaturalist-open-data.s3.amazonaws.com/photos/594675610/medium.jpg,European Herring Gull,Larus argentatus,Серебристая чайка
328356338,research,https://www.inaturalist.org/observations/328356338,https://inaturalist-open-data.s3.amazonaws.com/photos/594985398/medium.jpg,Серебристая чайка,Larus argentatus,Серебристая чайка
328474937,research,https://www.inaturalist.org/observations/328474937,https://inaturalist-open-data.s3.amazonaws.com/photos/595228960/medium.jpg,Серебристая чайка,Larus argentatus,Серебристая чайка
328981964,research,https://www.inaturalist.org/observations/328981964,https://inaturalist-open-data.s3.amazonaws.com/photos/596248953/medium.jpg,European Herring Gull,Larus argentatus,Серебристая чайка
328981966,research,https://www.inaturalist.org/observations/328981966,https://inaturalist-open-data.s3.amazonaws.com/photos/596248953/medium.jpg,European Herring Gull,Larus argentatus,Серебристая чайка
328981967,research,https://www.inaturalist.org/observations/328981967,https://inaturalist-open-data.s3.amazonaws.com/photos/596248953/medium.jpg,European Herring Gull,Larus argentatus,Серебристая чайка
330101561,research,https://www.inaturalist.org/observations/330101561,https://inaturalist-open-data.s3.amazonaws.com/photos/598508719/medium.jpg,Серебристая чайка,Larus argentatus,Серебристая чайка
330568815,research,https://www.inaturalist.org/observations/330568815,https://inaturalist-open-data.s3.amazonaws.com/photos/599466947/medium.jpg,Серебристая чайка,Larus argentatus,Серебристая чайка
330863765,needs_id,https://www.inaturalist.org/observations/330863765,https://static.inaturalist.org/photos/600073127/medium.jpg,Серебристая чайка,Larus argentatus,Серебристая чайка
330864023,needs_id,https://www.inaturalist.org/observations/330864023,https://static.inaturalist.org/photos/600073689/medium.jpg,Серебристая чайка,Larus argentatus,Серебристая чайка
330875424,research,https://www.inaturalist.org/observations/330875424,https://inaturalist-open-data.s3.amazonaws.com/photos/600097700/medium.jpg,Серебристая чайка,Larus argentatus,Серебристая чайка
331052160,research,https://www.inaturalist.org/observations/331052160,https://inaturalist-open-data.s3.amazonaws.com/photos/600464766/medium.jpg,Серебристая чайка,Larus argentatus,Серебристая чайка
331207968,needs_id,https://www.inaturalist.org/observations/331207968,https://inaturalist-open-data.s3.amazonaws.com/photos/600785175/medium.jpg,Серебристая чайка,Larus argentatus,Серебристая чайка
331403599,research,https://www.inaturalist.org/observations/331403599,https://static.inaturalist.org/photos/601189109/medium.jpg,Серебристая чайка,Larus argentatus,Серебристая чайка
331403600,research,https://www.inaturalist.org/observations/331403600,https://static.inaturalist.org/photos/601189119/medium.jpg,Серебристая чайка,Larus argentatus,Серебристая чайка
331410971,needs_id,https://www.inaturalist.org/observations/331410971,https://static.inaturalist.org/photos/601204890/medium.jpg,Серебристая чайка,Larus argentatus,Серебристая чайка
